solid OpenSCAD_Model
  facet normal -1 0 0
    outer loop
      vertex 44.4 66 10
      vertex 44.4 68 24
      vertex 44.4 68 10
    endloop
  endfacet
  facet normal -1 -0 0
    outer loop
      vertex 44.4 68 24
      vertex 44.4 66 10
      vertex 44.4 66 24
    endloop
  endfacet
  facet normal 0 0 -1
    outer loop
      vertex 42 66 24
      vertex 44.4 68 24
      vertex 44.4 66 24
    endloop
  endfacet
  facet normal -0 0 -1
    outer loop
      vertex 44.4 68 24
      vertex 42 66 24
      vertex 42 68 24
    endloop
  endfacet
  facet normal -0 0 1
    outer loop
      vertex 42 68 10
      vertex 44.4 66 10
      vertex 44.4 68 10
    endloop
  endfacet
  facet normal 0 0 1
    outer loop
      vertex 44.4 66 10
      vertex 42 68 10
      vertex 42 66 10
    endloop
  endfacet
  facet normal 1 -0 0
    outer loop
      vertex 42 66 24
      vertex 42 68 10
      vertex 42 68 24
    endloop
  endfacet
  facet normal 1 0 0
    outer loop
      vertex 42 68 10
      vertex 42 66 24
      vertex 42 66 10
    endloop
  endfacet
  facet normal -1 0 0
    outer loop
      vertex 51.4 66 10
      vertex 51.4 68 24
      vertex 51.4 68 10
    endloop
  endfacet
  facet normal -1 -0 0
    outer loop
      vertex 51.4 68 24
      vertex 51.4 66 10
      vertex 51.4 66 24
    endloop
  endfacet
  facet normal 0 0 -1
    outer loop
      vertex 49 66 24
      vertex 51.4 68 24
      vertex 51.4 66 24
    endloop
  endfacet
  facet normal -0 0 -1
    outer loop
      vertex 51.4 68 24
      vertex 49 66 24
      vertex 49 68 24
    endloop
  endfacet
  facet normal -0 0 1
    outer loop
      vertex 49 68 10
      vertex 51.4 66 10
      vertex 51.4 68 10
    endloop
  endfacet
  facet normal 0 0 1
    outer loop
      vertex 51.4 66 10
      vertex 49 68 10
      vertex 49 66 10
    endloop
  endfacet
  facet normal 1 -0 0
    outer loop
      vertex 49 66 24
      vertex 49 68 10
      vertex 49 68 24
    endloop
  endfacet
  facet normal 1 0 0
    outer loop
      vertex 49 68 10
      vertex 49 66 24
      vertex 49 66 10
    endloop
  endfacet
  facet normal -1 0 0
    outer loop
      vertex 58.4 66 10
      vertex 58.4 68 24
      vertex 58.4 68 10
    endloop
  endfacet
  facet normal -1 -0 0
    outer loop
      vertex 58.4 68 24
      vertex 58.4 66 10
      vertex 58.4 66 24
    endloop
  endfacet
  facet normal 0 0 -1
    outer loop
      vertex 56 66 24
      vertex 58.4 68 24
      vertex 58.4 66 24
    endloop
  endfacet
  facet normal -0 0 -1
    outer loop
      vertex 58.4 68 24
      vertex 56 66 24
      vertex 56 68 24
    endloop
  endfacet
  facet normal -0 0 1
    outer loop
      vertex 56 68 10
      vertex 58.4 66 10
      vertex 58.4 68 10
    endloop
  endfacet
  facet normal 0 0 1
    outer loop
      vertex 58.4 66 10
      vertex 56 68 10
      vertex 56 66 10
    endloop
  endfacet
  facet normal 1 -0 0
    outer loop
      vertex 56 66 24
      vertex 56 68 10
      vertex 56 68 24
    endloop
  endfacet
  facet normal 1 0 0
    outer loop
      vertex 56 68 10
      vertex 56 66 24
      vertex 56 66 10
    endloop
  endfacet
  facet normal -1 0 0
    outer loop
      vertex 65.4 66 10
      vertex 65.4 68 24
      vertex 65.4 68 10
    endloop
  endfacet
  facet normal -1 -0 0
    outer loop
      vertex 65.4 68 24
      vertex 65.4 66 10
      vertex 65.4 66 24
    endloop
  endfacet
  facet normal 0 0 -1
    outer loop
      vertex 63 66 24
      vertex 65.4 68 24
      vertex 65.4 66 24
    endloop
  endfacet
  facet normal -0 0 -1
    outer loop
      vertex 65.4 68 24
      vertex 63 66 24
      vertex 63 68 24
    endloop
  endfacet
  facet normal -0 0 1
    outer loop
      vertex 63 68 10
      vertex 65.4 66 10
      vertex 65.4 68 10
    endloop
  endfacet
  facet normal 0 0 1
    outer loop
      vertex 65.4 66 10
      vertex 63 68 10
      vertex 63 66 10
    endloop
  endfacet
  facet normal 1 -0 0
    outer loop
      vertex 63 66 24
      vertex 63 68 10
      vertex 63 68 24
    endloop
  endfacet
  facet normal 1 0 0
    outer loop
      vertex 63 68 10
      vertex 63 66 24
      vertex 63 66 10
    endloop
  endfacet
  facet normal -1 0 0
    outer loop
      vertex 72.4 66 10
      vertex 72.4 68 24
      vertex 72.4 68 10
    endloop
  endfacet
  facet normal -1 -0 0
    outer loop
      vertex 72.4 68 24
      vertex 72.4 66 10
      vertex 72.4 66 24
    endloop
  endfacet
  facet normal 0 0 -1
    outer loop
      vertex 70 66 24
      vertex 72.4 68 24
      vertex 72.4 66 24
    endloop
  endfacet
  facet normal -0 0 -1
    outer loop
      vertex 72.4 68 24
      vertex 70 66 24
      vertex 70 68 24
    endloop
  endfacet
  facet normal -0 0 1
    outer loop
      vertex 70 68 10
      vertex 72.4 66 10
      vertex 72.4 68 10
    endloop
  endfacet
  facet normal 0 0 1
    outer loop
      vertex 72.4 66 10
      vertex 70 68 10
      vertex 70 66 10
    endloop
  endfacet
  facet normal 1 -0 0
    outer loop
      vertex 70 66 24
      vertex 70 68 10
      vertex 70 68 24
    endloop
  endfacet
  facet normal 1 0 0
    outer loop
      vertex 70 68 10
      vertex 70 66 24
      vertex 70 66 10
    endloop
  endfacet
  facet normal -1 0 0
    outer loop
      vertex 79.4 66 10
      vertex 79.4 68 24
      vertex 79.4 68 10
    endloop
  endfacet
  facet normal -1 -0 0
    outer loop
      vertex 79.4 68 24
      vertex 79.4 66 10
      vertex 79.4 66 24
    endloop
  endfacet
  facet normal 0 0 -1
    outer loop
      vertex 77 66 24
      vertex 79.4 68 24
      vertex 79.4 66 24
    endloop
  endfacet
  facet normal -0 0 -1
    outer loop
      vertex 79.4 68 24
      vertex 77 66 24
      vertex 77 68 24
    endloop
  endfacet
  facet normal -0 0 1
    outer loop
      vertex 77 68 10
      vertex 79.4 66 10
      vertex 79.4 68 10
    endloop
  endfacet
  facet normal 0 0 1
    outer loop
      vertex 79.4 66 10
      vertex 77 68 10
      vertex 77 66 10
    endloop
  endfacet
  facet normal 1 -0 0
    outer loop
      vertex 77 66 24
      vertex 77 68 10
      vertex 77 68 24
    endloop
  endfacet
  facet normal 1 0 0
    outer loop
      vertex 77 68 10
      vertex 77 66 24
      vertex 77 66 10
    endloop
  endfacet
  facet normal -1 0 0
    outer loop
      vertex 86.4 66 10
      vertex 86.4 68 24
      vertex 86.4 68 10
    endloop
  endfacet
  facet normal -1 -0 0
    outer loop
      vertex 86.4 68 24
      vertex 86.4 66 10
      vertex 86.4 66 24
    endloop
  endfacet
  facet normal 0 0 -1
    outer loop
      vertex 84 66 24
      vertex 86.4 68 24
      vertex 86.4 66 24
    endloop
  endfacet
  facet normal -0 0 -1
    outer loop
      vertex 86.4 68 24
      vertex 84 66 24
      vertex 84 68 24
    endloop
  endfacet
  facet normal -0 0 1
    outer loop
      vertex 84 68 10
      vertex 86.4 66 10
      vertex 86.4 68 10
    endloop
  endfacet
  facet normal 0 0 1
    outer loop
      vertex 86.4 66 10
      vertex 84 68 10
      vertex 84 66 10
    endloop
  endfacet
  facet normal 1 -0 0
    outer loop
      vertex 84 66 24
      vertex 84 68 10
      vertex 84 68 24
    endloop
  endfacet
  facet normal 1 0 0
    outer loop
      vertex 84 68 10
      vertex 84 66 24
      vertex 84 66 10
    endloop
  endfacet
  facet normal -1 0 0
    outer loop
      vertex 93.4 66 10
      vertex 93.4 68 24
      vertex 93.4 68 10
    endloop
  endfacet
  facet normal -1 -0 0
    outer loop
      vertex 93.4 68 24
      vertex 93.4 66 10
      vertex 93.4 66 24
    endloop
  endfacet
  facet normal 0 0 -1
    outer loop
      vertex 91 66 24
      vertex 93.4 68 24
      vertex 93.4 66 24
    endloop
  endfacet
  facet normal -0 0 -1
    outer loop
      vertex 93.4 68 24
      vertex 91 66 24
      vertex 91 68 24
    endloop
  endfacet
  facet normal -0 0 1
    outer loop
      vertex 91 68 10
      vertex 93.4 66 10
      vertex 93.4 68 10
    endloop
  endfacet
  facet normal 0 0 1
    outer loop
      vertex 93.4 66 10
      vertex 91 68 10
      vertex 91 66 10
    endloop
  endfacet
  facet normal 1 -0 0
    outer loop
      vertex 91 66 24
      vertex 91 68 10
      vertex 91 68 24
    endloop
  endfacet
  facet normal 1 0 0
    outer loop
      vertex 91 68 10
      vertex 91 66 24
      vertex 91 66 10
    endloop
  endfacet
  facet normal 0 1 -0
    outer loop
      vertex 65.75 50.1 0
      vertex 62.25 50.1 2
      vertex 65.75 50.1 2
    endloop
  endfacet
  facet normal 0 1 0
    outer loop
      vertex 62.25 50.1 2
      vertex 65.75 50.1 0
      vertex 62.25 50.1 0
    endloop
  endfacet
  facet normal 1 -0 0
    outer loop
      vertex 62.25 50.1 2
      vertex 62.25 51.9 0
      vertex 62.25 51.9 2
    endloop
  endfacet
  facet normal 1 0 0
    outer loop
      vertex 62.25 51.9 0
      vertex 62.25 50.1 2
      vertex 62.25 50.1 0
    endloop
  endfacet
  facet normal -1 0 0
    outer loop
      vertex 65.75 50.1 0
      vertex 65.75 51.9 2
      vertex 65.75 51.9 0
    endloop
  endfacet
  facet normal -1 -0 0
    outer loop
      vertex 65.75 51.9 2
      vertex 65.75 50.1 0
      vertex 65.75 50.1 2
    endloop
  endfacet
  facet normal 0 -1 0
    outer loop
      vertex 62.25 51.9 0
      vertex 65.75 51.9 2
      vertex 62.25 51.9 2
    endloop
  endfacet
  facet normal 0 -1 -0
    outer loop
      vertex 65.75 51.9 2
      vertex 62.25 51.9 0
      vertex 65.75 51.9 0
    endloop
  endfacet
  facet normal 0 1 -0
    outer loop
      vertex 65.75 58.1 0
      vertex 62.25 58.1 2
      vertex 65.75 58.1 2
    endloop
  endfacet
  facet normal 0 1 0
    outer loop
      vertex 62.25 58.1 2
      vertex 65.75 58.1 0
      vertex 62.25 58.1 0
    endloop
  endfacet
  facet normal 1 -0 0
    outer loop
      vertex 62.25 58.1 2
      vertex 62.25 59.9 0
      vertex 62.25 59.9 2
    endloop
  endfacet
  facet normal 1 0 0
    outer loop
      vertex 62.25 59.9 0
      vertex 62.25 58.1 2
      vertex 62.25 58.1 0
    endloop
  endfacet
  facet normal -1 0 0
    outer loop
      vertex 65.75 58.1 0
      vertex 65.75 59.9 2
      vertex 65.75 59.9 0
    endloop
  endfacet
  facet normal -1 -0 0
    outer loop
      vertex 65.75 59.9 2
      vertex 65.75 58.1 0
      vertex 65.75 58.1 2
    endloop
  endfacet
  facet normal 0 -1 0
    outer loop
      vertex 62.25 59.9 0
      vertex 65.75 59.9 2
      vertex 62.25 59.9 2
    endloop
  endfacet
  facet normal 0 -1 -0
    outer loop
      vertex 65.75 59.9 2
      vertex 62.25 59.9 0
      vertex 65.75 59.9 0
    endloop
  endfacet
  facet normal 0 -1 0
    outer loop
      vertex 84.25 51.9 0
      vertex 87.75 51.9 2
      vertex 84.25 51.9 2
    endloop
  endfacet
  facet normal 0 -1 -0
    outer loop
      vertex 87.75 51.9 2
      vertex 84.25 51.9 0
      vertex 87.75 51.9 0
    endloop
  endfacet
  facet normal 0 1 -0
    outer loop
      vertex 87.75 50.1 0
      vertex 84.25 50.1 2
      vertex 87.75 50.1 2
    endloop
  endfacet
  facet normal 0 1 0
    outer loop
      vertex 84.25 50.1 2
      vertex 87.75 50.1 0
      vertex 84.25 50.1 0
    endloop
  endfacet
  facet normal 1 -0 0
    outer loop
      vertex 84.25 50.1 2
      vertex 84.25 51.9 0
      vertex 84.25 51.9 2
    endloop
  endfacet
  facet normal 1 0 0
    outer loop
      vertex 84.25 51.9 0
      vertex 84.25 50.1 2
      vertex 84.25 50.1 0
    endloop
  endfacet
  facet normal -1 0 0
    outer loop
      vertex 87.75 50.1 0
      vertex 87.75 51.9 2
      vertex 87.75 51.9 0
    endloop
  endfacet
  facet normal -1 -0 0
    outer loop
      vertex 87.75 51.9 2
      vertex 87.75 50.1 0
      vertex 87.75 50.1 2
    endloop
  endfacet
  facet normal 0 -1 0
    outer loop
      vertex 84.25 59.9 0
      vertex 87.75 59.9 2
      vertex 84.25 59.9 2
    endloop
  endfacet
  facet normal 0 -1 -0
    outer loop
      vertex 87.75 59.9 2
      vertex 84.25 59.9 0
      vertex 87.75 59.9 0
    endloop
  endfacet
  facet normal 0 1 -0
    outer loop
      vertex 87.75 58.1 0
      vertex 84.25 58.1 2
      vertex 87.75 58.1 2
    endloop
  endfacet
  facet normal 0 1 0
    outer loop
      vertex 84.25 58.1 2
      vertex 87.75 58.1 0
      vertex 84.25 58.1 0
    endloop
  endfacet
  facet normal 1 -0 0
    outer loop
      vertex 84.25 58.1 2
      vertex 84.25 59.9 0
      vertex 84.25 59.9 2
    endloop
  endfacet
  facet normal 1 0 0
    outer loop
      vertex 84.25 59.9 0
      vertex 84.25 58.1 2
      vertex 84.25 58.1 0
    endloop
  endfacet
  facet normal -1 0 0
    outer loop
      vertex 87.75 58.1 0
      vertex 87.75 59.9 2
      vertex 87.75 59.9 0
    endloop
  endfacet
  facet normal -1 -0 0
    outer loop
      vertex 87.75 59.9 2
      vertex 87.75 58.1 0
      vertex 87.75 58.1 2
    endloop
  endfacet
  facet normal 0 -1 0
    outer loop
      vertex 89.75 7.5 0
      vertex 93.25 7.5 2
      vertex 89.75 7.5 2
    endloop
  endfacet
  facet normal 0 -1 -0
    outer loop
      vertex 93.25 7.5 2
      vertex 89.75 7.5 0
      vertex 93.25 7.5 0
    endloop
  endfacet
  facet normal 0 1 -0
    outer loop
      vertex 93.25 5.7 0
      vertex 89.75 5.7 2
      vertex 93.25 5.7 2
    endloop
  endfacet
  facet normal 0 1 0
    outer loop
      vertex 89.75 5.7 2
      vertex 93.25 5.7 0
      vertex 89.75 5.7 0
    endloop
  endfacet
  facet normal 1 -0 0
    outer loop
      vertex 89.75 5.7 2
      vertex 89.75 7.5 0
      vertex 89.75 7.5 2
    endloop
  endfacet
  facet normal 1 0 0
    outer loop
      vertex 89.75 7.5 0
      vertex 89.75 5.7 2
      vertex 89.75 5.7 0
    endloop
  endfacet
  facet normal -1 0 0
    outer loop
      vertex 93.25 5.7 0
      vertex 93.25 7.5 2
      vertex 93.25 7.5 0
    endloop
  endfacet
  facet normal -1 -0 0
    outer loop
      vertex 93.25 7.5 2
      vertex 93.25 5.7 0
      vertex 93.25 5.7 2
    endloop
  endfacet
  facet normal 0 -1 0
    outer loop
      vertex 89.75 19.5 0
      vertex 93.25 19.5 2
      vertex 89.75 19.5 2
    endloop
  endfacet
  facet normal 0 -1 -0
    outer loop
      vertex 93.25 19.5 2
      vertex 89.75 19.5 0
      vertex 93.25 19.5 0
    endloop
  endfacet
  facet normal 0 1 -0
    outer loop
      vertex 93.25 17.7 0
      vertex 89.75 17.7 2
      vertex 93.25 17.7 2
    endloop
  endfacet
  facet normal 0 1 0
    outer loop
      vertex 89.75 17.7 2
      vertex 93.25 17.7 0
      vertex 89.75 17.7 0
    endloop
  endfacet
  facet normal 1 -0 0
    outer loop
      vertex 89.75 17.7 2
      vertex 89.75 19.5 0
      vertex 89.75 19.5 2
    endloop
  endfacet
  facet normal 1 0 0
    outer loop
      vertex 89.75 19.5 0
      vertex 89.75 17.7 2
      vertex 89.75 17.7 0
    endloop
  endfacet
  facet normal -1 0 0
    outer loop
      vertex 93.25 17.7 0
      vertex 93.25 19.5 2
      vertex 93.25 19.5 0
    endloop
  endfacet
  facet normal -1 -0 0
    outer loop
      vertex 93.25 19.5 2
      vertex 93.25 17.7 0
      vertex 93.25 17.7 2
    endloop
  endfacet
  facet normal -1 0 0
    outer loop
      vertex 102.9 36.25 0
      vertex 102.9 39.75 2
      vertex 102.9 39.75 0
    endloop
  endfacet
  facet normal -1 -0 0
    outer loop
      vertex 102.9 39.75 2
      vertex 102.9 36.25 0
      vertex 102.9 36.25 2
    endloop
  endfacet
  facet normal 1 -0 0
    outer loop
      vertex 101.1 36.25 2
      vertex 101.1 39.75 0
      vertex 101.1 39.75 2
    endloop
  endfacet
  facet normal 1 0 0
    outer loop
      vertex 101.1 39.75 0
      vertex 101.1 36.25 2
      vertex 101.1 36.25 0
    endloop
  endfacet
  facet normal 0 -1 0
    outer loop
      vertex 101.1 39.75 0
      vertex 102.9 39.75 2
      vertex 101.1 39.75 2
    endloop
  endfacet
  facet normal 0 -1 -0
    outer loop
      vertex 102.9 39.75 2
      vertex 101.1 39.75 0
      vertex 102.9 39.75 0
    endloop
  endfacet
  facet normal 0 1 -0
    outer loop
      vertex 102.9 36.25 0
      vertex 101.1 36.25 2
      vertex 102.9 36.25 2
    endloop
  endfacet
  facet normal 0 1 0
    outer loop
      vertex 101.1 36.25 2
      vertex 102.9 36.25 0
      vertex 101.1 36.25 0
    endloop
  endfacet
  facet normal -1 0 0
    outer loop
      vertex 108.9 36.25 0
      vertex 108.9 39.75 2
      vertex 108.9 39.75 0
    endloop
  endfacet
  facet normal -1 -0 0
    outer loop
      vertex 108.9 39.75 2
      vertex 108.9 36.25 0
      vertex 108.9 36.25 2
    endloop
  endfacet
  facet normal 1 -0 0
    outer loop
      vertex 107.1 36.25 2
      vertex 107.1 39.75 0
      vertex 107.1 39.75 2
    endloop
  endfacet
  facet normal 1 0 0
    outer loop
      vertex 107.1 39.75 0
      vertex 107.1 36.25 2
      vertex 107.1 36.25 0
    endloop
  endfacet
  facet normal 0 -1 0
    outer loop
      vertex 107.1 39.75 0
      vertex 108.9 39.75 2
      vertex 107.1 39.75 2
    endloop
  endfacet
  facet normal 0 -1 -0
    outer loop
      vertex 108.9 39.75 2
      vertex 107.1 39.75 0
      vertex 108.9 39.75 0
    endloop
  endfacet
  facet normal 0 1 -0
    outer loop
      vertex 108.9 36.25 0
      vertex 107.1 36.25 2
      vertex 108.9 36.25 2
    endloop
  endfacet
  facet normal 0 1 0
    outer loop
      vertex 107.1 36.25 2
      vertex 108.9 36.25 0
      vertex 107.1 36.25 0
    endloop
  endfacet
  facet normal 0.441732 -0.897147 0
    outer loop
      vertex 112.765 0.152241 0
      vertex 113 0.267949 42
      vertex 112.765 0.152241 42
    endloop
  endfacet
  facet normal 0.441732 -0.897147 0
    outer loop
      vertex 113 0.267949 42
      vertex 112.765 0.152241 0
      vertex 113 0.267949 0
    endloop
  endfacet
  facet normal 0 -1 0
    outer loop
      vertex 61.5693 0 6.72823
      vertex 84.2 0 0
      vertex 62 0 6.7
    endloop
  endfacet
  facet normal 0 -1 0
    outer loop
      vertex 62 0 6.7
      vertex 84.2 0 0
      vertex 84.2 0 3
    endloop
  endfacet
  facet normal 0 -1 0
    outer loop
      vertex 2 0 42
      vertex 62 0 13.3
      vertex 112 0 42
    endloop
  endfacet
  facet normal 0 -1 0
    outer loop
      vertex 2 0 42
      vertex 61.5693 0 13.2718
      vertex 62 0 13.3
    endloop
  endfacet
  facet normal 0 -1 0
    outer loop
      vertex 2 0 42
      vertex 61.1459 0 13.1876
      vertex 61.5693 0 13.2718
    endloop
  endfacet
  facet normal 0 -1 0
    outer loop
      vertex 2 0 42
      vertex 60.7371 0 13.0488
      vertex 61.1459 0 13.1876
    endloop
  endfacet
  facet normal 0 -1 0
    outer loop
      vertex 2 0 42
      vertex 60.35 0 12.8579
      vertex 60.7371 0 13.0488
    endloop
  endfacet
  facet normal 0 -1 0
    outer loop
      vertex 2 0 42
      vertex 59.9911 0 12.6181
      vertex 60.35 0 12.8579
    endloop
  endfacet
  facet normal 0 -1 0
    outer loop
      vertex 2 0 42
      vertex 59.6665 0 12.3335
      vertex 59.9911 0 12.6181
    endloop
  endfacet
  facet normal 0 -1 0
    outer loop
      vertex 29.8 0 3
      vertex 59.6665 0 12.3335
      vertex 2 0 42
    endloop
  endfacet
  facet normal 0 -1 0
    outer loop
      vertex 59.6665 0 12.3335
      vertex 29.8 0 3
      vertex 59.3819 0 12.0089
    endloop
  endfacet
  facet normal 0 -1 0
    outer loop
      vertex 59.3819 0 12.0089
      vertex 29.8 0 3
      vertex 59.1421 0 11.65
    endloop
  endfacet
  facet normal 0 -1 0
    outer loop
      vertex 59.1421 0 11.65
      vertex 29.8 0 3
      vertex 58.9512 0 11.2629
    endloop
  endfacet
  facet normal 0 -1 0
    outer loop
      vertex 58.9512 0 11.2629
      vertex 29.8 0 3
      vertex 58.8124 0 10.8541
    endloop
  endfacet
  facet normal 0 -1 0
    outer loop
      vertex 58.8124 0 10.8541
      vertex 29.8 0 3
      vertex 58.7282 0 10.4307
    endloop
  endfacet
  facet normal 0 -1 0
    outer loop
      vertex 58.7282 0 10.4307
      vertex 29.8 0 3
      vertex 58.7 0 10
    endloop
  endfacet
  facet normal 0 -1 -0
    outer loop
      vertex 58.7 0 10
      vertex 29.8 0 3
      vertex 58.7282 0 9.56926
    endloop
  endfacet
  facet normal 0 -1 -0
    outer loop
      vertex 58.7282 0 9.56926
      vertex 29.8 0 3
      vertex 58.8124 0 9.1459
    endloop
  endfacet
  facet normal 0 -1 -0
    outer loop
      vertex 58.8124 0 9.1459
      vertex 29.8 0 3
      vertex 58.9512 0 8.73714
    endloop
  endfacet
  facet normal 0 -1 -0
    outer loop
      vertex 58.9512 0 8.73714
      vertex 29.8 0 3
      vertex 59.1421 0 8.35
    endloop
  endfacet
  facet normal 0 -1 0
    outer loop
      vertex 29.8 0 0
      vertex 59.1421 0 8.35
      vertex 29.8 0 3
    endloop
  endfacet
  facet normal 0 -1 -0
    outer loop
      vertex 59.1421 0 8.35
      vertex 29.8 0 0
      vertex 59.3819 0 7.99109
    endloop
  endfacet
  facet normal 0 -1 -0
    outer loop
      vertex 59.3819 0 7.99109
      vertex 29.8 0 0
      vertex 59.6665 0 7.66655
    endloop
  endfacet
  facet normal 0 -1 -0
    outer loop
      vertex 60.7371 0 6.9512
      vertex 29.8 0 0
      vertex 61.1459 0 6.81244
    endloop
  endfacet
  facet normal 0 -1 -0
    outer loop
      vertex 60.35 0 7.14212
      vertex 29.8 0 0
      vertex 60.7371 0 6.9512
    endloop
  endfacet
  facet normal 0 -1 -0
    outer loop
      vertex 59.9911 0 7.38193
      vertex 29.8 0 0
      vertex 60.35 0 7.14212
    endloop
  endfacet
  facet normal 0 -1 -0
    outer loop
      vertex 59.6665 0 7.66655
      vertex 29.8 0 0
      vertex 59.9911 0 7.38193
    endloop
  endfacet
  facet normal 0 -1 0
    outer loop
      vertex 29.8 0 3
      vertex 2 0 42
      vertex 15.8 0 3
    endloop
  endfacet
  facet normal 0 -1 0
    outer loop
      vertex 2 0 0
      vertex 15.8 0 3
      vertex 2 0 42
    endloop
  endfacet
  facet normal 0 -1 -0
    outer loop
      vertex 15.8 0 3
      vertex 2 0 0
      vertex 15.8 0 0
    endloop
  endfacet
  facet normal 0 -1 0
    outer loop
      vertex 62.4307 0 13.2718
      vertex 112 0 42
      vertex 62 0 13.3
    endloop
  endfacet
  facet normal 0 -1 0
    outer loop
      vertex 62.8541 0 13.1876
      vertex 112 0 42
      vertex 62.4307 0 13.2718
    endloop
  endfacet
  facet normal 0 -1 0
    outer loop
      vertex 63.2629 0 13.0488
      vertex 112 0 42
      vertex 62.8541 0 13.1876
    endloop
  endfacet
  facet normal 0 -1 0
    outer loop
      vertex 63.65 0 12.8579
      vertex 112 0 42
      vertex 63.2629 0 13.0488
    endloop
  endfacet
  facet normal 0 -1 0
    outer loop
      vertex 64.0089 0 12.6181
      vertex 112 0 42
      vertex 63.65 0 12.8579
    endloop
  endfacet
  facet normal 0 -1 0
    outer loop
      vertex 64.3335 0 12.3335
      vertex 112 0 42
      vertex 64.0089 0 12.6181
    endloop
  endfacet
  facet normal 0 -1 0
    outer loop
      vertex 84.2 0 3
      vertex 64.3335 0 12.3335
      vertex 64.6181 0 12.0089
    endloop
  endfacet
  facet normal 0 -1 0
    outer loop
      vertex 84.2 0 3
      vertex 64.6181 0 12.0089
      vertex 64.8579 0 11.65
    endloop
  endfacet
  facet normal 0 -1 0
    outer loop
      vertex 84.2 0 3
      vertex 64.8579 0 11.65
      vertex 65.0488 0 11.2629
    endloop
  endfacet
  facet normal 0 -1 0
    outer loop
      vertex 84.2 0 3
      vertex 65.0488 0 11.2629
      vertex 65.1876 0 10.8541
    endloop
  endfacet
  facet normal 0 -1 0
    outer loop
      vertex 84.2 0 3
      vertex 65.1876 0 10.8541
      vertex 65.2718 0 10.4307
    endloop
  endfacet
  facet normal 0 -1 0
    outer loop
      vertex 84.2 0 3
      vertex 65.2718 0 10.4307
      vertex 65.3 0 10
    endloop
  endfacet
  facet normal 0 -1 0
    outer loop
      vertex 84.2 0 3
      vertex 65.3 0 10
      vertex 65.2718 0 9.56926
    endloop
  endfacet
  facet normal 0 -1 0
    outer loop
      vertex 84.2 0 3
      vertex 65.2718 0 9.56926
      vertex 65.1876 0 9.1459
    endloop
  endfacet
  facet normal 0 -1 0
    outer loop
      vertex 84.2 0 3
      vertex 65.1876 0 9.1459
      vertex 65.0488 0 8.73714
    endloop
  endfacet
  facet normal 0 -1 0
    outer loop
      vertex 84.2 0 3
      vertex 65.0488 0 8.73714
      vertex 64.8579 0 8.35
    endloop
  endfacet
  facet normal 0 -1 0
    outer loop
      vertex 84.2 0 3
      vertex 64.8579 0 8.35
      vertex 64.6181 0 7.99109
    endloop
  endfacet
  facet normal 0 -1 0
    outer loop
      vertex 84.2 0 3
      vertex 64.6181 0 7.99109
      vertex 64.3335 0 7.66655
    endloop
  endfacet
  facet normal 0 -1 0
    outer loop
      vertex 84.2 0 3
      vertex 64.3335 0 7.66655
      vertex 64.0089 0 7.38193
    endloop
  endfacet
  facet normal 0 -1 -0
    outer loop
      vertex 61.1459 0 6.81244
      vertex 29.8 0 0
      vertex 61.5693 0 6.72823
    endloop
  endfacet
  facet normal 0 -1 0
    outer loop
      vertex 84.2 0 0
      vertex 61.5693 0 6.72823
      vertex 29.8 0 0
    endloop
  endfacet
  facet normal 0 -1 0
    outer loop
      vertex 62 0 6.7
      vertex 84.2 0 3
      vertex 62.4307 0 6.72823
    endloop
  endfacet
  facet normal 0 -1 0
    outer loop
      vertex 84.2 0 3
      vertex 62.8541 0 6.81244
      vertex 62.4307 0 6.72823
    endloop
  endfacet
  facet normal 0 -1 0
    outer loop
      vertex 84.2 0 3
      vertex 63.2629 0 6.9512
      vertex 62.8541 0 6.81244
    endloop
  endfacet
  facet normal 0 -1 0
    outer loop
      vertex 84.2 0 3
      vertex 63.65 0 7.14212
      vertex 63.2629 0 6.9512
    endloop
  endfacet
  facet normal 0 -1 0
    outer loop
      vertex 84.2 0 3
      vertex 64.0089 0 7.38193
      vertex 63.65 0 7.14212
    endloop
  endfacet
  facet normal 0 -1 0
    outer loop
      vertex 64.3335 0 12.3335
      vertex 84.2 0 3
      vertex 112 0 42
    endloop
  endfacet
  facet normal 0 -1 0
    outer loop
      vertex 98.2 0 3
      vertex 112 0 42
      vertex 84.2 0 3
    endloop
  endfacet
  facet normal 0 -1 0
    outer loop
      vertex 112 0 0
      vertex 98.2 0 3
      vertex 98.2 0 0
    endloop
  endfacet
  facet normal 0 -1 0
    outer loop
      vertex 98.2 0 3
      vertex 112 0 0
      vertex 112 0 42
    endloop
  endfacet
  facet normal 0.896428 -0.44319 0
    outer loop
      vertex 113.732 1 42
      vertex 113.848 1.23463 0
      vertex 113.848 1.23463 42
    endloop
  endfacet
  facet normal 0.896428 -0.44319 0
    outer loop
      vertex 113.848 1.23463 0
      vertex 113.732 1 42
      vertex 113.732 1 0
    endloop
  endfacet
  facet normal 0.194648 0.980873 -0
    outer loop
      vertex 112.518 67.9319 0
      vertex 112.261 67.9829 42
      vertex 112.518 67.9319 42
    endloop
  endfacet
  facet normal 0.194648 0.980873 0
    outer loop
      vertex 112.261 67.9829 42
      vertex 112.518 67.9319 0
      vertex 112.261 67.9829 0
    endloop
  endfacet
  facet normal 0.980801 0.195013 0
    outer loop
      vertex 113.983 66.2611 42
      vertex 113.932 66.5176 0
      vertex 113.932 66.5176 42
    endloop
  endfacet
  facet normal 0.980801 0.195013 0
    outer loop
      vertex 113.932 66.5176 0
      vertex 113.983 66.2611 42
      vertex 113.983 66.2611 0
    endloop
  endfacet
  facet normal 0.194787 -0.980846 0
    outer loop
      vertex 112.261 0.0171099 0
      vertex 112.518 0.0681477 42
      vertex 112.261 0.0171099 42
    endloop
  endfacet
  facet normal 0.194787 -0.980846 0
    outer loop
      vertex 112.518 0.0681477 42
      vertex 112.261 0.0171099 0
      vertex 112.518 0.0681477 0
    endloop
  endfacet
  facet normal -0.997859 -0.0654023 0
    outer loop
      vertex 0.0171099 1.73895 0
      vertex 0 2 42
      vertex 0 2 0
    endloop
  endfacet
  facet normal -0.997859 -0.0654023 0
    outer loop
      vertex 0 2 42
      vertex 0.0171099 1.73895 0
      vertex 0.0171099 1.73895 42
    endloop
  endfacet
  facet normal 0 1 0
    outer loop
      vertex 29.8 68 0
      vertex 56 68 10
      vertex 84.2 68 0
    endloop
  endfacet
  facet normal 0 1 0
    outer loop
      vertex 56 68 10
      vertex 29.8 68 0
      vertex 29.8 68 3
    endloop
  endfacet
  facet normal 0 1 -0
    outer loop
      vertex 49 68 10
      vertex 44.4 68 24
      vertex 49 68 24
    endloop
  endfacet
  facet normal 0 1 0
    outer loop
      vertex 44.4 68 24
      vertex 49 68 10
      vertex 44.4 68 10
    endloop
  endfacet
  facet normal 0 1 -0
    outer loop
      vertex 56 68 10
      vertex 51.4 68 24
      vertex 56 68 24
    endloop
  endfacet
  facet normal 0 1 0
    outer loop
      vertex 51.4 68 24
      vertex 56 68 10
      vertex 51.4 68 10
    endloop
  endfacet
  facet normal 0 1 -0
    outer loop
      vertex 63 68 10
      vertex 58.4 68 24
      vertex 63 68 24
    endloop
  endfacet
  facet normal 0 1 0
    outer loop
      vertex 58.4 68 24
      vertex 63 68 10
      vertex 58.4 68 10
    endloop
  endfacet
  facet normal 0 1 -0
    outer loop
      vertex 70 68 10
      vertex 65.4 68 24
      vertex 70 68 24
    endloop
  endfacet
  facet normal 0 1 0
    outer loop
      vertex 65.4 68 24
      vertex 70 68 10
      vertex 65.4 68 10
    endloop
  endfacet
  facet normal 0 1 -0
    outer loop
      vertex 77 68 10
      vertex 72.4 68 24
      vertex 77 68 24
    endloop
  endfacet
  facet normal 0 1 0
    outer loop
      vertex 72.4 68 24
      vertex 77 68 10
      vertex 72.4 68 10
    endloop
  endfacet
  facet normal 0 1 -0
    outer loop
      vertex 84 68 10
      vertex 79.4 68 24
      vertex 84 68 24
    endloop
  endfacet
  facet normal 0 1 0
    outer loop
      vertex 79.4 68 24
      vertex 84 68 10
      vertex 79.4 68 10
    endloop
  endfacet
  facet normal 0 1 -0
    outer loop
      vertex 91 68 10
      vertex 86.4 68 24
      vertex 91 68 24
    endloop
  endfacet
  facet normal 0 1 0
    outer loop
      vertex 86.4 68 24
      vertex 91 68 10
      vertex 86.4 68 10
    endloop
  endfacet
  facet normal 0 1 0
    outer loop
      vertex 91 68 24
      vertex 112 68 42
      vertex 93.4 68 24
    endloop
  endfacet
  facet normal 0 1 -0
    outer loop
      vertex 112 68 0
      vertex 93.4 68 24
      vertex 112 68 42
    endloop
  endfacet
  facet normal 0 1 0
    outer loop
      vertex 98.2 68 3
      vertex 91 68 10
      vertex 93.4 68 10
    endloop
  endfacet
  facet normal 0 1 0
    outer loop
      vertex 91 68 10
      vertex 84.2 68 3
      vertex 86.4 68 10
    endloop
  endfacet
  facet normal 0 1 0
    outer loop
      vertex 86.4 68 10
      vertex 84.2 68 3
      vertex 84 68 10
    endloop
  endfacet
  facet normal 0 1 0
    outer loop
      vertex 84 68 10
      vertex 84.2 68 3
      vertex 79.4 68 10
    endloop
  endfacet
  facet normal 0 1 0
    outer loop
      vertex 79.4 68 10
      vertex 84.2 68 3
      vertex 77 68 10
    endloop
  endfacet
  facet normal 0 1 -0
    outer loop
      vertex 84.2 68 0
      vertex 77 68 10
      vertex 84.2 68 3
    endloop
  endfacet
  facet normal 0 1 0
    outer loop
      vertex 77 68 10
      vertex 84.2 68 0
      vertex 72.4 68 10
    endloop
  endfacet
  facet normal 0 1 0
    outer loop
      vertex 72.4 68 10
      vertex 84.2 68 0
      vertex 70 68 10
    endloop
  endfacet
  facet normal 0 1 0
    outer loop
      vertex 70 68 10
      vertex 84.2 68 0
      vertex 65.4 68 10
    endloop
  endfacet
  facet normal 0 1 0
    outer loop
      vertex 65.4 68 10
      vertex 84.2 68 0
      vertex 63 68 10
    endloop
  endfacet
  facet normal 0 1 0
    outer loop
      vertex 63 68 10
      vertex 84.2 68 0
      vertex 58.4 68 10
    endloop
  endfacet
  facet normal 0 1 0
    outer loop
      vertex 58.4 68 10
      vertex 84.2 68 0
      vertex 56 68 10
    endloop
  endfacet
  facet normal 0 1 0
    outer loop
      vertex 56 68 10
      vertex 29.8 68 3
      vertex 51.4 68 10
    endloop
  endfacet
  facet normal 0 1 0
    outer loop
      vertex 51.4 68 10
      vertex 29.8 68 3
      vertex 49 68 10
    endloop
  endfacet
  facet normal 0 1 0
    outer loop
      vertex 91 68 10
      vertex 98.2 68 3
      vertex 84.2 68 3
    endloop
  endfacet
  facet normal 0 1 0
    outer loop
      vertex 93.4 68 24
      vertex 112 68 0
      vertex 93.4 68 10
    endloop
  endfacet
  facet normal 0 1 0
    outer loop
      vertex 93.4 68 10
      vertex 112 68 0
      vertex 98.2 68 3
    endloop
  endfacet
  facet normal 0 1 0
    outer loop
      vertex 98.2 68 3
      vertex 112 68 0
      vertex 98.2 68 0
    endloop
  endfacet
  facet normal 0 1 0
    outer loop
      vertex 86.4 68 24
      vertex 112 68 42
      vertex 91 68 24
    endloop
  endfacet
  facet normal 0 1 0
    outer loop
      vertex 84 68 24
      vertex 112 68 42
      vertex 86.4 68 24
    endloop
  endfacet
  facet normal 0 1 0
    outer loop
      vertex 79.4 68 24
      vertex 112 68 42
      vertex 84 68 24
    endloop
  endfacet
  facet normal 0 1 0
    outer loop
      vertex 77 68 24
      vertex 112 68 42
      vertex 79.4 68 24
    endloop
  endfacet
  facet normal 0 1 0
    outer loop
      vertex 72.4 68 24
      vertex 112 68 42
      vertex 77 68 24
    endloop
  endfacet
  facet normal 0 1 0
    outer loop
      vertex 70 68 24
      vertex 112 68 42
      vertex 72.4 68 24
    endloop
  endfacet
  facet normal 0 1 0
    outer loop
      vertex 65.4 68 24
      vertex 112 68 42
      vertex 70 68 24
    endloop
  endfacet
  facet normal 0 1 0
    outer loop
      vertex 63 68 24
      vertex 112 68 42
      vertex 65.4 68 24
    endloop
  endfacet
  facet normal 0 1 0
    outer loop
      vertex 58.4 68 24
      vertex 112 68 42
      vertex 63 68 24
    endloop
  endfacet
  facet normal 0 1 0
    outer loop
      vertex 112 68 42
      vertex 58.4 68 24
      vertex 2 68 42
    endloop
  endfacet
  facet normal 0 1 -0
    outer loop
      vertex 56 68 24
      vertex 2 68 42
      vertex 58.4 68 24
    endloop
  endfacet
  facet normal 0 1 -0
    outer loop
      vertex 51.4 68 24
      vertex 2 68 42
      vertex 56 68 24
    endloop
  endfacet
  facet normal 0 1 -0
    outer loop
      vertex 49 68 24
      vertex 2 68 42
      vertex 51.4 68 24
    endloop
  endfacet
  facet normal 0 1 -0
    outer loop
      vertex 44.4 68 24
      vertex 2 68 42
      vertex 49 68 24
    endloop
  endfacet
  facet normal 0 1 -0
    outer loop
      vertex 42 68 24
      vertex 2 68 42
      vertex 44.4 68 24
    endloop
  endfacet
  facet normal 0 1 0
    outer loop
      vertex 29.8 68 3
      vertex 42 68 24
      vertex 42 68 10
    endloop
  endfacet
  facet normal 0 1 0
    outer loop
      vertex 49 68 10
      vertex 29.8 68 3
      vertex 44.4 68 10
    endloop
  endfacet
  facet normal 0 1 0
    outer loop
      vertex 44.4 68 10
      vertex 29.8 68 3
      vertex 42 68 10
    endloop
  endfacet
  facet normal 0 1 0
    outer loop
      vertex 15.8 68 3
      vertex 42 68 24
      vertex 29.8 68 3
    endloop
  endfacet
  facet normal 0 1 0
    outer loop
      vertex 42 68 24
      vertex 15.8 68 3
      vertex 2 68 42
    endloop
  endfacet
  facet normal 0 1 0
    outer loop
      vertex 2 68 0
      vertex 15.8 68 3
      vertex 15.8 68 0
    endloop
  endfacet
  facet normal 0 1 0
    outer loop
      vertex 15.8 68 3
      vertex 2 68 0
      vertex 2 68 42
    endloop
  endfacet
  facet normal 0.322292 -0.94664 0
    outer loop
      vertex 112.518 0.0681477 0
      vertex 112.765 0.152241 42
      vertex 112.518 0.0681477 42
    endloop
  endfacet
  facet normal 0.322292 -0.94664 0
    outer loop
      vertex 112.765 0.152241 42
      vertex 112.518 0.0681477 0
      vertex 112.765 0.152241 0
    endloop
  endfacet
  facet normal -1 0 0
    outer loop
      vertex 0 66 0
      vertex 0 22.9 18.7
      vertex 0 66 42
    endloop
  endfacet
  facet normal -1 0 0
    outer loop
      vertex 0 2 0
      vertex 0 22.9 18.7
      vertex 0 66 0
    endloop
  endfacet
  facet normal -1 0 0
    outer loop
      vertex 0 2 42
      vertex 0 10.9 18.7
      vertex 0 2 0
    endloop
  endfacet
  facet normal -1 -0 0
    outer loop
      vertex 0 22.9 18.7
      vertex 0 2 0
      vertex 0 10.9 18.7
    endloop
  endfacet
  facet normal -1 0 0
    outer loop
      vertex 0 22.9 25.7
      vertex 0 66 42
      vertex 0 22.9 18.7
    endloop
  endfacet
  facet normal -1 0 0
    outer loop
      vertex 0 2 42
      vertex 0 22.9 25.7
      vertex 0 10.9 25.7
    endloop
  endfacet
  facet normal -1 0 0
    outer loop
      vertex 0 22.9 25.7
      vertex 0 2 42
      vertex 0 66 42
    endloop
  endfacet
  facet normal -1 0 0
    outer loop
      vertex 0 10.9 18.7
      vertex 0 2 42
      vertex 0 10.9 25.7
    endloop
  endfacet
  facet normal 0.980814 -0.194947 0
    outer loop
      vertex 113.932 1.48236 42
      vertex 113.983 1.73895 0
      vertex 113.983 1.73895 42
    endloop
  endfacet
  facet normal 0.980814 -0.194947 0
    outer loop
      vertex 113.983 1.73895 0
      vertex 113.932 1.48236 42
      vertex 113.932 1.48236 0
    endloop
  endfacet
  facet normal 1 -0 0
    outer loop
      vertex 114 50.4579 9.65
      vertex 114 66 0
      vertex 114 66 42
    endloop
  endfacet
  facet normal 1 0 0
    outer loop
      vertex 114 66 0
      vertex 114 50.8718 8.43074
      vertex 114 50.9 8
    endloop
  endfacet
  facet normal 1 0 0
    outer loop
      vertex 114 66 0
      vertex 114 50.7876 8.8541
      vertex 114 50.8718 8.43074
    endloop
  endfacet
  facet normal 1 0 0
    outer loop
      vertex 114 66 0
      vertex 114 50.6488 9.26285
      vertex 114 50.7876 8.8541
    endloop
  endfacet
  facet normal 1 0 0
    outer loop
      vertex 114 66 0
      vertex 114 50.4579 9.65
      vertex 114 50.6488 9.26285
    endloop
  endfacet
  facet normal 1 0 0
    outer loop
      vertex 114 66 42
      vertex 114 50.2181 10.0089
      vertex 114 50.4579 9.65
    endloop
  endfacet
  facet normal 1 0 0
    outer loop
      vertex 114 66 42
      vertex 114 49.9335 10.3335
      vertex 114 50.2181 10.0089
    endloop
  endfacet
  facet normal 1 0 0
    outer loop
      vertex 114 66 42
      vertex 114 49.6089 10.6181
      vertex 114 49.9335 10.3335
    endloop
  endfacet
  facet normal 1 0 0
    outer loop
      vertex 114 66 42
      vertex 114 49.25 10.8579
      vertex 114 49.6089 10.6181
    endloop
  endfacet
  facet normal 1 0 0
    outer loop
      vertex 114 66 42
      vertex 114 48.8629 11.0488
      vertex 114 49.25 10.8579
    endloop
  endfacet
  facet normal 1 0 0
    outer loop
      vertex 114 66 42
      vertex 114 48.4541 11.1876
      vertex 114 48.8629 11.0488
    endloop
  endfacet
  facet normal 1 0 0
    outer loop
      vertex 114 66 42
      vertex 114 48.0307 11.2718
      vertex 114 48.4541 11.1876
    endloop
  endfacet
  facet normal 1 0 0
    outer loop
      vertex 114 66 42
      vertex 114 47.6 11.3
      vertex 114 48.0307 11.2718
    endloop
  endfacet
  facet normal 1 0 0
    outer loop
      vertex 114 66 42
      vertex 114 47.1693 11.2718
      vertex 114 47.6 11.3
    endloop
  endfacet
  facet normal 1 -0 0
    outer loop
      vertex 114 22.8786 34.6737
      vertex 114 47.1693 11.2718
      vertex 114 66 42
    endloop
  endfacet
  facet normal 1 0 0
    outer loop
      vertex 114 47.1693 11.2718
      vertex 114 22.8786 34.6737
      vertex 114 46.7459 11.1876
    endloop
  endfacet
  facet normal 1 -0 0
    outer loop
      vertex 114 22.8148 34.353
      vertex 114 46.7459 11.1876
      vertex 114 22.8786 34.6737
    endloop
  endfacet
  facet normal 1 0 0
    outer loop
      vertex 114 46.7459 11.1876
      vertex 114 22.8148 34.353
      vertex 114 46.3371 11.0488
    endloop
  endfacet
  facet normal 1 -0 0
    outer loop
      vertex 114 22.7097 34.0433
      vertex 114 46.3371 11.0488
      vertex 114 22.8148 34.353
    endloop
  endfacet
  facet normal 1 0 0
    outer loop
      vertex 114 46.3371 11.0488
      vertex 114 22.7097 34.0433
      vertex 114 45.95 10.8579
    endloop
  endfacet
  facet normal 1 -0 0
    outer loop
      vertex 114 22.5651 33.75
      vertex 114 45.95 10.8579
      vertex 114 22.7097 34.0433
    endloop
  endfacet
  facet normal 1 -0 0
    outer loop
      vertex 114 22.1678 33.2322
      vertex 114 45.2665 10.3335
      vertex 114 22.3834 33.4781
    endloop
  endfacet
  facet normal 1 0 0
    outer loop
      vertex 114 45.5911 10.6181
      vertex 114 22.3834 33.4781
      vertex 114 45.2665 10.3335
    endloop
  endfacet
  facet normal 1 -0 0
    outer loop
      vertex 114 22.3834 33.4781
      vertex 114 45.5911 10.6181
      vertex 114 22.5651 33.75
    endloop
  endfacet
  facet normal 1 0 0
    outer loop
      vertex 114 45.95 10.8579
      vertex 114 22.5651 33.75
      vertex 114 45.5911 10.6181
    endloop
  endfacet
  facet normal 1 0 0
    outer loop
      vertex 114 22.8786 34.6737
      vertex 114 66 42
      vertex 114 22.9 35
    endloop
  endfacet
  facet normal 1 0 0
    outer loop
      vertex 114 66 42
      vertex 114 22.8786 35.3263
      vertex 114 22.9 35
    endloop
  endfacet
  facet normal 1 0 0
    outer loop
      vertex 114 66 42
      vertex 114 22.8148 35.647
      vertex 114 22.8786 35.3263
    endloop
  endfacet
  facet normal 1 0 0
    outer loop
      vertex 114 66 42
      vertex 114 22.7097 35.9567
      vertex 114 22.8148 35.647
    endloop
  endfacet
  facet normal 1 0 0
    outer loop
      vertex 114 66 42
      vertex 114 22.5651 36.25
      vertex 114 22.7097 35.9567
    endloop
  endfacet
  facet normal 1 0 0
    outer loop
      vertex 114 66 42
      vertex 114 22.3834 36.5219
      vertex 114 22.5651 36.25
    endloop
  endfacet
  facet normal 1 0 0
    outer loop
      vertex 114 66 42
      vertex 114 22.1678 36.7678
      vertex 114 22.3834 36.5219
    endloop
  endfacet
  facet normal 1 0 0
    outer loop
      vertex 114 66 42
      vertex 114 21.9219 36.9834
      vertex 114 22.1678 36.7678
    endloop
  endfacet
  facet normal 1 0 0
    outer loop
      vertex 114 66 42
      vertex 114 21.65 37.1651
      vertex 114 21.9219 36.9834
    endloop
  endfacet
  facet normal 1 0 0
    outer loop
      vertex 114 66 42
      vertex 114 21.3567 37.3097
      vertex 114 21.65 37.1651
    endloop
  endfacet
  facet normal 1 0 0
    outer loop
      vertex 114 66 42
      vertex 114 21.047 37.4148
      vertex 114 21.3567 37.3097
    endloop
  endfacet
  facet normal 1 0 0
    outer loop
      vertex 114 66 42
      vertex 114 20.7263 37.4786
      vertex 114 21.047 37.4148
    endloop
  endfacet
  facet normal 1 -0 0
    outer loop
      vertex 114 2 42
      vertex 114 20.7263 37.4786
      vertex 114 66 42
    endloop
  endfacet
  facet normal 1 0 0
    outer loop
      vertex 114 20.7263 37.4786
      vertex 114 2 42
      vertex 114 20.4 37.5
    endloop
  endfacet
  facet normal 1 0 0
    outer loop
      vertex 114 17.9214 35.3263
      vertex 114 2 42
      vertex 114 17.9 35
    endloop
  endfacet
  facet normal 1 0 0
    outer loop
      vertex 114 17.9852 35.647
      vertex 114 2 42
      vertex 114 17.9214 35.3263
    endloop
  endfacet
  facet normal 1 0 0
    outer loop
      vertex 114 18.0903 35.9567
      vertex 114 2 42
      vertex 114 17.9852 35.647
    endloop
  endfacet
  facet normal 1 0 0
    outer loop
      vertex 114 18.2349 36.25
      vertex 114 2 42
      vertex 114 18.0903 35.9567
    endloop
  endfacet
  facet normal 1 0 0
    outer loop
      vertex 114 18.4166 36.5219
      vertex 114 2 42
      vertex 114 18.2349 36.25
    endloop
  endfacet
  facet normal 1 0 0
    outer loop
      vertex 114 18.6322 36.7678
      vertex 114 2 42
      vertex 114 18.4166 36.5219
    endloop
  endfacet
  facet normal 1 0 0
    outer loop
      vertex 114 18.8781 36.9834
      vertex 114 2 42
      vertex 114 18.6322 36.7678
    endloop
  endfacet
  facet normal 1 0 0
    outer loop
      vertex 114 19.15 37.1651
      vertex 114 2 42
      vertex 114 18.8781 36.9834
    endloop
  endfacet
  facet normal 1 0 0
    outer loop
      vertex 114 19.4433 37.3097
      vertex 114 2 42
      vertex 114 19.15 37.1651
    endloop
  endfacet
  facet normal 1 0 0
    outer loop
      vertex 114 19.753 37.4148
      vertex 114 2 42
      vertex 114 19.4433 37.3097
    endloop
  endfacet
  facet normal 1 0 0
    outer loop
      vertex 114 20.0737 37.4786
      vertex 114 2 42
      vertex 114 19.753 37.4148
    endloop
  endfacet
  facet normal 1 0 0
    outer loop
      vertex 114 20.4 37.5
      vertex 114 2 42
      vertex 114 20.0737 37.4786
    endloop
  endfacet
  facet normal 1 -0 0
    outer loop
      vertex 114 50.8718 7.56926
      vertex 114 66 0
      vertex 114 50.9 8
    endloop
  endfacet
  facet normal 1 -0 0
    outer loop
      vertex 114 50.7876 7.1459
      vertex 114 66 0
      vertex 114 50.8718 7.56926
    endloop
  endfacet
  facet normal 1 -0 0
    outer loop
      vertex 114 50.6488 6.73714
      vertex 114 66 0
      vertex 114 50.7876 7.1459
    endloop
  endfacet
  facet normal 1 -0 0
    outer loop
      vertex 114 50.4579 6.35
      vertex 114 66 0
      vertex 114 50.6488 6.73714
    endloop
  endfacet
  facet normal 1 -0 0
    outer loop
      vertex 114 50.2181 5.99109
      vertex 114 66 0
      vertex 114 50.4579 6.35
    endloop
  endfacet
  facet normal 1 -0 0
    outer loop
      vertex 114 49.9335 5.66655
      vertex 114 66 0
      vertex 114 50.2181 5.99109
    endloop
  endfacet
  facet normal 1 -0 0
    outer loop
      vertex 114 49.6089 5.38193
      vertex 114 66 0
      vertex 114 49.9335 5.66655
    endloop
  endfacet
  facet normal 1 -0 0
    outer loop
      vertex 114 49.25 5.14212
      vertex 114 66 0
      vertex 114 49.6089 5.38193
    endloop
  endfacet
  facet normal 1 -0 0
    outer loop
      vertex 114 48.8629 4.9512
      vertex 114 66 0
      vertex 114 49.25 5.14212
    endloop
  endfacet
  facet normal 1 -0 0
    outer loop
      vertex 114 48.4541 4.81244
      vertex 114 66 0
      vertex 114 48.8629 4.9512
    endloop
  endfacet
  facet normal 1 -0 0
    outer loop
      vertex 114 48.0307 4.72823
      vertex 114 66 0
      vertex 114 48.4541 4.81244
    endloop
  endfacet
  facet normal 1 -0 0
    outer loop
      vertex 114 47.6 4.7
      vertex 114 66 0
      vertex 114 48.0307 4.72823
    endloop
  endfacet
  facet normal 1 0 0
    outer loop
      vertex 114 47.1693 4.72823
      vertex 114 66 0
      vertex 114 47.6 4.7
    endloop
  endfacet
  facet normal 1 0 0
    outer loop
      vertex 114 2 0
      vertex 114 47.1693 4.72823
      vertex 114 46.7459 4.81244
    endloop
  endfacet
  facet normal 1 0 0
    outer loop
      vertex 114 45.2665 10.3335
      vertex 114 22.1678 33.2322
      vertex 114 44.9819 10.0089
    endloop
  endfacet
  facet normal 1 -0 0
    outer loop
      vertex 114 21.9219 33.0166
      vertex 114 44.9819 10.0089
      vertex 114 22.1678 33.2322
    endloop
  endfacet
  facet normal 1 0 0
    outer loop
      vertex 114 44.9819 10.0089
      vertex 114 21.9219 33.0166
      vertex 114 44.7421 9.65
    endloop
  endfacet
  facet normal 1 -0 0
    outer loop
      vertex 114 21.65 32.8349
      vertex 114 44.7421 9.65
      vertex 114 21.9219 33.0166
    endloop
  endfacet
  facet normal 1 0 0
    outer loop
      vertex 114 44.7421 9.65
      vertex 114 21.65 32.8349
      vertex 114 44.5512 9.26285
    endloop
  endfacet
  facet normal 1 -0 0
    outer loop
      vertex 114 21.3567 32.6903
      vertex 114 44.5512 9.26285
      vertex 114 21.65 32.8349
    endloop
  endfacet
  facet normal 1 -0 0
    outer loop
      vertex 114 21.047 32.5852
      vertex 114 44.5512 9.26285
      vertex 114 21.3567 32.6903
    endloop
  endfacet
  facet normal 1 0 0
    outer loop
      vertex 114 44.5512 9.26285
      vertex 114 21.047 32.5852
      vertex 114 44.4124 8.8541
    endloop
  endfacet
  facet normal 1 -0 0
    outer loop
      vertex 114 20.7263 32.5214
      vertex 114 44.4124 8.8541
      vertex 114 21.047 32.5852
    endloop
  endfacet
  facet normal 1 0 0
    outer loop
      vertex 114 44.4124 8.8541
      vertex 114 20.7263 32.5214
      vertex 114 44.3282 8.43074
    endloop
  endfacet
  facet normal 1 0 0
    outer loop
      vertex 114 2 0
      vertex 114 44.3282 8.43074
      vertex 114 20.7263 32.5214
    endloop
  endfacet
  facet normal 1 0 0
    outer loop
      vertex 114 44.3282 8.43074
      vertex 114 2 0
      vertex 114 44.3 8
    endloop
  endfacet
  facet normal 1 0 0
    outer loop
      vertex 114 44.3 8
      vertex 114 2 0
      vertex 114 44.3282 7.56926
    endloop
  endfacet
  facet normal 1 0 0
    outer loop
      vertex 114 44.3282 7.56926
      vertex 114 2 0
      vertex 114 44.4124 7.1459
    endloop
  endfacet
  facet normal 1 0 0
    outer loop
      vertex 114 44.4124 7.1459
      vertex 114 2 0
      vertex 114 44.5512 6.73714
    endloop
  endfacet
  facet normal 1 0 0
    outer loop
      vertex 114 44.5512 6.73714
      vertex 114 2 0
      vertex 114 44.7421 6.35
    endloop
  endfacet
  facet normal 1 0 0
    outer loop
      vertex 114 44.7421 6.35
      vertex 114 2 0
      vertex 114 44.9819 5.99109
    endloop
  endfacet
  facet normal 1 0 0
    outer loop
      vertex 114 2 0
      vertex 114 20.7263 32.5214
      vertex 114 20.4 32.5
    endloop
  endfacet
  facet normal 1 0 0
    outer loop
      vertex 114 2 0
      vertex 114 20.4 32.5
      vertex 114 20.0737 32.5214
    endloop
  endfacet
  facet normal 1 0 0
    outer loop
      vertex 114 2 0
      vertex 114 20.0737 32.5214
      vertex 114 19.753 32.5852
    endloop
  endfacet
  facet normal 1 0 0
    outer loop
      vertex 114 2 0
      vertex 114 19.753 32.5852
      vertex 114 19.4433 32.6903
    endloop
  endfacet
  facet normal 1 0 0
    outer loop
      vertex 114 2 0
      vertex 114 19.4433 32.6903
      vertex 114 19.15 32.8349
    endloop
  endfacet
  facet normal 1 0 0
    outer loop
      vertex 114 2 0
      vertex 114 19.15 32.8349
      vertex 114 18.8781 33.0166
    endloop
  endfacet
  facet normal 1 0 0
    outer loop
      vertex 114 2 0
      vertex 114 18.8781 33.0166
      vertex 114 18.6322 33.2322
    endloop
  endfacet
  facet normal 1 0 0
    outer loop
      vertex 114 2 42
      vertex 114 17.9214 34.6737
      vertex 114 17.9 35
    endloop
  endfacet
  facet normal 1 0 0
    outer loop
      vertex 114 2 42
      vertex 114 17.9852 34.353
      vertex 114 17.9214 34.6737
    endloop
  endfacet
  facet normal 1 0 0
    outer loop
      vertex 114 2 42
      vertex 114 18.0903 34.0433
      vertex 114 17.9852 34.353
    endloop
  endfacet
  facet normal 1 0 0
    outer loop
      vertex 114 2 42
      vertex 114 18.2349 33.75
      vertex 114 18.0903 34.0433
    endloop
  endfacet
  facet normal 1 0 0
    outer loop
      vertex 114 2 42
      vertex 114 18.4166 33.4781
      vertex 114 18.2349 33.75
    endloop
  endfacet
  facet normal 1 0 0
    outer loop
      vertex 114 2 0
      vertex 114 18.4166 33.4781
      vertex 114 2 42
    endloop
  endfacet
  facet normal 1 0 0
    outer loop
      vertex 114 18.4166 33.4781
      vertex 114 2 0
      vertex 114 18.6322 33.2322
    endloop
  endfacet
  facet normal 1 0 0
    outer loop
      vertex 114 44.9819 5.99109
      vertex 114 2 0
      vertex 114 45.2665 5.66655
    endloop
  endfacet
  facet normal 1 0 0
    outer loop
      vertex 114 47.1693 4.72823
      vertex 114 2 0
      vertex 114 66 0
    endloop
  endfacet
  facet normal 1 0 0
    outer loop
      vertex 114 46.3371 4.9512
      vertex 114 2 0
      vertex 114 46.7459 4.81244
    endloop
  endfacet
  facet normal 1 0 0
    outer loop
      vertex 114 45.95 5.14212
      vertex 114 2 0
      vertex 114 46.3371 4.9512
    endloop
  endfacet
  facet normal 1 0 0
    outer loop
      vertex 114 45.5911 5.38193
      vertex 114 2 0
      vertex 114 45.95 5.14212
    endloop
  endfacet
  facet normal 1 0 0
    outer loop
      vertex 114 45.2665 5.66655
      vertex 114 2 0
      vertex 114 45.5911 5.38193
    endloop
  endfacet
  facet normal 0.832079 -0.554658 0
    outer loop
      vertex 113.587 0.782476 42
      vertex 113.732 1 0
      vertex 113.732 1 42
    endloop
  endfacet
  facet normal 0.832079 -0.554658 0
    outer loop
      vertex 113.732 1 0
      vertex 113.587 0.782476 42
      vertex 113.587 0.782476 0
    endloop
  endfacet
  facet normal -0.980773 0.195152 0
    outer loop
      vertex 0.0171099 66.2611 0
      vertex 0.0681477 66.5176 42
      vertex 0.0681477 66.5176 0
    endloop
  endfacet
  facet normal -0.980773 0.195152 0
    outer loop
      vertex 0.0681477 66.5176 42
      vertex 0.0171099 66.2611 0
      vertex 0.0171099 66.2611 42
    endloop
  endfacet
  facet normal 0.896405 0.443235 0
    outer loop
      vertex 113.848 66.7654 42
      vertex 113.732 67 0
      vertex 113.732 67 42
    endloop
  endfacet
  facet normal 0.896405 0.443235 0
    outer loop
      vertex 113.732 67 0
      vertex 113.848 66.7654 42
      vertex 113.848 66.7654 0
    endloop
  endfacet
  facet normal 0.0654148 -0.997858 0
    outer loop
      vertex 112 0 0
      vertex 112.261 0.0171099 42
      vertex 112 0 42
    endloop
  endfacet
  facet normal 0.0654148 -0.997858 0
    outer loop
      vertex 112.261 0.0171099 42
      vertex 112 0 0
      vertex 112.261 0.0171099 0
    endloop
  endfacet
  facet normal -0.555568 -0.831471 0
    outer loop
      vertex 0.782476 0.413293 0
      vertex 1 0.267949 42
      vertex 0.782476 0.413293 42
    endloop
  endfacet
  facet normal -0.555568 -0.831471 -0
    outer loop
      vertex 1 0.267949 42
      vertex 0.782476 0.413293 0
      vertex 1 0.267949 0
    endloop
  endfacet
  facet normal 0.660656 -0.750689 0
    outer loop
      vertex 113.218 0.413293 0
      vertex 113.414 0.585786 42
      vertex 113.218 0.413293 42
    endloop
  endfacet
  facet normal 0.660656 -0.750689 0
    outer loop
      vertex 113.414 0.585786 42
      vertex 113.218 0.413293 0
      vertex 113.414 0.585786 0
    endloop
  endfacet
  facet normal -0.980786 -0.195086 0
    outer loop
      vertex 0.0681477 1.48236 0
      vertex 0.0171099 1.73895 42
      vertex 0.0171099 1.73895 0
    endloop
  endfacet
  facet normal -0.980786 -0.195086 0
    outer loop
      vertex 0.0171099 1.73895 42
      vertex 0.0681477 1.48236 0
      vertex 0.0681477 1.48236 42
    endloop
  endfacet
  facet normal 0.0653771 0.997861 -0
    outer loop
      vertex 112.261 67.9829 0
      vertex 112 68 42
      vertex 112.261 67.9829 42
    endloop
  endfacet
  facet normal 0.0653771 0.997861 0
    outer loop
      vertex 112 68 42
      vertex 112.261 67.9829 0
      vertex 112 68 0
    endloop
  endfacet
  facet normal -0.442293 -0.896871 0
    outer loop
      vertex 1 0.267949 0
      vertex 1.23463 0.152241 42
      vertex 1 0.267949 42
    endloop
  endfacet
  facet normal -0.442293 -0.896871 -0
    outer loop
      vertex 1.23463 0.152241 42
      vertex 1 0.267949 0
      vertex 1.23463 0.152241 0
    endloop
  endfacet
  facet normal 0.997886 -0.064984 0
    outer loop
      vertex 113.983 1.73895 42
      vertex 114 2 0
      vertex 114 2 42
    endloop
  endfacet
  facet normal 0.997886 -0.064984 0
    outer loop
      vertex 114 2 0
      vertex 113.983 1.73895 42
      vertex 113.983 1.73895 0
    endloop
  endfacet
  facet normal -0.659362 0.751826 0
    outer loop
      vertex 0.782476 67.5867 0
      vertex 0.585786 67.4142 42
      vertex 0.782476 67.5867 42
    endloop
  endfacet
  facet normal -0.659362 0.751826 0
    outer loop
      vertex 0.585786 67.4142 42
      vertex 0.782476 67.5867 0
      vertex 0.585786 67.4142 0
    endloop
  endfacet
  facet normal 0.750895 0.660421 0
    outer loop
      vertex 113.587 67.2175 42
      vertex 113.414 67.4142 0
      vertex 113.414 67.4142 42
    endloop
  endfacet
  facet normal 0.750895 0.660421 0
    outer loop
      vertex 113.414 67.4142 0
      vertex 113.587 67.2175 42
      vertex 113.587 67.2175 0
    endloop
  endfacet
  facet normal -0.32144 -0.94693 0
    outer loop
      vertex 1.23463 0.152241 0
      vertex 1.48236 0.0681477 42
      vertex 1.23463 0.152241 42
    endloop
  endfacet
  facet normal -0.32144 -0.94693 -0
    outer loop
      vertex 1.48236 0.0681477 42
      vertex 1.23463 0.152241 0
      vertex 1.48236 0.0681477 0
    endloop
  endfacet
  facet normal -0.659347 -0.751839 0
    outer loop
      vertex 0.585786 0.585786 0
      vertex 0.782476 0.413293 42
      vertex 0.585786 0.585786 42
    endloop
  endfacet
  facet normal -0.659347 -0.751839 -0
    outer loop
      vertex 0.782476 0.413293 42
      vertex 0.585786 0.585786 0
      vertex 0.782476 0.413293 0
    endloop
  endfacet
  facet normal 0.442015 0.897008 -0
    outer loop
      vertex 113 67.732 0
      vertex 112.765 67.8478 42
      vertex 113 67.732 42
    endloop
  endfacet
  facet normal 0.442015 0.897008 0
    outer loop
      vertex 112.765 67.8478 42
      vertex 113 67.732 0
      vertex 112.765 67.8478 0
    endloop
  endfacet
  facet normal -0.94693 -0.32144 0
    outer loop
      vertex 0.152241 1.23463 0
      vertex 0.0681477 1.48236 42
      vertex 0.0681477 1.48236 0
    endloop
  endfacet
  facet normal -0.94693 -0.32144 0
    outer loop
      vertex 0.0681477 1.48236 42
      vertex 0.152241 1.23463 0
      vertex 0.152241 1.23463 42
    endloop
  endfacet
  facet normal -0.831443 0.55561 0
    outer loop
      vertex 0.267949 67 0
      vertex 0.413293 67.2175 42
      vertex 0.413293 67.2175 0
    endloop
  endfacet
  facet normal -0.831443 0.55561 0
    outer loop
      vertex 0.413293 67.2175 42
      vertex 0.267949 67 0
      vertex 0.267949 67 42
    endloop
  endfacet
  facet normal 0.554728 -0.832032 0
    outer loop
      vertex 113 0.267949 0
      vertex 113.218 0.413293 42
      vertex 113 0.267949 42
    endloop
  endfacet
  facet normal 0.554728 -0.832032 0
    outer loop
      vertex 113.218 0.413293 42
      vertex 113 0.267949 0
      vertex 113.218 0.413293 0
    endloop
  endfacet
  facet normal 0.660671 0.750676 -0
    outer loop
      vertex 113.414 67.4142 0
      vertex 113.218 67.5867 42
      vertex 113.414 67.4142 42
    endloop
  endfacet
  facet normal 0.660671 0.750676 0
    outer loop
      vertex 113.218 67.5867 42
      vertex 113.414 67.4142 0
      vertex 113.218 67.5867 0
    endloop
  endfacet
  facet normal 0.947066 0.321039 0
    outer loop
      vertex 113.932 66.5176 42
      vertex 113.848 66.7654 0
      vertex 113.848 66.7654 42
    endloop
  endfacet
  facet normal 0.947066 0.321039 0
    outer loop
      vertex 113.848 66.7654 0
      vertex 113.932 66.5176 42
      vertex 113.932 66.5176 0
    endloop
  endfacet
  facet normal -0.751839 -0.659347 0
    outer loop
      vertex 0.585786 0.585786 0
      vertex 0.413293 0.782476 42
      vertex 0.413293 0.782476 0
    endloop
  endfacet
  facet normal -0.751839 -0.659347 0
    outer loop
      vertex 0.413293 0.782476 42
      vertex 0.585786 0.585786 0
      vertex 0.585786 0.585786 42
    endloop
  endfacet
  facet normal -0.896871 -0.442293 0
    outer loop
      vertex 0.267949 1 0
      vertex 0.152241 1.23463 42
      vertex 0.152241 1.23463 0
    endloop
  endfacet
  facet normal -0.896871 -0.442293 0
    outer loop
      vertex 0.152241 1.23463 42
      vertex 0.267949 1 0
      vertex 0.267949 1 42
    endloop
  endfacet
  facet normal -0.751855 0.659328 0
    outer loop
      vertex 0.413293 67.2175 0
      vertex 0.585786 67.4142 42
      vertex 0.585786 67.4142 0
    endloop
  endfacet
  facet normal -0.751855 0.659328 0
    outer loop
      vertex 0.585786 67.4142 42
      vertex 0.413293 67.2175 0
      vertex 0.413293 67.2175 42
    endloop
  endfacet
  facet normal 0.997887 0.0649716 0
    outer loop
      vertex 114 66 42
      vertex 113.983 66.2611 0
      vertex 113.983 66.2611 42
    endloop
  endfacet
  facet normal 0.997887 0.0649716 0
    outer loop
      vertex 113.983 66.2611 0
      vertex 114 66 42
      vertex 114 66 0
    endloop
  endfacet
  facet normal -0.99786 0.0653898 0
    outer loop
      vertex 0 66 0
      vertex 0.0171099 66.2611 42
      vertex 0.0171099 66.2611 0
    endloop
  endfacet
  facet normal -0.99786 0.0653898 0
    outer loop
      vertex 0.0171099 66.2611 42
      vertex 0 66 0
      vertex 0 66 42
    endloop
  endfacet
  facet normal -0.0654023 -0.997859 0
    outer loop
      vertex 1.73895 0.0171099 0
      vertex 2 0 42
      vertex 1.73895 0.0171099 42
    endloop
  endfacet
  facet normal -0.0654023 -0.997859 -0
    outer loop
      vertex 2 0 42
      vertex 1.73895 0.0171099 0
      vertex 2 0 0
    endloop
  endfacet
  facet normal -0.195086 -0.980786 0
    outer loop
      vertex 1.48236 0.0681477 0
      vertex 1.73895 0.0171099 42
      vertex 1.48236 0.0681477 42
    endloop
  endfacet
  facet normal -0.195086 -0.980786 -0
    outer loop
      vertex 1.73895 0.0171099 42
      vertex 1.48236 0.0681477 0
      vertex 1.73895 0.0171099 0
    endloop
  endfacet
  facet normal -0.831471 -0.555568 0
    outer loop
      vertex 0.413293 0.782476 0
      vertex 0.267949 1 42
      vertex 0.267949 1 0
    endloop
  endfacet
  facet normal -0.831471 -0.555568 0
    outer loop
      vertex 0.267949 1 42
      vertex 0.413293 0.782476 0
      vertex 0.413293 0.782476 42
    endloop
  endfacet
  facet normal -0.0653646 0.997861 0
    outer loop
      vertex 2 68 0
      vertex 1.73895 67.9829 42
      vertex 2 68 42
    endloop
  endfacet
  facet normal -0.0653646 0.997861 0
    outer loop
      vertex 1.73895 67.9829 42
      vertex 2 68 0
      vertex 1.73895 67.9829 0
    endloop
  endfacet
  facet normal 0.83205 0.5547 0
    outer loop
      vertex 113.732 67 42
      vertex 113.587 67.2175 0
      vertex 113.587 67.2175 42
    endloop
  endfacet
  facet normal 0.83205 0.5547 0
    outer loop
      vertex 113.587 67.2175 0
      vertex 113.732 67 42
      vertex 113.732 67 0
    endloop
  endfacet
  facet normal 0.947038 -0.321121 0
    outer loop
      vertex 113.848 1.23463 42
      vertex 113.932 1.48236 0
      vertex 113.932 1.48236 42
    endloop
  endfacet
  facet normal 0.947038 -0.321121 0
    outer loop
      vertex 113.932 1.48236 0
      vertex 113.848 1.23463 42
      vertex 113.848 1.23463 0
    endloop
  endfacet
  facet normal 0.322315 0.946632 -0
    outer loop
      vertex 112.765 67.8478 0
      vertex 112.518 67.9319 42
      vertex 112.765 67.8478 42
    endloop
  endfacet
  facet normal 0.322315 0.946632 0
    outer loop
      vertex 112.518 67.9319 42
      vertex 112.765 67.8478 0
      vertex 112.518 67.9319 0
    endloop
  endfacet
  facet normal -0.555452 0.831549 0
    outer loop
      vertex 1 67.732 0
      vertex 0.782476 67.5867 42
      vertex 1 67.732 42
    endloop
  endfacet
  facet normal -0.555452 0.831549 0
    outer loop
      vertex 0.782476 67.5867 42
      vertex 1 67.732 0
      vertex 0.782476 67.5867 0
    endloop
  endfacet
  facet normal -0.946957 0.321359 0
    outer loop
      vertex 0.0681477 66.5176 0
      vertex 0.152241 66.7654 42
      vertex 0.152241 66.7654 0
    endloop
  endfacet
  facet normal -0.946957 0.321359 0
    outer loop
      vertex 0.152241 66.7654 42
      vertex 0.0681477 66.5176 0
      vertex 0.0681477 66.5176 42
    endloop
  endfacet
  facet normal 0.750879 -0.66044 0
    outer loop
      vertex 113.414 0.585786 42
      vertex 113.587 0.782476 0
      vertex 113.587 0.782476 42
    endloop
  endfacet
  facet normal 0.750879 -0.66044 0
    outer loop
      vertex 113.587 0.782476 0
      vertex 113.414 0.585786 42
      vertex 113.414 0.585786 0
    endloop
  endfacet
  facet normal -0.194947 0.980814 0
    outer loop
      vertex 1.73895 67.9829 0
      vertex 1.48236 67.9319 42
      vertex 1.73895 67.9829 42
    endloop
  endfacet
  facet normal -0.194947 0.980814 0
    outer loop
      vertex 1.48236 67.9319 42
      vertex 1.73895 67.9829 0
      vertex 1.48236 67.9319 0
    endloop
  endfacet
  facet normal -0.442575 0.896731 0
    outer loop
      vertex 1.23463 67.8478 0
      vertex 1 67.732 42
      vertex 1.23463 67.8478 42
    endloop
  endfacet
  facet normal -0.442575 0.896731 0
    outer loop
      vertex 1 67.732 42
      vertex 1.23463 67.8478 0
      vertex 1 67.732 0
    endloop
  endfacet
  facet normal 0.554612 0.832109 -0
    outer loop
      vertex 113.218 67.5867 0
      vertex 113 67.732 42
      vertex 113.218 67.5867 42
    endloop
  endfacet
  facet normal 0.554612 0.832109 0
    outer loop
      vertex 113 67.732 42
      vertex 113.218 67.5867 0
      vertex 113 67.732 0
    endloop
  endfacet
  facet normal -0 0 -1
    outer loop
      vertex 30.9939 32.4285 0
      vertex 0 2 0
      vertex 30.9939 34.1849 0
    endloop
  endfacet
  facet normal 0 0 -1
    outer loop
      vertex 0 66 0
      vertex 30.9939 34.1849 0
      vertex 0 2 0
    endloop
  endfacet
  facet normal 0 0 -1
    outer loop
      vertex 0 2 0
      vertex 2 0 0
      vertex 1.73895 0.0171099 0
    endloop
  endfacet
  facet normal 0 0 -1
    outer loop
      vertex 30.9939 34.1849 0
      vertex 0 66 0
      vertex 15.8 68 0
    endloop
  endfacet
  facet normal 0 0 -1
    outer loop
      vertex 0 2 0
      vertex 1.73895 0.0171099 0
      vertex 1.48236 0.0681477 0
    endloop
  endfacet
  facet normal -0 0 -1
    outer loop
      vertex 15.8 68 0
      vertex 0 66 0
      vertex 2 68 0
    endloop
  endfacet
  facet normal 0 0 -1
    outer loop
      vertex 0 2 0
      vertex 1.48236 0.0681477 0
      vertex 1.23463 0.152241 0
    endloop
  endfacet
  facet normal 0 0 -1
    outer loop
      vertex 2 68 0
      vertex 0 66 0
      vertex 1.73895 67.9829 0
    endloop
  endfacet
  facet normal 0 0 -1
    outer loop
      vertex 0 2 0
      vertex 1.23463 0.152241 0
      vertex 1 0.267949 0
    endloop
  endfacet
  facet normal 0 0 -1
    outer loop
      vertex 1.73895 67.9829 0
      vertex 0 66 0
      vertex 1.48236 67.9319 0
    endloop
  endfacet
  facet normal 0 0 -1
    outer loop
      vertex 0 2 0
      vertex 1 0.267949 0
      vertex 0.782476 0.413293 0
    endloop
  endfacet
  facet normal 0 0 -1
    outer loop
      vertex 1.48236 67.9319 0
      vertex 0 66 0
      vertex 1.23463 67.8478 0
    endloop
  endfacet
  facet normal 0 0 -1
    outer loop
      vertex 0 2 0
      vertex 0.782476 0.413293 0
      vertex 0.585786 0.585786 0
    endloop
  endfacet
  facet normal 0 0 -1
    outer loop
      vertex 1.23463 67.8478 0
      vertex 0 66 0
      vertex 1 67.732 0
    endloop
  endfacet
  facet normal 0 0 -1
    outer loop
      vertex 0 2 0
      vertex 0.585786 0.585786 0
      vertex 0.413293 0.782476 0
    endloop
  endfacet
  facet normal 0 0 -1
    outer loop
      vertex 1 67.732 0
      vertex 0 66 0
      vertex 0.782476 67.5867 0
    endloop
  endfacet
  facet normal 0 0 -1
    outer loop
      vertex 0 2 0
      vertex 0.413293 0.782476 0
      vertex 0.267949 1 0
    endloop
  endfacet
  facet normal 0 0 -1
    outer loop
      vertex 0.782476 67.5867 0
      vertex 0 66 0
      vertex 0.585786 67.4142 0
    endloop
  endfacet
  facet normal 0 0 -1
    outer loop
      vertex 0 2 0
      vertex 0.267949 1 0
      vertex 0.152241 1.23463 0
    endloop
  endfacet
  facet normal 0 0 -1
    outer loop
      vertex 0.585786 67.4142 0
      vertex 0 66 0
      vertex 0.413293 67.2175 0
    endloop
  endfacet
  facet normal 0 0 -1
    outer loop
      vertex 0 2 0
      vertex 0.152241 1.23463 0
      vertex 0.0681477 1.48236 0
    endloop
  endfacet
  facet normal 0 0 -1
    outer loop
      vertex 0.413293 67.2175 0
      vertex 0 66 0
      vertex 0.267949 67 0
    endloop
  endfacet
  facet normal 0 0 -1
    outer loop
      vertex 0 2 0
      vertex 0.0681477 1.48236 0
      vertex 0.0171099 1.73895 0
    endloop
  endfacet
  facet normal 0 0 -1
    outer loop
      vertex 0.267949 67 0
      vertex 0 66 0
      vertex 0.152241 66.7654 0
    endloop
  endfacet
  facet normal 0 0 -1
    outer loop
      vertex 0.152241 66.7654 0
      vertex 0 66 0
      vertex 0.0681477 66.5176 0
    endloop
  endfacet
  facet normal 0 0 -1
    outer loop
      vertex 0.0681477 66.5176 0
      vertex 0 66 0
      vertex 0.0171099 66.2611 0
    endloop
  endfacet
  facet normal 0 0 -1
    outer loop
      vertex 30.9939 34.1849 0
      vertex 25.05 72 0
      vertex 29.8 68 0
    endloop
  endfacet
  facet normal 0 0 -1
    outer loop
      vertex 30.9939 34.1849 0
      vertex 25.0308 71.7063 0
      vertex 25.05 72 0
    endloop
  endfacet
  facet normal 0 0 -1
    outer loop
      vertex 24.585 -2.63029 0
      vertex 29.8 0 0
      vertex 24.7486 -2.875 0
    endloop
  endfacet
  facet normal 0 0 -1
    outer loop
      vertex 30.9939 34.1849 0
      vertex 24.9733 71.4177 0
      vertex 25.0308 71.7063 0
    endloop
  endfacet
  facet normal 0 0 -1
    outer loop
      vertex 24.391 -2.40901 0
      vertex 29.8 0 0
      vertex 24.585 -2.63029 0
    endloop
  endfacet
  facet normal 0 0 -1
    outer loop
      vertex 30.9939 34.1849 0
      vertex 24.8787 71.139 0
      vertex 24.9733 71.4177 0
    endloop
  endfacet
  facet normal 0 0 -1
    outer loop
      vertex 24.1697 -2.21496 0
      vertex 29.8 0 0
      vertex 24.391 -2.40901 0
    endloop
  endfacet
  facet normal 0 0 -1
    outer loop
      vertex 30.9939 34.1849 0
      vertex 24.7486 70.875 0
      vertex 24.8787 71.139 0
    endloop
  endfacet
  facet normal 0 0 -1
    outer loop
      vertex 23.925 -2.05144 0
      vertex 29.8 0 0
      vertex 24.1697 -2.21496 0
    endloop
  endfacet
  facet normal 0 0 -1
    outer loop
      vertex 30.9939 34.1849 0
      vertex 24.585 70.6303 0
      vertex 24.7486 70.875 0
    endloop
  endfacet
  facet normal 0 0 -1
    outer loop
      vertex 23.661 -1.92127 0
      vertex 29.8 0 0
      vertex 23.925 -2.05144 0
    endloop
  endfacet
  facet normal 0 0 -1
    outer loop
      vertex 30.9939 34.1849 0
      vertex 24.391 70.409 0
      vertex 24.585 70.6303 0
    endloop
  endfacet
  facet normal 0 0 -1
    outer loop
      vertex 23.3823 -1.82667 0
      vertex 29.8 0 0
      vertex 23.661 -1.92127 0
    endloop
  endfacet
  facet normal 0 0 -1
    outer loop
      vertex 30.9939 34.1849 0
      vertex 24.1697 70.215 0
      vertex 24.391 70.409 0
    endloop
  endfacet
  facet normal 0 0 -1
    outer loop
      vertex 23.0937 -1.76925 0
      vertex 29.8 0 0
      vertex 23.3823 -1.82667 0
    endloop
  endfacet
  facet normal 0 0 -1
    outer loop
      vertex 30.9939 34.1849 0
      vertex 23.925 70.0514 0
      vertex 24.1697 70.215 0
    endloop
  endfacet
  facet normal 0 0 -1
    outer loop
      vertex 22.8 -1.75 0
      vertex 29.8 0 0
      vertex 23.0937 -1.76925 0
    endloop
  endfacet
  facet normal 0 0 -1
    outer loop
      vertex 30.9939 34.1849 0
      vertex 23.661 69.9213 0
      vertex 23.925 70.0514 0
    endloop
  endfacet
  facet normal 0 0 -1
    outer loop
      vertex 15.8 0 0
      vertex 29.8 0 0
      vertex 22.8 -1.75 0
    endloop
  endfacet
  facet normal 0 0 -1
    outer loop
      vertex 30.9939 34.1849 0
      vertex 23.3823 69.8267 0
      vertex 23.661 69.9213 0
    endloop
  endfacet
  facet normal 0 0 -1
    outer loop
      vertex 29.8 0 0
      vertex 15.8 0 0
      vertex 30.9939 32.4285 0
    endloop
  endfacet
  facet normal 0 0 -1
    outer loop
      vertex 30.9939 34.1849 0
      vertex 23.0937 69.7692 0
      vertex 23.3823 69.8267 0
    endloop
  endfacet
  facet normal 0 0 -1
    outer loop
      vertex 0 2 0
      vertex 15.8 0 0
      vertex 2 0 0
    endloop
  endfacet
  facet normal 0 0 -1
    outer loop
      vertex 15.8 0 0
      vertex 0 2 0
      vertex 30.9939 32.4285 0
    endloop
  endfacet
  facet normal 0 0 -1
    outer loop
      vertex 15.8 0 0
      vertex 22.8 -1.75 0
      vertex 22.5063 -1.76925 0
    endloop
  endfacet
  facet normal 0 -0 -1
    outer loop
      vertex 22.8 69.75 0
      vertex 30.9939 34.1849 0
      vertex 15.8 68 0
    endloop
  endfacet
  facet normal 0 0 -1
    outer loop
      vertex 15.8 0 0
      vertex 22.5063 -1.76925 0
      vertex 22.2177 -1.82667 0
    endloop
  endfacet
  facet normal 0 0 -1
    outer loop
      vertex 30.9939 34.1849 0
      vertex 22.8 69.75 0
      vertex 23.0937 69.7692 0
    endloop
  endfacet
  facet normal 0 0 -1
    outer loop
      vertex 15.8 0 0
      vertex 22.2177 -1.82667 0
      vertex 21.939 -1.92127 0
    endloop
  endfacet
  facet normal -0 0 -1
    outer loop
      vertex 22.8 69.75 0
      vertex 15.8 68 0
      vertex 22.5063 69.7692 0
    endloop
  endfacet
  facet normal 0 0 -1
    outer loop
      vertex 15.8 0 0
      vertex 21.939 -1.92127 0
      vertex 21.675 -2.05144 0
    endloop
  endfacet
  facet normal -0 0 -1
    outer loop
      vertex 22.5063 69.7692 0
      vertex 15.8 68 0
      vertex 22.2177 69.8267 0
    endloop
  endfacet
  facet normal 0 0 -1
    outer loop
      vertex 15.8 0 0
      vertex 21.675 -2.05144 0
      vertex 21.4303 -2.21496 0
    endloop
  endfacet
  facet normal -0 0 -1
    outer loop
      vertex 22.2177 69.8267 0
      vertex 15.8 68 0
      vertex 21.939 69.9213 0
    endloop
  endfacet
  facet normal 0 0 -1
    outer loop
      vertex 15.8 0 0
      vertex 21.4303 -2.21496 0
      vertex 21.209 -2.40901 0
    endloop
  endfacet
  facet normal -0 0 -1
    outer loop
      vertex 21.939 69.9213 0
      vertex 15.8 68 0
      vertex 21.675 70.0514 0
    endloop
  endfacet
  facet normal 0 0 -1
    outer loop
      vertex 15.8 0 0
      vertex 21.209 -2.40901 0
      vertex 21.015 -2.63029 0
    endloop
  endfacet
  facet normal -0 0 -1
    outer loop
      vertex 21.675 70.0514 0
      vertex 15.8 68 0
      vertex 21.4303 70.215 0
    endloop
  endfacet
  facet normal 0 0 -1
    outer loop
      vertex 15.8 0 0
      vertex 21.015 -2.63029 0
      vertex 20.8514 -2.875 0
    endloop
  endfacet
  facet normal -0 0 -1
    outer loop
      vertex 21.4303 70.215 0
      vertex 15.8 68 0
      vertex 21.209 70.409 0
    endloop
  endfacet
  facet normal 0 0 -1
    outer loop
      vertex 15.8 0 0
      vertex 20.8514 -2.875 0
      vertex 20.7213 -3.13896 0
    endloop
  endfacet
  facet normal -0 0 -1
    outer loop
      vertex 21.209 70.409 0
      vertex 15.8 68 0
      vertex 21.015 70.6303 0
    endloop
  endfacet
  facet normal 0 0 -1
    outer loop
      vertex 15.8 0 0
      vertex 20.7213 -3.13896 0
      vertex 20.6267 -3.41766 0
    endloop
  endfacet
  facet normal -0 0 -1
    outer loop
      vertex 21.015 70.6303 0
      vertex 15.8 68 0
      vertex 20.8514 70.875 0
    endloop
  endfacet
  facet normal 0 0 -1
    outer loop
      vertex 15.8 0 0
      vertex 20.6267 -3.41766 0
      vertex 20.5692 -3.70632 0
    endloop
  endfacet
  facet normal -0 0 -1
    outer loop
      vertex 20.8514 70.875 0
      vertex 15.8 68 0
      vertex 20.7213 71.139 0
    endloop
  endfacet
  facet normal 0 0 -1
    outer loop
      vertex 15.8 0 0
      vertex 20.5692 -3.70632 0
      vertex 20.55 -4 0
    endloop
  endfacet
  facet normal -0 0 -1
    outer loop
      vertex 20.7213 71.139 0
      vertex 15.8 68 0
      vertex 20.6267 71.4177 0
    endloop
  endfacet
  facet normal 0 0 -1
    outer loop
      vertex 25.05 -4 0
      vertex 29.8 0 0
      vertex 29.8 -8 0
    endloop
  endfacet
  facet normal 0 0 -1
    outer loop
      vertex 25.0308 -3.70632 0
      vertex 29.8 0 0
      vertex 25.05 -4 0
    endloop
  endfacet
  facet normal 0 0 -1
    outer loop
      vertex 24.7486 -2.875 0
      vertex 29.8 0 0
      vertex 24.8787 -3.13896 0
    endloop
  endfacet
  facet normal 0 0 -1
    outer loop
      vertex 29.8 -8 0
      vertex 25.0308 -4.29368 0
      vertex 25.05 -4 0
    endloop
  endfacet
  facet normal 0 0 -1
    outer loop
      vertex 29.8 -8 0
      vertex 24.9733 -4.58234 0
      vertex 25.0308 -4.29368 0
    endloop
  endfacet
  facet normal 0 0 -1
    outer loop
      vertex 29.8 -8 0
      vertex 24.8787 -4.86104 0
      vertex 24.9733 -4.58234 0
    endloop
  endfacet
  facet normal 0 0 -1
    outer loop
      vertex 29.8 -8 0
      vertex 24.7486 -5.125 0
      vertex 24.8787 -4.86104 0
    endloop
  endfacet
  facet normal 0 0 -1
    outer loop
      vertex 29.8 -8 0
      vertex 24.585 -5.36971 0
      vertex 24.7486 -5.125 0
    endloop
  endfacet
  facet normal 0 0 -1
    outer loop
      vertex 29.8 -8 0
      vertex 24.391 -5.59099 0
      vertex 24.585 -5.36971 0
    endloop
  endfacet
  facet normal 0 0 -1
    outer loop
      vertex 29.8 -8 0
      vertex 24.1697 -5.78505 0
      vertex 24.391 -5.59099 0
    endloop
  endfacet
  facet normal 0 0 -1
    outer loop
      vertex 29.8 -8 0
      vertex 23.925 -5.94856 0
      vertex 24.1697 -5.78505 0
    endloop
  endfacet
  facet normal 0 0 -1
    outer loop
      vertex 29.8 -8 0
      vertex 23.661 -6.07873 0
      vertex 23.925 -5.94856 0
    endloop
  endfacet
  facet normal 0 0 -1
    outer loop
      vertex 29.8 -8 0
      vertex 23.3823 -6.17333 0
      vertex 23.661 -6.07873 0
    endloop
  endfacet
  facet normal 0 0 -1
    outer loop
      vertex 29.8 -8 0
      vertex 23.0937 -6.23075 0
      vertex 23.3823 -6.17333 0
    endloop
  endfacet
  facet normal 0 0 -1
    outer loop
      vertex 29.8 -8 0
      vertex 22.8 -6.25 0
      vertex 23.0937 -6.23075 0
    endloop
  endfacet
  facet normal 0 0 -1
    outer loop
      vertex 15.8 -8 0
      vertex 22.8 -6.25 0
      vertex 29.8 -8 0
    endloop
  endfacet
  facet normal -0 0 -1
    outer loop
      vertex 22.8 -6.25 0
      vertex 15.8 -8 0
      vertex 22.5063 -6.23075 0
    endloop
  endfacet
  facet normal 0 0 -1
    outer loop
      vertex 15.8 0 0
      vertex 20.55 -4 0
      vertex 15.8 -8 0
    endloop
  endfacet
  facet normal -0 0 -1
    outer loop
      vertex 20.5692 -4.29368 0
      vertex 15.8 -8 0
      vertex 20.55 -4 0
    endloop
  endfacet
  facet normal -0 0 -1
    outer loop
      vertex 20.6267 -4.58234 0
      vertex 15.8 -8 0
      vertex 20.5692 -4.29368 0
    endloop
  endfacet
  facet normal -0 0 -1
    outer loop
      vertex 20.7213 -4.86104 0
      vertex 15.8 -8 0
      vertex 20.6267 -4.58234 0
    endloop
  endfacet
  facet normal -0 0 -1
    outer loop
      vertex 20.8514 -5.125 0
      vertex 15.8 -8 0
      vertex 20.7213 -4.86104 0
    endloop
  endfacet
  facet normal -0 0 -1
    outer loop
      vertex 21.015 -5.36971 0
      vertex 15.8 -8 0
      vertex 20.8514 -5.125 0
    endloop
  endfacet
  facet normal -0 0 -1
    outer loop
      vertex 21.209 -5.59099 0
      vertex 15.8 -8 0
      vertex 21.015 -5.36971 0
    endloop
  endfacet
  facet normal -0 0 -1
    outer loop
      vertex 21.4303 -5.78505 0
      vertex 15.8 -8 0
      vertex 21.209 -5.59099 0
    endloop
  endfacet
  facet normal -0 0 -1
    outer loop
      vertex 21.675 -5.94856 0
      vertex 15.8 -8 0
      vertex 21.4303 -5.78505 0
    endloop
  endfacet
  facet normal -0 0 -1
    outer loop
      vertex 21.939 -6.07873 0
      vertex 15.8 -8 0
      vertex 21.675 -5.94856 0
    endloop
  endfacet
  facet normal -0 0 -1
    outer loop
      vertex 22.2177 -6.17333 0
      vertex 15.8 -8 0
      vertex 21.939 -6.07873 0
    endloop
  endfacet
  facet normal -0 0 -1
    outer loop
      vertex 22.5063 -6.23075 0
      vertex 15.8 -8 0
      vertex 22.2177 -6.17333 0
    endloop
  endfacet
  facet normal 0 0 -1
    outer loop
      vertex 29.8 68 0
      vertex 25.05 72 0
      vertex 29.8 76 0
    endloop
  endfacet
  facet normal 0 0 -1
    outer loop
      vertex 25.0308 72.2937 0
      vertex 29.8 76 0
      vertex 25.05 72 0
    endloop
  endfacet
  facet normal 0 0 -1
    outer loop
      vertex 24.9733 72.5823 0
      vertex 29.8 76 0
      vertex 25.0308 72.2937 0
    endloop
  endfacet
  facet normal 0 0 -1
    outer loop
      vertex 24.8787 72.861 0
      vertex 29.8 76 0
      vertex 24.9733 72.5823 0
    endloop
  endfacet
  facet normal 0 0 -1
    outer loop
      vertex 24.7486 73.125 0
      vertex 29.8 76 0
      vertex 24.8787 72.861 0
    endloop
  endfacet
  facet normal 0 0 -1
    outer loop
      vertex 24.585 73.3697 0
      vertex 29.8 76 0
      vertex 24.7486 73.125 0
    endloop
  endfacet
  facet normal 0 0 -1
    outer loop
      vertex 24.391 73.591 0
      vertex 29.8 76 0
      vertex 24.585 73.3697 0
    endloop
  endfacet
  facet normal 0 0 -1
    outer loop
      vertex 24.1697 73.785 0
      vertex 29.8 76 0
      vertex 24.391 73.591 0
    endloop
  endfacet
  facet normal 0 0 -1
    outer loop
      vertex 23.925 73.9486 0
      vertex 29.8 76 0
      vertex 24.1697 73.785 0
    endloop
  endfacet
  facet normal 0 0 -1
    outer loop
      vertex 23.661 74.0787 0
      vertex 29.8 76 0
      vertex 23.925 73.9486 0
    endloop
  endfacet
  facet normal 0 0 -1
    outer loop
      vertex 23.3823 74.1733 0
      vertex 29.8 76 0
      vertex 23.661 74.0787 0
    endloop
  endfacet
  facet normal 0 0 -1
    outer loop
      vertex 23.0937 74.2308 0
      vertex 29.8 76 0
      vertex 23.3823 74.1733 0
    endloop
  endfacet
  facet normal 0 0 -1
    outer loop
      vertex 22.8 74.25 0
      vertex 29.8 76 0
      vertex 23.0937 74.2308 0
    endloop
  endfacet
  facet normal 0 0 -1
    outer loop
      vertex 15.8 76 0
      vertex 22.8 74.25 0
      vertex 22.5063 74.2308 0
    endloop
  endfacet
  facet normal 0 0 -1
    outer loop
      vertex 15.8 76 0
      vertex 22.5063 74.2308 0
      vertex 22.2177 74.1733 0
    endloop
  endfacet
  facet normal -0 0 -1
    outer loop
      vertex 20.6267 71.4177 0
      vertex 15.8 68 0
      vertex 20.5692 71.7063 0
    endloop
  endfacet
  facet normal -0 0 -1
    outer loop
      vertex 20.5692 71.7063 0
      vertex 15.8 68 0
      vertex 20.55 72 0
    endloop
  endfacet
  facet normal 0 0 -1
    outer loop
      vertex 15.8 76 0
      vertex 20.55 72 0
      vertex 15.8 68 0
    endloop
  endfacet
  facet normal 0 0 -1
    outer loop
      vertex 20.55 72 0
      vertex 15.8 76 0
      vertex 20.5692 72.2937 0
    endloop
  endfacet
  facet normal 0 0 -1
    outer loop
      vertex 20.5692 72.2937 0
      vertex 15.8 76 0
      vertex 20.6267 72.5823 0
    endloop
  endfacet
  facet normal 0 0 -1
    outer loop
      vertex 20.6267 72.5823 0
      vertex 15.8 76 0
      vertex 20.7213 72.861 0
    endloop
  endfacet
  facet normal 0 0 -1
    outer loop
      vertex 20.7213 72.861 0
      vertex 15.8 76 0
      vertex 20.8514 73.125 0
    endloop
  endfacet
  facet normal 0 0 -1
    outer loop
      vertex 20.8514 73.125 0
      vertex 15.8 76 0
      vertex 21.015 73.3697 0
    endloop
  endfacet
  facet normal 0 0 -1
    outer loop
      vertex 22.8 74.25 0
      vertex 15.8 76 0
      vertex 29.8 76 0
    endloop
  endfacet
  facet normal 0 0 -1
    outer loop
      vertex 21.939 74.0787 0
      vertex 15.8 76 0
      vertex 22.2177 74.1733 0
    endloop
  endfacet
  facet normal 0 0 -1
    outer loop
      vertex 21.675 73.9486 0
      vertex 15.8 76 0
      vertex 21.939 74.0787 0
    endloop
  endfacet
  facet normal 0 0 -1
    outer loop
      vertex 21.4303 73.785 0
      vertex 15.8 76 0
      vertex 21.675 73.9486 0
    endloop
  endfacet
  facet normal 0 0 -1
    outer loop
      vertex 21.209 73.591 0
      vertex 15.8 76 0
      vertex 21.4303 73.785 0
    endloop
  endfacet
  facet normal 0 0 -1
    outer loop
      vertex 21.015 73.3697 0
      vertex 15.8 76 0
      vertex 21.209 73.591 0
    endloop
  endfacet
  facet normal 0 0 -1
    outer loop
      vertex 33.0757 34.1849 0
      vertex 34.6727 34.0764 0
      vertex 34.6649 33.8524 0
    endloop
  endfacet
  facet normal 0 0 -1
    outer loop
      vertex 34.6727 34.0764 0
      vertex 33.0757 34.1849 0
      vertex 34.6652 34.2965 0
    endloop
  endfacet
  facet normal 0 0 -1
    outer loop
      vertex 33.0757 34.1849 0
      vertex 34.6649 33.8524 0
      vertex 34.6418 33.6434 0
    endloop
  endfacet
  facet normal -0 0 -1
    outer loop
      vertex 34.6652 34.2965 0
      vertex 33.0757 34.1849 0
      vertex 34.6428 34.5015 0
    endloop
  endfacet
  facet normal 0 0 -1
    outer loop
      vertex 33.0757 33.4457 0
      vertex 34.6418 33.6434 0
      vertex 34.6032 33.4494 0
    endloop
  endfacet
  facet normal -0 0 -1
    outer loop
      vertex 34.6428 34.5015 0
      vertex 33.0757 34.1849 0
      vertex 34.6054 34.6915 0
    endloop
  endfacet
  facet normal 0 0 -1
    outer loop
      vertex 33.0757 33.4457 0
      vertex 34.6032 33.4494 0
      vertex 34.5492 33.2704 0
    endloop
  endfacet
  facet normal -0 0 -1
    outer loop
      vertex 34.6054 34.6915 0
      vertex 33.0757 34.1849 0
      vertex 34.5531 34.8663 0
    endloop
  endfacet
  facet normal 0 0 -1
    outer loop
      vertex 33.0757 33.4457 0
      vertex 34.5492 33.2704 0
      vertex 34.4798 33.1064 0
    endloop
  endfacet
  facet normal -0 0 -1
    outer loop
      vertex 34.5531 34.8663 0
      vertex 33.0757 34.1849 0
      vertex 34.4859 35.0261 0
    endloop
  endfacet
  facet normal 0 0 -1
    outer loop
      vertex 33.0757 33.4457 0
      vertex 34.4798 33.1064 0
      vertex 34.3949 32.9575 0
    endloop
  endfacet
  facet normal -0 0 -1
    outer loop
      vertex 34.4859 35.0261 0
      vertex 33.0757 34.1849 0
      vertex 34.4037 35.1708 0
    endloop
  endfacet
  facet normal 0 0 -1
    outer loop
      vertex 33.0757 33.4457 0
      vertex 34.3949 32.9575 0
      vertex 34.2946 32.8235 0
    endloop
  endfacet
  facet normal -0 0 -1
    outer loop
      vertex 34.4037 35.1708 0
      vertex 33.0757 34.1849 0
      vertex 34.3065 35.3004 0
    endloop
  endfacet
  facet normal 0 0 -1
    outer loop
      vertex 33.0757 33.4457 0
      vertex 34.2946 32.8235 0
      vertex 34.1803 32.7061 0
    endloop
  endfacet
  facet normal -0 0 -1
    outer loop
      vertex 34.3065 35.3004 0
      vertex 33.0757 34.1849 0
      vertex 34.195 35.4137 0
    endloop
  endfacet
  facet normal 0 0 -1
    outer loop
      vertex 33.0757 33.4457 0
      vertex 34.1803 32.7061 0
      vertex 34.0535 32.6068 0
    endloop
  endfacet
  facet normal -0 0 -1
    outer loop
      vertex 34.195 35.4137 0
      vertex 33.0757 34.1849 0
      vertex 34.0696 35.5096 0
    endloop
  endfacet
  facet normal 0 0 -1
    outer loop
      vertex 33.0757 33.4457 0
      vertex 34.0535 32.6068 0
      vertex 33.9142 32.5255 0
    endloop
  endfacet
  facet normal -0 0 -1
    outer loop
      vertex 34.0696 35.5096 0
      vertex 33.0757 34.1849 0
      vertex 33.9303 35.5881 0
    endloop
  endfacet
  facet normal 0 0 -1
    outer loop
      vertex 33.0757 33.4457 0
      vertex 33.9142 32.5255 0
      vertex 33.7624 32.4623 0
    endloop
  endfacet
  facet normal -0 0 -1
    outer loop
      vertex 33.9303 35.5881 0
      vertex 33.0757 34.1849 0
      vertex 33.7773 35.6491 0
    endloop
  endfacet
  facet normal 0 0 -1
    outer loop
      vertex 33.0757 33.4457 0
      vertex 33.7624 32.4623 0
      vertex 33.598 32.4172 0
    endloop
  endfacet
  facet normal -0 0 -1
    outer loop
      vertex 33.7773 35.6491 0
      vertex 33.0757 34.1849 0
      vertex 33.6104 35.6927 0
    endloop
  endfacet
  facet normal 0 0 -1
    outer loop
      vertex 33.0757 33.4457 0
      vertex 33.598 32.4172 0
      vertex 33.4211 32.3901 0
    endloop
  endfacet
  facet normal -0 0 -1
    outer loop
      vertex 33.6104 35.6927 0
      vertex 33.0757 34.1849 0
      vertex 33.4296 35.7188 0
    endloop
  endfacet
  facet normal 0 0 -1
    outer loop
      vertex 33.0757 33.4457 0
      vertex 33.4211 32.3901 0
      vertex 33.2317 32.381 0
    endloop
  endfacet
  facet normal 0 0 -1
    outer loop
      vertex 33.0757 33.4457 0
      vertex 33.2317 32.381 0
      vertex 33.1207 32.3833 0
    endloop
  endfacet
  facet normal -0 0 -1
    outer loop
      vertex 34.6418 33.6434 0
      vertex 33.0757 33.4457 0
      vertex 33.0757 34.1849 0
    endloop
  endfacet
  facet normal -0 0 -1
    outer loop
      vertex 33.4296 35.7188 0
      vertex 33.0757 34.1849 0
      vertex 33.2351 35.7276 0
    endloop
  endfacet
  facet normal 0 0 -1
    outer loop
      vertex 33.0108 32.3903 0
      vertex 33.0757 33.4457 0
      vertex 33.1207 32.3833 0
    endloop
  endfacet
  facet normal 0 0 -1
    outer loop
      vertex 32.9018 32.4019 0
      vertex 33.0757 33.4457 0
      vertex 33.0108 32.3903 0
    endloop
  endfacet
  facet normal 0 0 -1
    outer loop
      vertex 32.7938 32.4181 0
      vertex 33.0757 33.4457 0
      vertex 32.9018 32.4019 0
    endloop
  endfacet
  facet normal 0 0 -1
    outer loop
      vertex 32.6868 32.439 0
      vertex 33.0757 33.4457 0
      vertex 32.7938 32.4181 0
    endloop
  endfacet
  facet normal 0 0 -1
    outer loop
      vertex 32.5807 32.4645 0
      vertex 33.0757 33.4457 0
      vertex 32.6868 32.439 0
    endloop
  endfacet
  facet normal 0 0 -1
    outer loop
      vertex 32.4756 32.4946 0
      vertex 33.0757 33.4457 0
      vertex 32.5807 32.4645 0
    endloop
  endfacet
  facet normal 0 0 -1
    outer loop
      vertex 32.3743 32.5284 0
      vertex 33.0757 33.4457 0
      vertex 32.4756 32.4946 0
    endloop
  endfacet
  facet normal 0 0 -1
    outer loop
      vertex 32.2799 32.5647 0
      vertex 33.0757 33.4457 0
      vertex 32.3743 32.5284 0
    endloop
  endfacet
  facet normal 0 0 -1
    outer loop
      vertex 32.1922 32.6035 0
      vertex 33.0757 33.4457 0
      vertex 32.2799 32.5647 0
    endloop
  endfacet
  facet normal 0 0 -1
    outer loop
      vertex 31.9093 33.4457 0
      vertex 32.1922 32.6035 0
      vertex 32.1113 32.6449 0
    endloop
  endfacet
  facet normal 0 0 -1
    outer loop
      vertex 31.9093 33.4457 0
      vertex 32.1113 32.6449 0
      vertex 32.0372 32.6889 0
    endloop
  endfacet
  facet normal 0 0 -1
    outer loop
      vertex 31.9093 33.4457 0
      vertex 32.0372 32.6889 0
      vertex 31.9699 32.7354 0
    endloop
  endfacet
  facet normal 0 0 -1
    outer loop
      vertex 31.9093 33.4457 0
      vertex 31.9699 32.7354 0
      vertex 31.9093 32.7845 0
    endloop
  endfacet
  facet normal 0 0 -1
    outer loop
      vertex 32.1922 32.6035 0
      vertex 31.9093 33.4457 0
      vertex 33.0757 33.4457 0
    endloop
  endfacet
  facet normal 0 0 -1
    outer loop
      vertex 33.2351 35.7276 0
      vertex 33.0757 34.1849 0
      vertex 33.1143 35.7238 0
    endloop
  endfacet
  facet normal 0 0 -1
    outer loop
      vertex 33.0757 34.1849 0
      vertex 32.9981 35.7123 0
      vertex 33.1143 35.7238 0
    endloop
  endfacet
  facet normal 0 0 -1
    outer loop
      vertex 33.0757 34.1849 0
      vertex 32.8865 35.6933 0
      vertex 32.9981 35.7123 0
    endloop
  endfacet
  facet normal 0 0 -1
    outer loop
      vertex 33.0757 34.1849 0
      vertex 32.7795 35.6667 0
      vertex 32.8865 35.6933 0
    endloop
  endfacet
  facet normal 0 0 -1
    outer loop
      vertex 33.0757 34.1849 0
      vertex 32.677 35.6324 0
      vertex 32.7795 35.6667 0
    endloop
  endfacet
  facet normal 0 0 -1
    outer loop
      vertex 33.0757 34.1849 0
      vertex 32.5791 35.5905 0
      vertex 32.677 35.6324 0
    endloop
  endfacet
  facet normal 0 0 -1
    outer loop
      vertex 33.0757 34.1849 0
      vertex 32.4858 35.5411 0
      vertex 32.5791 35.5905 0
    endloop
  endfacet
  facet normal 0 0 -1
    outer loop
      vertex 33.0757 34.1849 0
      vertex 32.3981 35.4842 0
      vertex 32.4858 35.5411 0
    endloop
  endfacet
  facet normal 0 0 -1
    outer loop
      vertex 33.0757 34.1849 0
      vertex 32.3175 35.4201 0
      vertex 32.3981 35.4842 0
    endloop
  endfacet
  facet normal 0 0 -1
    outer loop
      vertex 33.0757 34.1849 0
      vertex 32.2437 35.3489 0
      vertex 32.3175 35.4201 0
    endloop
  endfacet
  facet normal 0 0 -1
    outer loop
      vertex 33.0757 34.1849 0
      vertex 32.1768 35.2704 0
      vertex 32.2437 35.3489 0
    endloop
  endfacet
  facet normal 0 0 -1
    outer loop
      vertex 33.0757 34.1849 0
      vertex 32.1169 35.1847 0
      vertex 32.1768 35.2704 0
    endloop
  endfacet
  facet normal 0 0 -1
    outer loop
      vertex 33.0757 34.1849 0
      vertex 32.0639 35.0919 0
      vertex 32.1169 35.1847 0
    endloop
  endfacet
  facet normal 0 0 -1
    outer loop
      vertex 33.0757 34.1849 0
      vertex 32.0178 34.9918 0
      vertex 32.0639 35.0919 0
    endloop
  endfacet
  facet normal 0 0 -1
    outer loop
      vertex 30.9939 34.1849 0
      vertex 32.0178 34.9918 0
      vertex 33.0757 34.1849 0
    endloop
  endfacet
  facet normal -0 0 -1
    outer loop
      vertex 32.0178 34.9918 0
      vertex 30.9939 34.1849 0
      vertex 31.0956 35.2699 0
    endloop
  endfacet
  facet normal 0 0 -1
    outer loop
      vertex 39.2549 36.443 0
      vertex 37.2023 33.5441 0
      vertex 37.2035 33.6661 0
    endloop
  endfacet
  facet normal 0 0 -1
    outer loop
      vertex 39.2549 36.443 0
      vertex 37.1985 33.4184 0
      vertex 37.2023 33.5441 0
    endloop
  endfacet
  facet normal 0 0 -1
    outer loop
      vertex 39.2549 36.443 0
      vertex 37.1923 33.2889 0
      vertex 37.1985 33.4184 0
    endloop
  endfacet
  facet normal 0 0 -1
    outer loop
      vertex 39.2549 36.443 0
      vertex 37.1836 33.1557 0
      vertex 37.1923 33.2889 0
    endloop
  endfacet
  facet normal 0 0 -1
    outer loop
      vertex 39.2549 36.443 0
      vertex 37.1724 33.0188 0
      vertex 37.1836 33.1557 0
    endloop
  endfacet
  facet normal 0 0 -1
    outer loop
      vertex 39.2549 36.443 0
      vertex 37.1587 32.8781 0
      vertex 37.1724 33.0188 0
    endloop
  endfacet
  facet normal 0 -0 -1
    outer loop
      vertex 37.1587 32.8781 0
      vertex 39.2549 36.443 0
      vertex 37.1425 32.7337 0
    endloop
  endfacet
  facet normal -0 0 -1
    outer loop
      vertex 39.554 35.1957 0
      vertex 37.4884 31.6656 0
      vertex 39.5702 35.3445 0
    endloop
  endfacet
  facet normal -0 0 -1
    outer loop
      vertex 39.5403 35.0555 0
      vertex 37.4884 31.6656 0
      vertex 39.554 35.1957 0
    endloop
  endfacet
  facet normal -0 0 -1
    outer loop
      vertex 39.5291 34.9239 0
      vertex 37.4884 31.6656 0
      vertex 39.5403 35.0555 0
    endloop
  endfacet
  facet normal -0 0 -1
    outer loop
      vertex 39.5204 34.8008 0
      vertex 37.4884 31.6656 0
      vertex 39.5291 34.9239 0
    endloop
  endfacet
  facet normal -0 0 -1
    outer loop
      vertex 39.5141 34.6864 0
      vertex 37.4884 31.6656 0
      vertex 39.5204 34.8008 0
    endloop
  endfacet
  facet normal -0 0 -1
    outer loop
      vertex 39.5104 34.5805 0
      vertex 37.4884 31.6656 0
      vertex 39.5141 34.6864 0
    endloop
  endfacet
  facet normal 0 0 -1
    outer loop
      vertex 37.4884 31.6656 0
      vertex 39.5104 34.5805 0
      vertex 39.5092 34.4832 0
    endloop
  endfacet
  facet normal 0 0 -1
    outer loop
      vertex 42.1748 33.4095 0
      vertex 44.3422 33.5339 0
      vertex 44.3367 33.3777 0
    endloop
  endfacet
  facet normal 0 0 -1
    outer loop
      vertex 48.7265 34.8659 0
      vertex 48.8839 35.1841 0
      vertex 48.878 35.1349 0
    endloop
  endfacet
  facet normal 0 0 -1
    outer loop
      vertex 48.7265 34.8659 0
      vertex 48.878 35.1349 0
      vertex 48.8682 35.0886 0
    endloop
  endfacet
  facet normal -0 0 -1
    outer loop
      vertex 48.8839 35.1841 0
      vertex 48.7265 34.8659 0
      vertex 48.8859 35.236 0
    endloop
  endfacet
  facet normal 0 0 -1
    outer loop
      vertex 48.7598 34.8976 0
      vertex 48.8682 35.0886 0
      vertex 48.8544 35.045 0
    endloop
  endfacet
  facet normal 0 0 -1
    outer loop
      vertex 48.7598 34.8976 0
      vertex 48.8544 35.045 0
      vertex 48.8366 35.0041 0
    endloop
  endfacet
  facet normal 0 0 -1
    outer loop
      vertex 48.7893 34.9308 0
      vertex 48.8366 35.0041 0
      vertex 48.8149 34.9661 0
    endloop
  endfacet
  facet normal 0 0 -1
    outer loop
      vertex 48.7598 34.8976 0
      vertex 48.8366 35.0041 0
      vertex 48.7893 34.9308 0
    endloop
  endfacet
  facet normal 0 0 -1
    outer loop
      vertex 48.8682 35.0886 0
      vertex 48.7598 34.8976 0
      vertex 48.7265 34.8659 0
    endloop
  endfacet
  facet normal 0 0 -1
    outer loop
      vertex 48.6894 34.8356 0
      vertex 48.8859 35.236 0
      vertex 48.7265 34.8659 0
    endloop
  endfacet
  facet normal 0 0 -1
    outer loop
      vertex 48.5892 35.7009 0
      vertex 48.8859 35.236 0
      vertex 48.6894 34.8356 0
    endloop
  endfacet
  facet normal 0 0 -1
    outer loop
      vertex 48.8674 35.3871 0
      vertex 48.719 35.6196 0
      vertex 48.8117 35.515 0
    endloop
  endfacet
  facet normal 0 0 -1
    outer loop
      vertex 48.8859 35.236 0
      vertex 48.5892 35.7009 0
      vertex 48.8674 35.3871 0
    endloop
  endfacet
  facet normal 0 0 -1
    outer loop
      vertex 48.5892 35.7009 0
      vertex 48.6894 34.8356 0
      vertex 48.6484 34.8068 0
    endloop
  endfacet
  facet normal 0 0 -1
    outer loop
      vertex 48.5892 35.7009 0
      vertex 48.6484 34.8068 0
      vertex 48.6037 34.7794 0
    endloop
  endfacet
  facet normal 0 0 -1
    outer loop
      vertex 48.8674 35.3871 0
      vertex 48.5892 35.7009 0
      vertex 48.719 35.6196 0
    endloop
  endfacet
  facet normal 0 0 -1
    outer loop
      vertex 48.5552 34.7535 0
      vertex 48.5892 35.7009 0
      vertex 48.6037 34.7794 0
    endloop
  endfacet
  facet normal 0 0 -1
    outer loop
      vertex 48.4223 35.7591 0
      vertex 48.5552 34.7535 0
      vertex 48.5028 34.729 0
    endloop
  endfacet
  facet normal 0 0 -1
    outer loop
      vertex 48.4223 35.7591 0
      vertex 48.5028 34.729 0
      vertex 48.4406 34.7044 0
    endloop
  endfacet
  facet normal 0 0 -1
    outer loop
      vertex 48.5552 34.7535 0
      vertex 48.4223 35.7591 0
      vertex 48.5892 35.7009 0
    endloop
  endfacet
  facet normal 0 0 -1
    outer loop
      vertex 48.3625 34.6781 0
      vertex 48.4223 35.7591 0
      vertex 48.4406 34.7044 0
    endloop
  endfacet
  facet normal 0 0 -1
    outer loop
      vertex 48.2183 35.7939 0
      vertex 48.3625 34.6781 0
      vertex 48.2684 34.65 0
    endloop
  endfacet
  facet normal 0 0 -1
    outer loop
      vertex 48.3625 34.6781 0
      vertex 48.2183 35.7939 0
      vertex 48.4223 35.7591 0
    endloop
  endfacet
  facet normal 0 0 -1
    outer loop
      vertex 47.9772 35.8056 0
      vertex 48.2684 34.65 0
      vertex 48.1585 34.6203 0
    endloop
  endfacet
  facet normal 0 0 -1
    outer loop
      vertex 47.9772 35.8056 0
      vertex 48.1585 34.6203 0
      vertex 48.0326 34.5887 0
    endloop
  endfacet
  facet normal 0 0 -1
    outer loop
      vertex 48.2684 34.65 0
      vertex 47.9772 35.8056 0
      vertex 48.2183 35.7939 0
    endloop
  endfacet
  facet normal 0 0 -1
    outer loop
      vertex 47.7493 35.7928 0
      vertex 48.0326 34.5887 0
      vertex 47.8908 34.5555 0
    endloop
  endfacet
  facet normal 0 0 -1
    outer loop
      vertex 48.0326 34.5887 0
      vertex 47.8592 35.8024 0
      vertex 47.9772 35.8056 0
    endloop
  endfacet
  facet normal 0 0 -1
    outer loop
      vertex 48.0326 34.5887 0
      vertex 47.7493 35.7928 0
      vertex 47.8592 35.8024 0
    endloop
  endfacet
  facet normal 0 0 -1
    outer loop
      vertex 47.3906 35.6909 0
      vertex 47.8908 34.5555 0
      vertex 47.7331 34.5205 0
    endloop
  endfacet
  facet normal 0 0 -1
    outer loop
      vertex 47.8908 34.5555 0
      vertex 47.6475 35.7769 0
      vertex 47.7493 35.7928 0
    endloop
  endfacet
  facet normal 0 0 -1
    outer loop
      vertex 47.8908 34.5555 0
      vertex 47.5538 35.7546 0
      vertex 47.6475 35.7769 0
    endloop
  endfacet
  facet normal 0 0 -1
    outer loop
      vertex 47.0177 35.1851 0
      vertex 47.7331 34.5205 0
      vertex 47.5444 34.4793 0
    endloop
  endfacet
  facet normal 0 0 -1
    outer loop
      vertex 47.8908 34.5555 0
      vertex 47.4681 35.726 0
      vertex 47.5538 35.7546 0
    endloop
  endfacet
  facet normal 0 0 -1
    outer loop
      vertex 47.8908 34.5555 0
      vertex 47.3906 35.6909 0
      vertex 47.4681 35.726 0
    endloop
  endfacet
  facet normal 0 0 -1
    outer loop
      vertex 47.0177 35.1851 0
      vertex 47.5444 34.4793 0
      vertex 47.3718 34.439 0
    endloop
  endfacet
  facet normal 0 0 -1
    outer loop
      vertex 47.7331 34.5205 0
      vertex 47.3212 35.6496 0
      vertex 47.3906 35.6909 0
    endloop
  endfacet
  facet normal 0 0 -1
    outer loop
      vertex 47.7331 34.5205 0
      vertex 47.2589 35.6019 0
      vertex 47.3212 35.6496 0
    endloop
  endfacet
  facet normal 0 0 -1
    outer loop
      vertex 47.0177 35.1851 0
      vertex 47.3718 34.439 0
      vertex 47.2151 34.3996 0
    endloop
  endfacet
  facet normal 0 0 -1
    outer loop
      vertex 47.7331 34.5205 0
      vertex 47.0177 35.1851 0
      vertex 47.0422 35.2701 0
    endloop
  endfacet
  facet normal 0 0 -1
    outer loop
      vertex 47.7331 34.5205 0
      vertex 47.0422 35.2701 0
      vertex 47.0729 35.3489 0
    endloop
  endfacet
  facet normal 0 0 -1
    outer loop
      vertex 47.7331 34.5205 0
      vertex 47.0729 35.3489 0
      vertex 47.11 35.4215 0
    endloop
  endfacet
  facet normal 0 0 -1
    outer loop
      vertex 47.0177 35.1851 0
      vertex 47.2151 34.3996 0
      vertex 47.0744 34.3611 0
    endloop
  endfacet
  facet normal 0 0 -1
    outer loop
      vertex 47.7331 34.5205 0
      vertex 47.203 35.548 0
      vertex 47.2589 35.6019 0
    endloop
  endfacet
  facet normal 0 0 -1
    outer loop
      vertex 47.7331 34.5205 0
      vertex 47.11 35.4215 0
      vertex 47.1533 35.4879 0
    endloop
  endfacet
  facet normal 0 0 -1
    outer loop
      vertex 47.7331 34.5205 0
      vertex 47.1533 35.4879 0
      vertex 47.203 35.548 0
    endloop
  endfacet
  facet normal 0 0 -1
    outer loop
      vertex 46.9497 34.3235 0
      vertex 47.0177 35.1851 0
      vertex 47.0744 34.3611 0
    endloop
  endfacet
  facet normal 0 0 -1
    outer loop
      vertex 46.8409 34.2868 0
      vertex 47.0177 35.1851 0
      vertex 46.9497 34.3235 0
    endloop
  endfacet
  facet normal 0 0 -1
    outer loop
      vertex 46.7482 34.251 0
      vertex 47.0177 35.1851 0
      vertex 46.8409 34.2868 0
    endloop
  endfacet
  facet normal 0 0 -1
    outer loop
      vertex 46.048 35.3173 0
      vertex 46.7482 34.251 0
      vertex 46.6659 34.2148 0
    endloop
  endfacet
  facet normal 0 0 -1
    outer loop
      vertex 46.048 35.3173 0
      vertex 46.6659 34.2148 0
      vertex 46.5887 34.1769 0
    endloop
  endfacet
  facet normal 0 0 -1
    outer loop
      vertex 46.048 35.3173 0
      vertex 46.5887 34.1769 0
      vertex 46.5166 34.1374 0
    endloop
  endfacet
  facet normal 0 0 -1
    outer loop
      vertex 46.048 35.3173 0
      vertex 46.5166 34.1374 0
      vertex 46.4495 34.0963 0
    endloop
  endfacet
  facet normal 0 0 -1
    outer loop
      vertex 46.048 35.3173 0
      vertex 46.4495 34.0963 0
      vertex 46.3875 34.0534 0
    endloop
  endfacet
  facet normal 0 0 -1
    outer loop
      vertex 46.048 35.3173 0
      vertex 46.3875 34.0534 0
      vertex 46.3305 34.0089 0
    endloop
  endfacet
  facet normal 0 0 -1
    outer loop
      vertex 46.048 35.3173 0
      vertex 46.3305 34.0089 0
      vertex 46.2786 33.9628 0
    endloop
  endfacet
  facet normal 0 0 -1
    outer loop
      vertex 46.048 35.3173 0
      vertex 46.2786 33.9628 0
      vertex 46.2308 33.9145 0
    endloop
  endfacet
  facet normal 0 0 -1
    outer loop
      vertex 46.048 35.3173 0
      vertex 46.2308 33.9145 0
      vertex 46.1864 33.8636 0
    endloop
  endfacet
  facet normal 0 0 -1
    outer loop
      vertex 45.3425 33.4559 0
      vertex 46.1864 33.8636 0
      vertex 46.1453 33.81 0
    endloop
  endfacet
  facet normal 0 0 -1
    outer loop
      vertex 45.3425 33.4559 0
      vertex 46.1453 33.81 0
      vertex 46.1075 33.7538 0
    endloop
  endfacet
  facet normal 0 0 -1
    outer loop
      vertex 46.7482 34.251 0
      vertex 46.048 35.3173 0
      vertex 47.0177 35.1851 0
    endloop
  endfacet
  facet normal 0 0 -1
    outer loop
      vertex 45.3425 33.4559 0
      vertex 46.1075 33.7538 0
      vertex 46.073 33.695 0
    endloop
  endfacet
  facet normal 0 0 -1
    outer loop
      vertex 45.3425 33.4559 0
      vertex 46.073 33.695 0
      vertex 46.0419 33.6335 0
    endloop
  endfacet
  facet normal 0 0 -1
    outer loop
      vertex 50.5713 35.3173 0
      vertex 49.8577 35.1068 0
      vertex 49.859 35.1783 0
    endloop
  endfacet
  facet normal 0 0 -1
    outer loop
      vertex 50.5131 33.5026 0
      vertex 49.8536 35.0377 0
      vertex 49.8577 35.1068 0
    endloop
  endfacet
  facet normal 0 0 -1
    outer loop
      vertex 50.5131 33.5026 0
      vertex 49.8469 34.9709 0
      vertex 49.8536 35.0377 0
    endloop
  endfacet
  facet normal 0 0 -1
    outer loop
      vertex 50.5131 33.5026 0
      vertex 49.8374 34.9065 0
      vertex 49.8469 34.9709 0
    endloop
  endfacet
  facet normal 0 0 -1
    outer loop
      vertex 50.5131 33.5026 0
      vertex 49.8253 34.8445 0
      vertex 49.8374 34.9065 0
    endloop
  endfacet
  facet normal 0 0 -1
    outer loop
      vertex 50.5131 33.5026 0
      vertex 49.8105 34.7847 0
      vertex 49.8253 34.8445 0
    endloop
  endfacet
  facet normal 0 0 -1
    outer loop
      vertex 50.5131 33.5026 0
      vertex 49.7929 34.7274 0
      vertex 49.8105 34.7847 0
    endloop
  endfacet
  facet normal 0 0 -1
    outer loop
      vertex 50.5131 33.5026 0
      vertex 49.773 34.6722 0
      vertex 49.7929 34.7274 0
    endloop
  endfacet
  facet normal 0 0 -1
    outer loop
      vertex 50.5131 33.5026 0
      vertex 49.7509 34.6191 0
      vertex 49.773 34.6722 0
    endloop
  endfacet
  facet normal 0 0 -1
    outer loop
      vertex 50.5131 33.5026 0
      vertex 49.7266 34.5681 0
      vertex 49.7509 34.6191 0
    endloop
  endfacet
  facet normal 0 0 -1
    outer loop
      vertex 50.5131 33.5026 0
      vertex 49.7002 34.5192 0
      vertex 49.7266 34.5681 0
    endloop
  endfacet
  facet normal 0 0 -1
    outer loop
      vertex 50.5131 33.5026 0
      vertex 49.6717 34.4724 0
      vertex 49.7002 34.5192 0
    endloop
  endfacet
  facet normal 0 0 -1
    outer loop
      vertex 50.5131 33.5026 0
      vertex 49.641 34.4276 0
      vertex 49.6717 34.4724 0
    endloop
  endfacet
  facet normal 0 0 -1
    outer loop
      vertex 50.5131 33.5026 0
      vertex 49.6082 34.3849 0
      vertex 49.641 34.4276 0
    endloop
  endfacet
  facet normal 0 0 -1
    outer loop
      vertex 50.5131 33.5026 0
      vertex 49.5732 34.3441 0
      vertex 49.6082 34.3849 0
    endloop
  endfacet
  facet normal 0 0 -1
    outer loop
      vertex 50.5131 33.5026 0
      vertex 49.5362 34.3051 0
      vertex 49.5732 34.3441 0
    endloop
  endfacet
  facet normal 0 0 -1
    outer loop
      vertex 50.5131 33.5026 0
      vertex 49.4971 34.2677 0
      vertex 49.5362 34.3051 0
    endloop
  endfacet
  facet normal 0 0 -1
    outer loop
      vertex 50.5131 33.5026 0
      vertex 49.4559 34.2321 0
      vertex 49.4971 34.2677 0
    endloop
  endfacet
  facet normal 0 0 -1
    outer loop
      vertex 50.5131 33.5026 0
      vertex 49.4127 34.1982 0
      vertex 49.4559 34.2321 0
    endloop
  endfacet
  facet normal 0 0 -1
    outer loop
      vertex 50.4926 33.433 0
      vertex 49.4127 34.1982 0
      vertex 50.5131 33.5026 0
    endloop
  endfacet
  facet normal 0 0 -1
    outer loop
      vertex 50.0828 32.91 0
      vertex 49.32 34.1357 0
      vertex 49.3674 34.1661 0
    endloop
  endfacet
  facet normal 0 0 -1
    outer loop
      vertex 49.1165 33.0693 0
      vertex 49.32 34.1357 0
      vertex 50.0828 32.91 0
    endloop
  endfacet
  facet normal 0 0 -1
    outer loop
      vertex 49.32 34.1357 0
      vertex 49.1165 33.0693 0
      vertex 49.2707 34.1067 0
    endloop
  endfacet
  facet normal 0 0 -1
    outer loop
      vertex 49.2707 34.1067 0
      vertex 49.1165 33.0693 0
      vertex 49.2198 34.0788 0
    endloop
  endfacet
  facet normal 0 0 -1
    outer loop
      vertex 49.2198 34.0788 0
      vertex 49.1165 33.0693 0
      vertex 49.1672 34.052 0
    endloop
  endfacet
  facet normal 0 0 -1
    outer loop
      vertex 49.1165 33.0693 0
      vertex 49.1129 34.0264 0
      vertex 49.1672 34.052 0
    endloop
  endfacet
  facet normal 0 0 -1
    outer loop
      vertex 48.3407 33.7891 0
      vertex 49.1165 33.0693 0
      vertex 49.0846 32.9651 0
    endloop
  endfacet
  facet normal 0 0 -1
    outer loop
      vertex 49.1165 33.0693 0
      vertex 49.057 34.0018 0
      vertex 49.1129 34.0264 0
    endloop
  endfacet
  facet normal 0 0 -1
    outer loop
      vertex 48.3407 33.7891 0
      vertex 49.0846 32.9651 0
      vertex 49.0451 32.8694 0
    endloop
  endfacet
  facet normal 0 0 -1
    outer loop
      vertex 49.1165 33.0693 0
      vertex 48.9995 33.9783 0
      vertex 49.057 34.0018 0
    endloop
  endfacet
  facet normal 0 0 -1
    outer loop
      vertex 48.3407 33.7891 0
      vertex 49.0451 32.8694 0
      vertex 48.998 32.7821 0
    endloop
  endfacet
  facet normal 0 0 -1
    outer loop
      vertex 48.3407 33.7891 0
      vertex 48.998 32.7821 0
      vertex 48.9432 32.7034 0
    endloop
  endfacet
  facet normal 0 0 -1
    outer loop
      vertex 49.1165 33.0693 0
      vertex 48.9402 33.956 0
      vertex 48.9995 33.9783 0
    endloop
  endfacet
  facet normal 0 0 -1
    outer loop
      vertex 48.1942 33.7543 0
      vertex 48.9432 32.7034 0
      vertex 48.8809 32.6332 0
    endloop
  endfacet
  facet normal 0 0 -1
    outer loop
      vertex 49.1165 33.0693 0
      vertex 48.8735 33.9332 0
      vertex 48.9402 33.956 0
    endloop
  endfacet
  facet normal 0 0 -1
    outer loop
      vertex 48.1942 33.7543 0
      vertex 48.8809 32.6332 0
      vertex 48.8109 32.5715 0
    endloop
  endfacet
  facet normal 0 0 -1
    outer loop
      vertex 49.1165 33.0693 0
      vertex 48.7935 33.9084 0
      vertex 48.8735 33.9332 0
    endloop
  endfacet
  facet normal 0 0 -1
    outer loop
      vertex 48.1942 33.7543 0
      vertex 48.8109 32.5715 0
      vertex 48.7334 32.5183 0
    endloop
  endfacet
  facet normal 0 0 -1
    outer loop
      vertex 49.1165 33.0693 0
      vertex 48.7002 33.8816 0
      vertex 48.7935 33.9084 0
    endloop
  endfacet
  facet normal 0 0 -1
    outer loop
      vertex 48.1942 33.7543 0
      vertex 48.7334 32.5183 0
      vertex 48.6475 32.4729 0
    endloop
  endfacet
  facet normal 0 0 -1
    outer loop
      vertex 49.1165 33.0693 0
      vertex 48.5936 33.8528 0
      vertex 48.7002 33.8816 0
    endloop
  endfacet
  facet normal 0 0 -1
    outer loop
      vertex 48.1942 33.7543 0
      vertex 48.6475 32.4729 0
      vertex 48.5526 32.4345 0
    endloop
  endfacet
  facet normal 0 0 -1
    outer loop
      vertex 49.1165 33.0693 0
      vertex 48.4738 33.8219 0
      vertex 48.5936 33.8528 0
    endloop
  endfacet
  facet normal 0 0 -1
    outer loop
      vertex 48.1942 33.7543 0
      vertex 48.5526 32.4345 0
      vertex 48.4487 32.403 0
    endloop
  endfacet
  facet normal 0 0 -1
    outer loop
      vertex 49.1165 33.0693 0
      vertex 48.3407 33.7891 0
      vertex 48.4738 33.8219 0
    endloop
  endfacet
  facet normal 0 0 -1
    outer loop
      vertex 48.1942 33.7543 0
      vertex 48.4487 32.403 0
      vertex 48.3359 32.3786 0
    endloop
  endfacet
  facet normal 0 0 -1
    outer loop
      vertex 48.0251 33.7192 0
      vertex 48.3359 32.3786 0
      vertex 48.214 32.3611 0
    endloop
  endfacet
  facet normal 0 0 -1
    outer loop
      vertex 48.9432 32.7034 0
      vertex 48.1942 33.7543 0
      vertex 48.3407 33.7891 0
    endloop
  endfacet
  facet normal 0 0 -1
    outer loop
      vertex 48.0251 33.7192 0
      vertex 48.214 32.3611 0
      vertex 48.0832 32.3506 0
    endloop
  endfacet
  facet normal 0 0 -1
    outer loop
      vertex 48.3359 32.3786 0
      vertex 48.0251 33.7192 0
      vertex 48.1942 33.7543 0
    endloop
  endfacet
  facet normal 0 0 -1
    outer loop
      vertex 47.8725 33.6856 0
      vertex 48.0832 32.3506 0
      vertex 47.9433 32.3471 0
    endloop
  endfacet
  facet normal 0 0 -1
    outer loop
      vertex 48.0832 32.3506 0
      vertex 47.8725 33.6856 0
      vertex 48.0251 33.7192 0
    endloop
  endfacet
  facet normal 0 0 -1
    outer loop
      vertex 47.9433 32.3471 0
      vertex 47.7362 33.6536 0
      vertex 47.8725 33.6856 0
    endloop
  endfacet
  facet normal 0 0 -1
    outer loop
      vertex 47.6654 32.3601 0
      vertex 47.7362 33.6536 0
      vertex 47.9433 32.3471 0
    endloop
  endfacet
  facet normal 0 0 -1
    outer loop
      vertex 47.6654 32.3601 0
      vertex 47.6163 33.623 0
      vertex 47.7362 33.6536 0
    endloop
  endfacet
  facet normal 0 0 -1
    outer loop
      vertex 47.6654 32.3601 0
      vertex 47.5128 33.5941 0
      vertex 47.6163 33.623 0
    endloop
  endfacet
  facet normal 0 0 -1
    outer loop
      vertex 47.4258 33.5666 0
      vertex 47.6654 32.3601 0
      vertex 47.4302 32.3992 0
    endloop
  endfacet
  facet normal 0 0 -1
    outer loop
      vertex 47.6654 32.3601 0
      vertex 47.4258 33.5666 0
      vertex 47.5128 33.5941 0
    endloop
  endfacet
  facet normal 0 0 -1
    outer loop
      vertex 47.4302 32.3992 0
      vertex 47.3551 33.5406 0
      vertex 47.4258 33.5666 0
    endloop
  endfacet
  facet normal 0 0 -1
    outer loop
      vertex 47.4302 32.3992 0
      vertex 47.2946 33.5145 0
      vertex 47.3551 33.5406 0
    endloop
  endfacet
  facet normal 0 0 -1
    outer loop
      vertex 47.4302 32.3992 0
      vertex 47.2381 33.4867 0
      vertex 47.2946 33.5145 0
    endloop
  endfacet
  facet normal 0 0 -1
    outer loop
      vertex 47.2377 32.4642 0
      vertex 47.2381 33.4867 0
      vertex 47.4302 32.3992 0
    endloop
  endfacet
  facet normal 0 0 -1
    outer loop
      vertex 47.2377 32.4642 0
      vertex 47.1857 33.457 0
      vertex 47.2381 33.4867 0
    endloop
  endfacet
  facet normal 0 0 -1
    outer loop
      vertex 47.2377 32.4642 0
      vertex 47.1372 33.4255 0
      vertex 47.1857 33.457 0
    endloop
  endfacet
  facet normal 0 0 -1
    outer loop
      vertex 47.2377 32.4642 0
      vertex 47.0928 33.3922 0
      vertex 47.1372 33.4255 0
    endloop
  endfacet
  facet normal 0 0 -1
    outer loop
      vertex 47.0881 32.5553 0
      vertex 47.0928 33.3922 0
      vertex 47.2377 32.4642 0
    endloop
  endfacet
  facet normal 0 0 -1
    outer loop
      vertex 46.8956 32.9846 0
      vertex 47.0928 33.3922 0
      vertex 47.0881 32.5553 0
    endloop
  endfacet
  facet normal 0 0 -1
    outer loop
      vertex 47.0928 33.3922 0
      vertex 46.8956 32.9846 0
      vertex 47.0524 33.3571 0
    endloop
  endfacet
  facet normal 0 -0 -1
    outer loop
      vertex 46.8981 33.0413 0
      vertex 47.0524 33.3571 0
      vertex 46.8956 32.9846 0
    endloop
  endfacet
  facet normal 0 0 -1
    outer loop
      vertex 46.917 32.8155 0
      vertex 47.0881 32.5553 0
      vertex 46.9811 32.6724 0
    endloop
  endfacet
  facet normal 0 0 -1
    outer loop
      vertex 47.0524 33.3571 0
      vertex 46.8981 33.0413 0
      vertex 47.016 33.3202 0
    endloop
  endfacet
  facet normal 0 0 -1
    outer loop
      vertex 47.016 33.3202 0
      vertex 46.8981 33.0413 0
      vertex 46.9841 33.281 0
    endloop
  endfacet
  facet normal 0 0 -1
    outer loop
      vertex 46.9841 33.281 0
      vertex 46.8981 33.0413 0
      vertex 46.957 33.2389 0
    endloop
  endfacet
  facet normal 0 0 -1
    outer loop
      vertex 47.0881 32.5553 0
      vertex 46.917 32.8155 0
      vertex 46.8956 32.9846 0
    endloop
  endfacet
  facet normal 0 0 -1
    outer loop
      vertex 46.957 33.2389 0
      vertex 46.8981 33.0413 0
      vertex 46.9349 33.1938 0
    endloop
  endfacet
  facet normal 0 0 -1
    outer loop
      vertex 46.9177 33.1459 0
      vertex 46.8981 33.0413 0
      vertex 46.9054 33.095 0
    endloop
  endfacet
  facet normal 0 0 -1
    outer loop
      vertex 46.9349 33.1938 0
      vertex 46.8981 33.0413 0
      vertex 46.9177 33.1459 0
    endloop
  endfacet
  facet normal 0 0 -1
    outer loop
      vertex 53.2498 34.8659 0
      vertex 53.4073 35.1841 0
      vertex 53.4014 35.1349 0
    endloop
  endfacet
  facet normal 0 0 -1
    outer loop
      vertex 53.2498 34.8659 0
      vertex 53.4014 35.1349 0
      vertex 53.3915 35.0886 0
    endloop
  endfacet
  facet normal -0 0 -1
    outer loop
      vertex 53.4073 35.1841 0
      vertex 53.2498 34.8659 0
      vertex 53.4093 35.236 0
    endloop
  endfacet
  facet normal 0 0 -1
    outer loop
      vertex 53.2831 34.8976 0
      vertex 53.3915 35.0886 0
      vertex 53.3777 35.045 0
    endloop
  endfacet
  facet normal 0 0 -1
    outer loop
      vertex 53.2831 34.8976 0
      vertex 53.3777 35.045 0
      vertex 53.36 35.0041 0
    endloop
  endfacet
  facet normal 0 0 -1
    outer loop
      vertex 53.3127 34.9308 0
      vertex 53.36 35.0041 0
      vertex 53.3383 34.9661 0
    endloop
  endfacet
  facet normal 0 0 -1
    outer loop
      vertex 53.2831 34.8976 0
      vertex 53.36 35.0041 0
      vertex 53.3127 34.9308 0
    endloop
  endfacet
  facet normal 0 0 -1
    outer loop
      vertex 53.3915 35.0886 0
      vertex 53.2831 34.8976 0
      vertex 53.2498 34.8659 0
    endloop
  endfacet
  facet normal 0 0 -1
    outer loop
      vertex 53.2127 34.8356 0
      vertex 53.4093 35.236 0
      vertex 53.2498 34.8659 0
    endloop
  endfacet
  facet normal 0 0 -1
    outer loop
      vertex 53.1125 35.7009 0
      vertex 53.4093 35.236 0
      vertex 53.2127 34.8356 0
    endloop
  endfacet
  facet normal 0 0 -1
    outer loop
      vertex 53.3907 35.3871 0
      vertex 53.2424 35.6196 0
      vertex 53.3351 35.515 0
    endloop
  endfacet
  facet normal 0 0 -1
    outer loop
      vertex 53.4093 35.236 0
      vertex 53.1125 35.7009 0
      vertex 53.3907 35.3871 0
    endloop
  endfacet
  facet normal 0 0 -1
    outer loop
      vertex 53.1125 35.7009 0
      vertex 53.2127 34.8356 0
      vertex 53.1718 34.8068 0
    endloop
  endfacet
  facet normal 0 0 -1
    outer loop
      vertex 53.1125 35.7009 0
      vertex 53.1718 34.8068 0
      vertex 53.127 34.7794 0
    endloop
  endfacet
  facet normal 0 0 -1
    outer loop
      vertex 53.3907 35.3871 0
      vertex 53.1125 35.7009 0
      vertex 53.2424 35.6196 0
    endloop
  endfacet
  facet normal 0 0 -1
    outer loop
      vertex 53.0785 34.7535 0
      vertex 53.1125 35.7009 0
      vertex 53.127 34.7794 0
    endloop
  endfacet
  facet normal 0 0 -1
    outer loop
      vertex 52.9456 35.7591 0
      vertex 53.0785 34.7535 0
      vertex 53.0262 34.729 0
    endloop
  endfacet
  facet normal 0 0 -1
    outer loop
      vertex 52.9456 35.7591 0
      vertex 53.0262 34.729 0
      vertex 52.9639 34.7044 0
    endloop
  endfacet
  facet normal 0 0 -1
    outer loop
      vertex 53.0785 34.7535 0
      vertex 52.9456 35.7591 0
      vertex 53.1125 35.7009 0
    endloop
  endfacet
  facet normal 0 0 -1
    outer loop
      vertex 52.8858 34.6781 0
      vertex 52.9456 35.7591 0
      vertex 52.9639 34.7044 0
    endloop
  endfacet
  facet normal 0 0 -1
    outer loop
      vertex 52.7416 35.7939 0
      vertex 52.8858 34.6781 0
      vertex 52.7918 34.65 0
    endloop
  endfacet
  facet normal 0 0 -1
    outer loop
      vertex 52.8858 34.6781 0
      vertex 52.7416 35.7939 0
      vertex 52.9456 35.7591 0
    endloop
  endfacet
  facet normal 0 0 -1
    outer loop
      vertex 52.5006 35.8056 0
      vertex 52.7918 34.65 0
      vertex 52.6818 34.6203 0
    endloop
  endfacet
  facet normal 0 0 -1
    outer loop
      vertex 52.5006 35.8056 0
      vertex 52.6818 34.6203 0
      vertex 52.5559 34.5887 0
    endloop
  endfacet
  facet normal 0 0 -1
    outer loop
      vertex 52.7918 34.65 0
      vertex 52.5006 35.8056 0
      vertex 52.7416 35.7939 0
    endloop
  endfacet
  facet normal 0 0 -1
    outer loop
      vertex 52.2726 35.7928 0
      vertex 52.5559 34.5887 0
      vertex 52.4142 34.5555 0
    endloop
  endfacet
  facet normal 0 0 -1
    outer loop
      vertex 52.5559 34.5887 0
      vertex 52.3826 35.8024 0
      vertex 52.5006 35.8056 0
    endloop
  endfacet
  facet normal 0 0 -1
    outer loop
      vertex 52.5559 34.5887 0
      vertex 52.2726 35.7928 0
      vertex 52.3826 35.8024 0
    endloop
  endfacet
  facet normal 0 0 -1
    outer loop
      vertex 51.9139 35.6909 0
      vertex 52.4142 34.5555 0
      vertex 52.2565 34.5205 0
    endloop
  endfacet
  facet normal 0 0 -1
    outer loop
      vertex 52.4142 34.5555 0
      vertex 52.1708 35.7769 0
      vertex 52.2726 35.7928 0
    endloop
  endfacet
  facet normal 0 0 -1
    outer loop
      vertex 52.4142 34.5555 0
      vertex 52.0771 35.7546 0
      vertex 52.1708 35.7769 0
    endloop
  endfacet
  facet normal 0 0 -1
    outer loop
      vertex 51.5411 35.1851 0
      vertex 52.2565 34.5205 0
      vertex 52.0678 34.4793 0
    endloop
  endfacet
  facet normal 0 0 -1
    outer loop
      vertex 52.4142 34.5555 0
      vertex 51.9915 35.726 0
      vertex 52.0771 35.7546 0
    endloop
  endfacet
  facet normal 0 0 -1
    outer loop
      vertex 52.4142 34.5555 0
      vertex 51.9139 35.6909 0
      vertex 51.9915 35.726 0
    endloop
  endfacet
  facet normal 0 0 -1
    outer loop
      vertex 51.5411 35.1851 0
      vertex 52.0678 34.4793 0
      vertex 51.8951 34.439 0
    endloop
  endfacet
  facet normal 0 0 -1
    outer loop
      vertex 52.2565 34.5205 0
      vertex 51.8445 35.6496 0
      vertex 51.9139 35.6909 0
    endloop
  endfacet
  facet normal 0 0 -1
    outer loop
      vertex 52.2565 34.5205 0
      vertex 51.7823 35.6019 0
      vertex 51.8445 35.6496 0
    endloop
  endfacet
  facet normal 0 0 -1
    outer loop
      vertex 51.5411 35.1851 0
      vertex 51.8951 34.439 0
      vertex 51.7384 34.3996 0
    endloop
  endfacet
  facet normal 0 0 -1
    outer loop
      vertex 52.2565 34.5205 0
      vertex 51.5411 35.1851 0
      vertex 51.5655 35.2701 0
    endloop
  endfacet
  facet normal 0 0 -1
    outer loop
      vertex 52.2565 34.5205 0
      vertex 51.5655 35.2701 0
      vertex 51.5963 35.3489 0
    endloop
  endfacet
  facet normal 0 0 -1
    outer loop
      vertex 52.2565 34.5205 0
      vertex 51.5963 35.3489 0
      vertex 51.6333 35.4215 0
    endloop
  endfacet
  facet normal 0 0 -1
    outer loop
      vertex 51.5411 35.1851 0
      vertex 51.7384 34.3996 0
      vertex 51.5977 34.3611 0
    endloop
  endfacet
  facet normal 0 0 -1
    outer loop
      vertex 52.2565 34.5205 0
      vertex 51.7263 35.548 0
      vertex 51.7823 35.6019 0
    endloop
  endfacet
  facet normal 0 0 -1
    outer loop
      vertex 52.2565 34.5205 0
      vertex 51.6333 35.4215 0
      vertex 51.6767 35.4879 0
    endloop
  endfacet
  facet normal 0 0 -1
    outer loop
      vertex 52.2565 34.5205 0
      vertex 51.6767 35.4879 0
      vertex 51.7263 35.548 0
    endloop
  endfacet
  facet normal 0 0 -1
    outer loop
      vertex 51.473 34.3235 0
      vertex 51.5411 35.1851 0
      vertex 51.5977 34.3611 0
    endloop
  endfacet
  facet normal 0 0 -1
    outer loop
      vertex 51.3643 34.2868 0
      vertex 51.5411 35.1851 0
      vertex 51.473 34.3235 0
    endloop
  endfacet
  facet normal 0 0 -1
    outer loop
      vertex 51.2715 34.251 0
      vertex 51.5411 35.1851 0
      vertex 51.3643 34.2868 0
    endloop
  endfacet
  facet normal 0 0 -1
    outer loop
      vertex 50.5713 35.3173 0
      vertex 51.2715 34.251 0
      vertex 51.1893 34.2148 0
    endloop
  endfacet
  facet normal 0 0 -1
    outer loop
      vertex 50.5713 35.3173 0
      vertex 51.1893 34.2148 0
      vertex 51.1121 34.1769 0
    endloop
  endfacet
  facet normal 0 0 -1
    outer loop
      vertex 50.5713 35.3173 0
      vertex 51.1121 34.1769 0
      vertex 51.0399 34.1374 0
    endloop
  endfacet
  facet normal 0 0 -1
    outer loop
      vertex 50.5713 35.3173 0
      vertex 51.0399 34.1374 0
      vertex 50.9729 34.0963 0
    endloop
  endfacet
  facet normal 0 0 -1
    outer loop
      vertex 50.5713 35.3173 0
      vertex 50.9729 34.0963 0
      vertex 50.9108 34.0534 0
    endloop
  endfacet
  facet normal 0 0 -1
    outer loop
      vertex 50.5713 35.3173 0
      vertex 50.9108 34.0534 0
      vertex 50.8538 34.0089 0
    endloop
  endfacet
  facet normal 0 0 -1
    outer loop
      vertex 49.8577 35.1068 0
      vertex 50.8538 34.0089 0
      vertex 50.8019 33.9628 0
    endloop
  endfacet
  facet normal 0 0 -1
    outer loop
      vertex 49.8577 35.1068 0
      vertex 50.8019 33.9628 0
      vertex 50.7542 33.9145 0
    endloop
  endfacet
  facet normal 0 0 -1
    outer loop
      vertex 49.8577 35.1068 0
      vertex 50.7542 33.9145 0
      vertex 50.7097 33.8636 0
    endloop
  endfacet
  facet normal 0 0 -1
    outer loop
      vertex 49.8577 35.1068 0
      vertex 50.7097 33.8636 0
      vertex 50.6686 33.81 0
    endloop
  endfacet
  facet normal 0 0 -1
    outer loop
      vertex 49.8577 35.1068 0
      vertex 50.6686 33.81 0
      vertex 50.6308 33.7538 0
    endloop
  endfacet
  facet normal 0 0 -1
    outer loop
      vertex 51.2715 34.251 0
      vertex 50.5713 35.3173 0
      vertex 51.5411 35.1851 0
    endloop
  endfacet
  facet normal 0 0 -1
    outer loop
      vertex 49.8577 35.1068 0
      vertex 50.6308 33.7538 0
      vertex 50.5964 33.695 0
    endloop
  endfacet
  facet normal 0 0 -1
    outer loop
      vertex 49.8577 35.1068 0
      vertex 50.5964 33.695 0
      vertex 50.5652 33.6335 0
    endloop
  endfacet
  facet normal 0 0 -1
    outer loop
      vertex 55.1082 35.67 0
      vertex 54.381 35.1068 0
      vertex 54.3824 35.1783 0
    endloop
  endfacet
  facet normal 0 0 -1
    outer loop
      vertex 55.315 33.6966 0
      vertex 54.377 35.0377 0
      vertex 54.381 35.1068 0
    endloop
  endfacet
  facet normal 0 0 -1
    outer loop
      vertex 55.315 33.6966 0
      vertex 54.3702 34.9709 0
      vertex 54.377 35.0377 0
    endloop
  endfacet
  facet normal 0 0 -1
    outer loop
      vertex 55.315 33.6966 0
      vertex 54.3608 34.9065 0
      vertex 54.3702 34.9709 0
    endloop
  endfacet
  facet normal 0 0 -1
    outer loop
      vertex 55.315 33.6966 0
      vertex 54.3486 34.8445 0
      vertex 54.3608 34.9065 0
    endloop
  endfacet
  facet normal 0 0 -1
    outer loop
      vertex 55.315 33.6966 0
      vertex 54.3338 34.7847 0
      vertex 54.3486 34.8445 0
    endloop
  endfacet
  facet normal 0 0 -1
    outer loop
      vertex 55.315 33.6966 0
      vertex 54.3163 34.7274 0
      vertex 54.3338 34.7847 0
    endloop
  endfacet
  facet normal 0 0 -1
    outer loop
      vertex 55.315 33.6966 0
      vertex 54.2963 34.6722 0
      vertex 54.3163 34.7274 0
    endloop
  endfacet
  facet normal 0 0 -1
    outer loop
      vertex 55.315 33.6966 0
      vertex 54.2742 34.6191 0
      vertex 54.2963 34.6722 0
    endloop
  endfacet
  facet normal 0 0 -1
    outer loop
      vertex 55.315 33.6966 0
      vertex 54.25 34.5681 0
      vertex 54.2742 34.6191 0
    endloop
  endfacet
  facet normal 0 0 -1
    outer loop
      vertex 55.315 33.6966 0
      vertex 54.2236 34.5192 0
      vertex 54.25 34.5681 0
    endloop
  endfacet
  facet normal 0 0 -1
    outer loop
      vertex 55.315 33.6966 0
      vertex 54.195 34.4724 0
      vertex 54.2236 34.5192 0
    endloop
  endfacet
  facet normal 0 0 -1
    outer loop
      vertex 55.315 33.6966 0
      vertex 54.1643 34.4276 0
      vertex 54.195 34.4724 0
    endloop
  endfacet
  facet normal 0 0 -1
    outer loop
      vertex 55.315 33.6966 0
      vertex 54.1315 34.3849 0
      vertex 54.1643 34.4276 0
    endloop
  endfacet
  facet normal 0 0 -1
    outer loop
      vertex 55.315 33.6966 0
      vertex 54.0966 34.3441 0
      vertex 54.1315 34.3849 0
    endloop
  endfacet
  facet normal 0 0 -1
    outer loop
      vertex 55.315 33.6966 0
      vertex 54.0595 34.3051 0
      vertex 54.0966 34.3441 0
    endloop
  endfacet
  facet normal 0 0 -1
    outer loop
      vertex 55.315 33.6966 0
      vertex 54.0204 34.2677 0
      vertex 54.0595 34.3051 0
    endloop
  endfacet
  facet normal 0 0 -1
    outer loop
      vertex 54.6062 32.91 0
      vertex 53.9793 34.2321 0
      vertex 54.0204 34.2677 0
    endloop
  endfacet
  facet normal 0 0 -1
    outer loop
      vertex 54.6062 32.91 0
      vertex 53.936 34.1982 0
      vertex 53.9793 34.2321 0
    endloop
  endfacet
  facet normal 0 0 -1
    outer loop
      vertex 54.6062 32.91 0
      vertex 53.8907 34.1661 0
      vertex 53.936 34.1982 0
    endloop
  endfacet
  facet normal 0 0 -1
    outer loop
      vertex 54.6062 32.91 0
      vertex 53.8433 34.1357 0
      vertex 53.8907 34.1661 0
    endloop
  endfacet
  facet normal 0 0 -1
    outer loop
      vertex 53.6398 33.0693 0
      vertex 53.8433 34.1357 0
      vertex 54.6062 32.91 0
    endloop
  endfacet
  facet normal 0 0 -1
    outer loop
      vertex 53.8433 34.1357 0
      vertex 53.6398 33.0693 0
      vertex 53.794 34.1067 0
    endloop
  endfacet
  facet normal 0 0 -1
    outer loop
      vertex 53.794 34.1067 0
      vertex 53.6398 33.0693 0
      vertex 53.7431 34.0788 0
    endloop
  endfacet
  facet normal 0 0 -1
    outer loop
      vertex 53.7431 34.0788 0
      vertex 53.6398 33.0693 0
      vertex 53.6905 34.052 0
    endloop
  endfacet
  facet normal 0 0 -1
    outer loop
      vertex 53.6398 33.0693 0
      vertex 53.6363 34.0264 0
      vertex 53.6905 34.052 0
    endloop
  endfacet
  facet normal 0 0 -1
    outer loop
      vertex 52.864 33.7891 0
      vertex 53.6398 33.0693 0
      vertex 53.6079 32.9651 0
    endloop
  endfacet
  facet normal 0 0 -1
    outer loop
      vertex 53.6398 33.0693 0
      vertex 53.5804 34.0018 0
      vertex 53.6363 34.0264 0
    endloop
  endfacet
  facet normal 0 0 -1
    outer loop
      vertex 52.864 33.7891 0
      vertex 53.6079 32.9651 0
      vertex 53.5684 32.8694 0
    endloop
  endfacet
  facet normal 0 0 -1
    outer loop
      vertex 53.6398 33.0693 0
      vertex 53.5228 33.9783 0
      vertex 53.5804 34.0018 0
    endloop
  endfacet
  facet normal 0 0 -1
    outer loop
      vertex 52.864 33.7891 0
      vertex 53.5684 32.8694 0
      vertex 53.5213 32.7821 0
    endloop
  endfacet
  facet normal 0 0 -1
    outer loop
      vertex 52.864 33.7891 0
      vertex 53.5213 32.7821 0
      vertex 53.4666 32.7034 0
    endloop
  endfacet
  facet normal 0 0 -1
    outer loop
      vertex 53.6398 33.0693 0
      vertex 53.4636 33.956 0
      vertex 53.5228 33.9783 0
    endloop
  endfacet
  facet normal 0 0 -1
    outer loop
      vertex 52.7176 33.7543 0
      vertex 53.4666 32.7034 0
      vertex 53.4042 32.6332 0
    endloop
  endfacet
  facet normal 0 0 -1
    outer loop
      vertex 53.6398 33.0693 0
      vertex 53.3969 33.9332 0
      vertex 53.4636 33.956 0
    endloop
  endfacet
  facet normal 0 0 -1
    outer loop
      vertex 52.7176 33.7543 0
      vertex 53.4042 32.6332 0
      vertex 53.3343 32.5715 0
    endloop
  endfacet
  facet normal 0 0 -1
    outer loop
      vertex 53.6398 33.0693 0
      vertex 53.3168 33.9084 0
      vertex 53.3969 33.9332 0
    endloop
  endfacet
  facet normal 0 0 -1
    outer loop
      vertex 52.7176 33.7543 0
      vertex 53.3343 32.5715 0
      vertex 53.2567 32.5183 0
    endloop
  endfacet
  facet normal 0 0 -1
    outer loop
      vertex 53.6398 33.0693 0
      vertex 53.2236 33.8816 0
      vertex 53.3168 33.9084 0
    endloop
  endfacet
  facet normal 0 0 -1
    outer loop
      vertex 52.7176 33.7543 0
      vertex 53.2567 32.5183 0
      vertex 53.1708 32.4729 0
    endloop
  endfacet
  facet normal 0 0 -1
    outer loop
      vertex 53.6398 33.0693 0
      vertex 53.117 33.8528 0
      vertex 53.2236 33.8816 0
    endloop
  endfacet
  facet normal 0 0 -1
    outer loop
      vertex 52.7176 33.7543 0
      vertex 53.1708 32.4729 0
      vertex 53.0759 32.4345 0
    endloop
  endfacet
  facet normal 0 0 -1
    outer loop
      vertex 53.6398 33.0693 0
      vertex 52.9971 33.8219 0
      vertex 53.117 33.8528 0
    endloop
  endfacet
  facet normal 0 0 -1
    outer loop
      vertex 52.7176 33.7543 0
      vertex 53.0759 32.4345 0
      vertex 52.9721 32.403 0
    endloop
  endfacet
  facet normal 0 0 -1
    outer loop
      vertex 53.6398 33.0693 0
      vertex 52.864 33.7891 0
      vertex 52.9971 33.8219 0
    endloop
  endfacet
  facet normal 0 0 -1
    outer loop
      vertex 52.7176 33.7543 0
      vertex 52.9721 32.403 0
      vertex 52.8592 32.3786 0
    endloop
  endfacet
  facet normal 0 0 -1
    outer loop
      vertex 52.5485 33.7192 0
      vertex 52.8592 32.3786 0
      vertex 52.7374 32.3611 0
    endloop
  endfacet
  facet normal 0 0 -1
    outer loop
      vertex 53.4666 32.7034 0
      vertex 52.7176 33.7543 0
      vertex 52.864 33.7891 0
    endloop
  endfacet
  facet normal 0 0 -1
    outer loop
      vertex 52.5485 33.7192 0
      vertex 52.7374 32.3611 0
      vertex 52.6065 32.3506 0
    endloop
  endfacet
  facet normal 0 0 -1
    outer loop
      vertex 52.8592 32.3786 0
      vertex 52.5485 33.7192 0
      vertex 52.7176 33.7543 0
    endloop
  endfacet
  facet normal 0 0 -1
    outer loop
      vertex 52.3958 33.6856 0
      vertex 52.6065 32.3506 0
      vertex 52.4667 32.3471 0
    endloop
  endfacet
  facet normal 0 0 -1
    outer loop
      vertex 52.6065 32.3506 0
      vertex 52.3958 33.6856 0
      vertex 52.5485 33.7192 0
    endloop
  endfacet
  facet normal 0 0 -1
    outer loop
      vertex 52.4667 32.3471 0
      vertex 52.2595 33.6536 0
      vertex 52.3958 33.6856 0
    endloop
  endfacet
  facet normal 0 0 -1
    outer loop
      vertex 52.1887 32.3601 0
      vertex 52.2595 33.6536 0
      vertex 52.4667 32.3471 0
    endloop
  endfacet
  facet normal 0 0 -1
    outer loop
      vertex 52.1887 32.3601 0
      vertex 52.1397 33.623 0
      vertex 52.2595 33.6536 0
    endloop
  endfacet
  facet normal 0 0 -1
    outer loop
      vertex 52.1887 32.3601 0
      vertex 52.0362 33.5941 0
      vertex 52.1397 33.623 0
    endloop
  endfacet
  facet normal 0 0 -1
    outer loop
      vertex 51.9491 33.5666 0
      vertex 52.1887 32.3601 0
      vertex 51.9535 32.3992 0
    endloop
  endfacet
  facet normal 0 0 -1
    outer loop
      vertex 52.1887 32.3601 0
      vertex 51.9491 33.5666 0
      vertex 52.0362 33.5941 0
    endloop
  endfacet
  facet normal 0 0 -1
    outer loop
      vertex 51.9535 32.3992 0
      vertex 51.8784 33.5406 0
      vertex 51.9491 33.5666 0
    endloop
  endfacet
  facet normal 0 0 -1
    outer loop
      vertex 51.9535 32.3992 0
      vertex 51.8179 33.5145 0
      vertex 51.8784 33.5406 0
    endloop
  endfacet
  facet normal 0 0 -1
    outer loop
      vertex 51.9535 32.3992 0
      vertex 51.7615 33.4867 0
      vertex 51.8179 33.5145 0
    endloop
  endfacet
  facet normal 0 0 -1
    outer loop
      vertex 51.7611 32.4642 0
      vertex 51.7615 33.4867 0
      vertex 51.9535 32.3992 0
    endloop
  endfacet
  facet normal 0 0 -1
    outer loop
      vertex 51.7611 32.4642 0
      vertex 51.709 33.457 0
      vertex 51.7615 33.4867 0
    endloop
  endfacet
  facet normal 0 0 -1
    outer loop
      vertex 51.7611 32.4642 0
      vertex 51.6606 33.4255 0
      vertex 51.709 33.457 0
    endloop
  endfacet
  facet normal 0 0 -1
    outer loop
      vertex 51.7611 32.4642 0
      vertex 51.6162 33.3922 0
      vertex 51.6606 33.4255 0
    endloop
  endfacet
  facet normal 0 0 -1
    outer loop
      vertex 51.6114 32.5553 0
      vertex 51.6162 33.3922 0
      vertex 51.7611 32.4642 0
    endloop
  endfacet
  facet normal 0 0 -1
    outer loop
      vertex 51.419 32.9846 0
      vertex 51.6162 33.3922 0
      vertex 51.6114 32.5553 0
    endloop
  endfacet
  facet normal 0 0 -1
    outer loop
      vertex 51.6162 33.3922 0
      vertex 51.419 32.9846 0
      vertex 51.5757 33.3571 0
    endloop
  endfacet
  facet normal 0 -0 -1
    outer loop
      vertex 51.4214 33.0413 0
      vertex 51.5757 33.3571 0
      vertex 51.419 32.9846 0
    endloop
  endfacet
  facet normal 0 0 -1
    outer loop
      vertex 51.4403 32.8155 0
      vertex 51.6114 32.5553 0
      vertex 51.5045 32.6724 0
    endloop
  endfacet
  facet normal 0 0 -1
    outer loop
      vertex 51.5757 33.3571 0
      vertex 51.4214 33.0413 0
      vertex 51.5394 33.3202 0
    endloop
  endfacet
  facet normal 0 0 -1
    outer loop
      vertex 51.5394 33.3202 0
      vertex 51.4214 33.0413 0
      vertex 51.5074 33.281 0
    endloop
  endfacet
  facet normal 0 0 -1
    outer loop
      vertex 51.5074 33.281 0
      vertex 51.4214 33.0413 0
      vertex 51.4804 33.2389 0
    endloop
  endfacet
  facet normal 0 0 -1
    outer loop
      vertex 51.6114 32.5553 0
      vertex 51.4403 32.8155 0
      vertex 51.419 32.9846 0
    endloop
  endfacet
  facet normal 0 0 -1
    outer loop
      vertex 51.4804 33.2389 0
      vertex 51.4214 33.0413 0
      vertex 51.4583 33.1938 0
    endloop
  endfacet
  facet normal 0 0 -1
    outer loop
      vertex 51.4411 33.1459 0
      vertex 51.4214 33.0413 0
      vertex 51.4288 33.095 0
    endloop
  endfacet
  facet normal 0 0 -1
    outer loop
      vertex 51.4583 33.1938 0
      vertex 51.4214 33.0413 0
      vertex 51.4411 33.1459 0
    endloop
  endfacet
  facet normal 0 0 -1
    outer loop
      vertex 57.8648 32.4387 0
      vertex 55.315 33.6966 0
      vertex 57.8648 33.6966 0
    endloop
  endfacet
  facet normal 0 0 -1
    outer loop
      vertex 54.381 35.1068 0
      vertex 55.315 34.4697 0
      vertex 55.315 33.6966 0
    endloop
  endfacet
  facet normal 0 0 -1
    outer loop
      vertex 54.0204 34.2677 0
      vertex 55.315 33.6966 0
      vertex 54.6062 32.91 0
    endloop
  endfacet
  facet normal 0 0 -1
    outer loop
      vertex 54.6062 32.91 0
      vertex 55.315 33.6966 0
      vertex 54.9692 32.4387 0
    endloop
  endfacet
  facet normal 0 0 -1
    outer loop
      vertex 54.9692 32.4387 0
      vertex 55.315 33.6966 0
      vertex 57.8648 32.4387 0
    endloop
  endfacet
  facet normal 0 0 -1
    outer loop
      vertex 55.315 34.4697 0
      vertex 57.8648 35.67 0
      vertex 57.8648 34.4697 0
    endloop
  endfacet
  facet normal -0 0 -1
    outer loop
      vertex 57.8648 35.67 0
      vertex 55.315 34.4697 0
      vertex 55.1082 35.67 0
    endloop
  endfacet
  facet normal 0 0 -1
    outer loop
      vertex 60.5469 34.6455 0
      vertex 60.7475 34.7402 0
      vertex 60.5471 34.6174 0
    endloop
  endfacet
  facet normal 0 0 -1
    outer loop
      vertex 60.5466 34.6736 0
      vertex 60.7475 34.7402 0
      vertex 60.5469 34.6455 0
    endloop
  endfacet
  facet normal 0 0 -1
    outer loop
      vertex 60.5463 34.7017 0
      vertex 60.7475 34.7402 0
      vertex 60.5466 34.6736 0
    endloop
  endfacet
  facet normal 0 0 -1
    outer loop
      vertex 60.546 34.7298 0
      vertex 60.7475 34.7402 0
      vertex 60.5463 34.7017 0
    endloop
  endfacet
  facet normal 0 0 -1
    outer loop
      vertex 60.5455 34.7579 0
      vertex 60.7475 34.7402 0
      vertex 60.546 34.7298 0
    endloop
  endfacet
  facet normal 0 0 -1
    outer loop
      vertex 60.5444 34.7992 0
      vertex 60.7475 34.7402 0
      vertex 60.5455 34.7579 0
    endloop
  endfacet
  facet normal 0 0 -1
    outer loop
      vertex 60.7475 34.7402 0
      vertex 60.5444 34.7992 0
      vertex 60.6966 34.9219 0
    endloop
  endfacet
  facet normal 0 0 -1
    outer loop
      vertex 60.5422 34.8669 0
      vertex 60.6966 34.9219 0
      vertex 60.5444 34.7992 0
    endloop
  endfacet
  facet normal 0 0 -1
    outer loop
      vertex 60.5388 34.9611 0
      vertex 60.6966 34.9219 0
      vertex 60.5422 34.8669 0
    endloop
  endfacet
  facet normal 0 0 -1
    outer loop
      vertex 60.6966 34.9219 0
      vertex 60.5388 34.9611 0
      vertex 60.6406 35.1261 0
    endloop
  endfacet
  facet normal 0 0 -1
    outer loop
      vertex 60.5341 35.0817 0
      vertex 60.6406 35.1261 0
      vertex 60.5388 34.9611 0
    endloop
  endfacet
  facet normal 0 0 -1
    outer loop
      vertex 60.5284 35.2287 0
      vertex 60.6406 35.1261 0
      vertex 60.5341 35.0817 0
    endloop
  endfacet
  facet normal 0 0 -1
    outer loop
      vertex 60.6406 35.1261 0
      vertex 60.5284 35.2287 0
      vertex 60.5795 35.3528 0
    endloop
  endfacet
  facet normal 0 0 -1
    outer loop
      vertex 60.5214 35.4022 0
      vertex 60.5795 35.3528 0
      vertex 60.5284 35.2287 0
    endloop
  endfacet
  facet normal 0 0 -1
    outer loop
      vertex 60.5795 35.3528 0
      vertex 60.5214 35.4022 0
      vertex 60.5133 35.6021 0
    endloop
  endfacet
  facet normal 0 0 -1
    outer loop
      vertex 64.5143 36.443 0
      vertex 67.1333 34.4222 0
      vertex 64.926 31.6656 0
    endloop
  endfacet
  facet normal 0 0 -1
    outer loop
      vertex 68.4115 34.2764 0
      vertex 66.2585 36.443 0
      vertex 68.4115 36.443 0
    endloop
  endfacet
  facet normal 0 0 -1
    outer loop
      vertex 73.1666 36.443 0
      vertex 71.114 33.5441 0
      vertex 71.1153 33.6661 0
    endloop
  endfacet
  facet normal 0 0 -1
    outer loop
      vertex 73.1666 36.443 0
      vertex 71.1103 33.4184 0
      vertex 71.114 33.5441 0
    endloop
  endfacet
  facet normal 0 0 -1
    outer loop
      vertex 73.1666 36.443 0
      vertex 71.1041 33.2889 0
      vertex 71.1103 33.4184 0
    endloop
  endfacet
  facet normal 0 0 -1
    outer loop
      vertex 73.1666 36.443 0
      vertex 71.0954 33.1557 0
      vertex 71.1041 33.2889 0
    endloop
  endfacet
  facet normal 0 0 -1
    outer loop
      vertex 73.1666 36.443 0
      vertex 71.0842 33.0188 0
      vertex 71.0954 33.1557 0
    endloop
  endfacet
  facet normal 0 0 -1
    outer loop
      vertex 73.1666 36.443 0
      vertex 71.0704 32.8781 0
      vertex 71.0842 33.0188 0
    endloop
  endfacet
  facet normal 0 -0 -1
    outer loop
      vertex 71.0704 32.8781 0
      vertex 73.1666 36.443 0
      vertex 71.0543 32.7337 0
    endloop
  endfacet
  facet normal -0 0 -1
    outer loop
      vertex 73.4657 35.1957 0
      vertex 71.4001 31.6656 0
      vertex 73.4819 35.3445 0
    endloop
  endfacet
  facet normal -0 0 -1
    outer loop
      vertex 73.452 35.0555 0
      vertex 71.4001 31.6656 0
      vertex 73.4657 35.1957 0
    endloop
  endfacet
  facet normal -0 0 -1
    outer loop
      vertex 73.4408 34.9239 0
      vertex 71.4001 31.6656 0
      vertex 73.452 35.0555 0
    endloop
  endfacet
  facet normal -0 0 -1
    outer loop
      vertex 73.4321 34.8008 0
      vertex 71.4001 31.6656 0
      vertex 73.4408 34.9239 0
    endloop
  endfacet
  facet normal -0 0 -1
    outer loop
      vertex 73.4259 34.6864 0
      vertex 71.4001 31.6656 0
      vertex 73.4321 34.8008 0
    endloop
  endfacet
  facet normal -0 0 -1
    outer loop
      vertex 73.4222 34.5805 0
      vertex 71.4001 31.6656 0
      vertex 73.4259 34.6864 0
    endloop
  endfacet
  facet normal 0 0 -1
    outer loop
      vertex 71.4001 31.6656 0
      vertex 73.4222 34.5805 0
      vertex 73.4209 34.4832 0
    endloop
  endfacet
  facet normal 0 0 -1
    outer loop
      vertex 62.25 51.9 0
      vertex 65.75 58.1 0
      vertex 65.75 51.9 0
    endloop
  endfacet
  facet normal -0 0 -1
    outer loop
      vertex 65.75 58.1 0
      vertex 62.25 51.9 0
      vertex 62.25 58.1 0
    endloop
  endfacet
  facet normal 0 0 -1
    outer loop
      vertex 65.0921 36.443 0
      vertex 65.75 50.1 0
      vertex 66.2585 36.443 0
    endloop
  endfacet
  facet normal 0 0 -1
    outer loop
      vertex 64.5143 36.443 0
      vertex 64.926 31.6656 0
      vertex 64.5143 31.6656 0
    endloop
  endfacet
  facet normal 0 0 -1
    outer loop
      vertex 67.1333 34.4222 0
      vertex 64.5143 36.443 0
      vertex 65.0921 36.443 0
    endloop
  endfacet
  facet normal 0 0 -1
    outer loop
      vertex 65.0921 36.443 0
      vertex 64.5143 36.443 0
      vertex 65.75 50.1 0
    endloop
  endfacet
  facet normal 0 0 -1
    outer loop
      vertex 62.25 50.1 0
      vertex 64.5143 36.443 0
      vertex 63.175 36.443 0
    endloop
  endfacet
  facet normal 0 0 -1
    outer loop
      vertex 60.9913 36.443 0
      vertex 63.175 36.443 0
      vertex 62.3205 33.7712 0
    endloop
  endfacet
  facet normal 0 -0 -1
    outer loop
      vertex 62.25 50.1 0
      vertex 63.175 36.443 0
      vertex 60.9913 36.443 0
    endloop
  endfacet
  facet normal 0 0 -1
    outer loop
      vertex 47.9569 36.5142 0
      vertex 62.25 51.9 0
      vertex 62.25 50.1 0
    endloop
  endfacet
  facet normal 0 0 -1
    outer loop
      vertex 44.3422 36.443 0
      vertex 62.25 51.9 0
      vertex 45.3425 36.443 0
    endloop
  endfacet
  facet normal 0 0 -1
    outer loop
      vertex 64.5143 36.443 0
      vertex 62.25 50.1 0
      vertex 65.75 50.1 0
    endloop
  endfacet
  facet normal 0 0 -1
    outer loop
      vertex 60.9913 36.443 0
      vertex 62.3205 33.7712 0
      vertex 62.2459 33.5135 0
    endloop
  endfacet
  facet normal -0 0 -1
    outer loop
      vertex 63.6558 35.3882 0
      vertex 63.3038 34.3307 0
      vertex 63.6666 35.6021 0
    endloop
  endfacet
  facet normal -0 0 -1
    outer loop
      vertex 63.6467 35.1961 0
      vertex 63.3038 34.3307 0
      vertex 63.6558 35.3882 0
    endloop
  endfacet
  facet normal -0 0 -1
    outer loop
      vertex 63.6392 35.0257 0
      vertex 63.3038 34.3307 0
      vertex 63.6467 35.1961 0
    endloop
  endfacet
  facet normal -0 0 -1
    outer loop
      vertex 63.6334 34.877 0
      vertex 63.3038 34.3307 0
      vertex 63.6392 35.0257 0
    endloop
  endfacet
  facet normal -0 0 -1
    outer loop
      vertex 63.6292 34.75 0
      vertex 63.3038 34.3307 0
      vertex 63.6334 34.877 0
    endloop
  endfacet
  facet normal -0 0 -1
    outer loop
      vertex 63.6267 34.6447 0
      vertex 63.3038 34.3307 0
      vertex 63.6292 34.75 0
    endloop
  endfacet
  facet normal 0 0 -1
    outer loop
      vertex 63.3038 34.3307 0
      vertex 63.6267 34.6447 0
      vertex 63.6259 34.5612 0
    endloop
  endfacet
  facet normal 0 0 -1
    outer loop
      vertex 76.5756 36.443 0
      vertex 84.25 50.1 0
      vertex 77.7556 36.443 0
    endloop
  endfacet
  facet normal 0 0 -1
    outer loop
      vertex 88.9692 -3.70632 0
      vertex 81.6898 31.6656 0
      vertex 83.2325 35.67 0
    endloop
  endfacet
  facet normal 0 0 -1
    outer loop
      vertex 84.2 0 0
      vertex 80.6895 31.6656 0
      vertex 81.6898 31.6656 0
    endloop
  endfacet
  facet normal 0 0 -1
    outer loop
      vertex 80.6895 31.6656 0
      vertex 79.4984 31.6656 0
      vertex 80.6895 35.67 0
    endloop
  endfacet
  facet normal 0 0 -1
    outer loop
      vertex 84.2 0 0
      vertex 79.4984 31.6656 0
      vertex 80.6895 31.6656 0
    endloop
  endfacet
  facet normal 0 0 -1
    outer loop
      vertex 84.2 0 0
      vertex 78.4981 31.6656 0
      vertex 79.4984 31.6656 0
    endloop
  endfacet
  facet normal 0 0 -1
    outer loop
      vertex 75.8297 31.6656 0
      vertex 78.4981 31.6656 0
      vertex 84.2 0 0
    endloop
  endfacet
  facet normal 0 0 -1
    outer loop
      vertex 78.4981 31.6656 0
      vertex 75.8297 31.6656 0
      vertex 78.0743 32.8863 0
    endloop
  endfacet
  facet normal -0 0 -1
    outer loop
      vertex 78.0743 32.8863 0
      vertex 75.8297 31.6656 0
      vertex 76.2535 32.8863 0
    endloop
  endfacet
  facet normal 0 0 -1
    outer loop
      vertex 84.2 0 0
      vertex 74.8396 31.6656 0
      vertex 75.8297 31.6656 0
    endloop
  endfacet
  facet normal 0 0 -1
    outer loop
      vertex 84.2 0 0
      vertex 74.3093 31.6656 0
      vertex 74.8396 31.6656 0
    endloop
  endfacet
  facet normal 0 0 -1
    outer loop
      vertex 84.2 0 0
      vertex 73.4209 31.6656 0
      vertex 74.3093 31.6656 0
    endloop
  endfacet
  facet normal 0 0 -1
    outer loop
      vertex 73.4209 31.6656 0
      vertex 71.4001 31.6656 0
      vertex 73.4209 34.4832 0
    endloop
  endfacet
  facet normal 0 0 -1
    outer loop
      vertex 84.2 0 0
      vertex 71.4001 31.6656 0
      vertex 73.4209 31.6656 0
    endloop
  endfacet
  facet normal 0 0 -1
    outer loop
      vertex 84.2 0 0
      vertex 70.2269 31.6656 0
      vertex 71.4001 31.6656 0
    endloop
  endfacet
  facet normal 0 0 -1
    outer loop
      vertex 70.2269 31.6656 0
      vertex 69.4118 31.6656 0
      vertex 70.2269 36.443 0
    endloop
  endfacet
  facet normal 0 0 -1
    outer loop
      vertex 84.2 0 0
      vertex 69.4118 31.6656 0
      vertex 70.2269 31.6656 0
    endloop
  endfacet
  facet normal 0 0 -1
    outer loop
      vertex 84.2 0 0
      vertex 68.4115 31.6656 0
      vertex 69.4118 31.6656 0
    endloop
  endfacet
  facet normal 0 0 -1
    outer loop
      vertex 68.4115 31.6656 0
      vertex 67.8216 33.8594 0
      vertex 68.4115 33.4084 0
    endloop
  endfacet
  facet normal 0 0 -1
    outer loop
      vertex 68.4115 31.6656 0
      vertex 66.1059 31.6656 0
      vertex 67.8216 33.8594 0
    endloop
  endfacet
  facet normal 0 0 -1
    outer loop
      vertex 84.2 0 0
      vertex 66.1059 31.6656 0
      vertex 68.4115 31.6656 0
    endloop
  endfacet
  facet normal 0 0 -1
    outer loop
      vertex 84.2 0 0
      vertex 64.926 31.6656 0
      vertex 66.1059 31.6656 0
    endloop
  endfacet
  facet normal 0 0 -1
    outer loop
      vertex 84.2 0 0
      vertex 64.5143 31.6656 0
      vertex 64.926 31.6656 0
    endloop
  endfacet
  facet normal 0 0 -1
    outer loop
      vertex 84.2 0 0
      vertex 63.6259 31.6656 0
      vertex 64.5143 31.6656 0
    endloop
  endfacet
  facet normal 0 0 -1
    outer loop
      vertex 63.6259 31.6656 0
      vertex 63.3038 34.3307 0
      vertex 63.6259 34.5612 0
    endloop
  endfacet
  facet normal 0 0 -1
    outer loop
      vertex 63.6259 31.6656 0
      vertex 62.4426 31.6656 0
      vertex 63.3038 34.3307 0
    endloop
  endfacet
  facet normal 0 0 -1
    outer loop
      vertex 84.2 0 0
      vertex 62.4426 31.6656 0
      vertex 63.6259 31.6656 0
    endloop
  endfacet
  facet normal 0 0 -1
    outer loop
      vertex 84.2 0 0
      vertex 61.7305 31.6656 0
      vertex 62.4426 31.6656 0
    endloop
  endfacet
  facet normal 0 0 -1
    outer loop
      vertex 60.7932 34.5811 0
      vertex 60.5471 34.6174 0
      vertex 60.7475 34.7402 0
    endloop
  endfacet
  facet normal 0 0 -1
    outer loop
      vertex 60.5471 34.6174 0
      vertex 60.7932 34.5811 0
      vertex 60.5472 34.5893 0
    endloop
  endfacet
  facet normal 0 0 -1
    outer loop
      vertex 60.5472 34.5893 0
      vertex 60.7932 34.5811 0
      vertex 60.5472 34.5612 0
    endloop
  endfacet
  facet normal 0 0 -1
    outer loop
      vertex 60.8338 34.4446 0
      vertex 60.5472 34.5612 0
      vertex 60.7932 34.5811 0
    endloop
  endfacet
  facet normal 0 0 -1
    outer loop
      vertex 60.8693 34.3307 0
      vertex 60.5472 34.5612 0
      vertex 60.8338 34.4446 0
    endloop
  endfacet
  facet normal 0 0 -1
    outer loop
      vertex 60.5472 34.5612 0
      vertex 60.8693 34.3307 0
      vertex 60.5472 31.6656 0
    endloop
  endfacet
  facet normal 0 0 -1
    outer loop
      vertex 61.7305 31.6656 0
      vertex 60.5472 31.6656 0
      vertex 60.8693 34.3307 0
    endloop
  endfacet
  facet normal 0 0 -1
    outer loop
      vertex 84.2 0 0
      vertex 60.5472 31.6656 0
      vertex 61.7305 31.6656 0
    endloop
  endfacet
  facet normal 0 0 -1
    outer loop
      vertex 84.2 0 0
      vertex 59.6589 31.6656 0
      vertex 60.5472 31.6656 0
    endloop
  endfacet
  facet normal 0 0 -1
    outer loop
      vertex 59.6589 31.6656 0
      vertex 58.865 31.6656 0
      vertex 59.6589 36.443 0
    endloop
  endfacet
  facet normal 0 0 -1
    outer loop
      vertex 84.2 0 0
      vertex 58.865 31.6656 0
      vertex 59.6589 31.6656 0
    endloop
  endfacet
  facet normal 0 0 -1
    outer loop
      vertex 84.2 0 0
      vertex 54.9692 31.6656 0
      vertex 58.865 31.6656 0
    endloop
  endfacet
  facet normal 0 0 -1
    outer loop
      vertex 54.3139 32.264 0
      vertex 54.9692 32.4387 0
      vertex 54.9692 31.6656 0
    endloop
  endfacet
  facet normal 0 0 -1
    outer loop
      vertex 54.9692 32.4387 0
      vertex 54.5559 32.7279 0
      vertex 54.6062 32.91 0
    endloop
  endfacet
  facet normal 0 0 -1
    outer loop
      vertex 54.9692 32.4387 0
      vertex 54.4905 32.5596 0
      vertex 54.5559 32.7279 0
    endloop
  endfacet
  facet normal -0 0 -1
    outer loop
      vertex 54.9692 32.4387 0
      vertex 54.4098 32.4049 0
      vertex 54.4905 32.5596 0
    endloop
  endfacet
  facet normal 0 0 -1
    outer loop
      vertex 54.9692 32.4387 0
      vertex 54.3139 32.264 0
      vertex 54.4098 32.4049 0
    endloop
  endfacet
  facet normal 0 0 -1
    outer loop
      vertex 29.8 0 0
      vertex 54.9692 31.6656 0
      vertex 84.2 0 0
    endloop
  endfacet
  facet normal 0 0 -1
    outer loop
      vertex 54.9692 31.6656 0
      vertex 54.2027 32.1367 0
      vertex 54.3139 32.264 0
    endloop
  endfacet
  facet normal 0 0 -1
    outer loop
      vertex 54.9692 31.6656 0
      vertex 54.0764 32.0232 0
      vertex 54.2027 32.1367 0
    endloop
  endfacet
  facet normal 0 0 -1
    outer loop
      vertex 54.9692 31.6656 0
      vertex 53.9348 31.9233 0
      vertex 54.0764 32.0232 0
    endloop
  endfacet
  facet normal 0 0 -1
    outer loop
      vertex 54.9692 31.6656 0
      vertex 53.7775 31.837 0
      vertex 53.9348 31.9233 0
    endloop
  endfacet
  facet normal 0 0 -1
    outer loop
      vertex 54.9692 31.6656 0
      vertex 53.604 31.7639 0
      vertex 53.7775 31.837 0
    endloop
  endfacet
  facet normal 0 0 -1
    outer loop
      vertex 54.9692 31.6656 0
      vertex 53.4144 31.7041 0
      vertex 53.604 31.7639 0
    endloop
  endfacet
  facet normal -0 0 -1
    outer loop
      vertex 54.9692 31.6656 0
      vertex 53.2085 31.6576 0
      vertex 53.4144 31.7041 0
    endloop
  endfacet
  facet normal 0 0 -1
    outer loop
      vertex 54.9692 31.6656 0
      vertex 52.9865 31.6244 0
      vertex 53.2085 31.6576 0
    endloop
  endfacet
  facet normal 0 -0 -1
    outer loop
      vertex 52.7482 31.6045 0
      vertex 54.9692 31.6656 0
      vertex 29.8 0 0
    endloop
  endfacet
  facet normal 0 0 -1
    outer loop
      vertex 54.9692 31.6656 0
      vertex 52.7482 31.6045 0
      vertex 52.9865 31.6244 0
    endloop
  endfacet
  facet normal 0 0 -1
    outer loop
      vertex 52.7482 31.6045 0
      vertex 29.8 0 0
      vertex 52.4938 31.5978 0
    endloop
  endfacet
  facet normal -0 0 -1
    outer loop
      vertex 52.4938 31.5978 0
      vertex 29.8 0 0
      vertex 52.216 31.6054 0
    endloop
  endfacet
  facet normal -0 0 -1
    outer loop
      vertex 52.216 31.6054 0
      vertex 29.8 0 0
      vertex 51.9581 31.6281 0
    endloop
  endfacet
  facet normal 0 -0 -1
    outer loop
      vertex 48.4632 31.6244 0
      vertex 51.9581 31.6281 0
      vertex 29.8 0 0
    endloop
  endfacet
  facet normal 0 -0 -1
    outer loop
      vertex 48.6852 31.6576 0
      vertex 51.9581 31.6281 0
      vertex 48.4632 31.6244 0
    endloop
  endfacet
  facet normal 0 0 -1
    outer loop
      vertex 51.9581 31.6281 0
      vertex 48.6852 31.6576 0
      vertex 51.72 31.666 0
    endloop
  endfacet
  facet normal 0 -0 -1
    outer loop
      vertex 48.8911 31.7041 0
      vertex 51.72 31.666 0
      vertex 48.6852 31.6576 0
    endloop
  endfacet
  facet normal 0 -0 -1
    outer loop
      vertex 49.0807 31.7639 0
      vertex 51.5018 31.7191 0
      vertex 48.8911 31.7041 0
    endloop
  endfacet
  facet normal 0 0 -1
    outer loop
      vertex 50.4565 32.8484 0
      vertex 50.0828 32.91 0
      vertex 50.4459 33.0422 0
    endloop
  endfacet
  facet normal 0 0 -1
    outer loop
      vertex 50.0326 32.7279 0
      vertex 50.4565 32.8484 0
      vertex 50.4883 32.6682 0
    endloop
  endfacet
  facet normal 0 0 -1
    outer loop
      vertex 49.9671 32.5596 0
      vertex 50.4883 32.6682 0
      vertex 50.5415 32.5014 0
    endloop
  endfacet
  facet normal 0 0 -1
    outer loop
      vertex 49.8864 32.4049 0
      vertex 50.5415 32.5014 0
      vertex 50.6158 32.3481 0
    endloop
  endfacet
  facet normal 0 0 -1
    outer loop
      vertex 49.7905 32.264 0
      vertex 50.6158 32.3481 0
      vertex 50.7114 32.2082 0
    endloop
  endfacet
  facet normal -0 0 -1
    outer loop
      vertex 50.4565 32.8484 0
      vertex 50.0326 32.7279 0
      vertex 50.0828 32.91 0
    endloop
  endfacet
  facet normal 0 0 -1
    outer loop
      vertex 49.6794 32.1367 0
      vertex 50.7114 32.2082 0
      vertex 50.8283 32.0819 0
    endloop
  endfacet
  facet normal 0 0 -1
    outer loop
      vertex 51.5018 31.7191 0
      vertex 49.0807 31.7639 0
      vertex 51.3035 31.7872 0
    endloop
  endfacet
  facet normal -0 0 -1
    outer loop
      vertex 50.4883 32.6682 0
      vertex 49.9671 32.5596 0
      vertex 50.0326 32.7279 0
    endloop
  endfacet
  facet normal -0 0 -1
    outer loop
      vertex 50.5415 32.5014 0
      vertex 49.8864 32.4049 0
      vertex 49.9671 32.5596 0
    endloop
  endfacet
  facet normal -0 0 -1
    outer loop
      vertex 50.6158 32.3481 0
      vertex 49.7905 32.264 0
      vertex 49.8864 32.4049 0
    endloop
  endfacet
  facet normal -0 0 -1
    outer loop
      vertex 50.7114 32.2082 0
      vertex 49.6794 32.1367 0
      vertex 49.7905 32.264 0
    endloop
  endfacet
  facet normal -0 0 -1
    outer loop
      vertex 50.8283 32.0819 0
      vertex 49.553 32.0232 0
      vertex 49.6794 32.1367 0
    endloop
  endfacet
  facet normal 0 0 -1
    outer loop
      vertex 50.9664 31.9691 0
      vertex 49.553 32.0232 0
      vertex 50.8283 32.0819 0
    endloop
  endfacet
  facet normal 0 -0 -1
    outer loop
      vertex 49.553 32.0232 0
      vertex 50.9664 31.9691 0
      vertex 49.4115 31.9233 0
    endloop
  endfacet
  facet normal 0 0 -1
    outer loop
      vertex 51.125 31.8706 0
      vertex 49.4115 31.9233 0
      vertex 50.9664 31.9691 0
    endloop
  endfacet
  facet normal 0 -0 -1
    outer loop
      vertex 49.4115 31.9233 0
      vertex 51.125 31.8706 0
      vertex 49.2542 31.837 0
    endloop
  endfacet
  facet normal 0 0 -1
    outer loop
      vertex 51.3035 31.7872 0
      vertex 49.2542 31.837 0
      vertex 51.125 31.8706 0
    endloop
  endfacet
  facet normal 0 -0 -1
    outer loop
      vertex 49.2542 31.837 0
      vertex 51.3035 31.7872 0
      vertex 49.0807 31.7639 0
    endloop
  endfacet
  facet normal 0 0 -1
    outer loop
      vertex 51.72 31.666 0
      vertex 48.8911 31.7041 0
      vertex 51.5018 31.7191 0
    endloop
  endfacet
  facet normal 0 0 -1
    outer loop
      vertex 48.4632 31.6244 0
      vertex 29.8 0 0
      vertex 48.2249 31.6045 0
    endloop
  endfacet
  facet normal 0 0 -1
    outer loop
      vertex 48.2249 31.6045 0
      vertex 29.8 0 0
      vertex 47.9705 31.5978 0
    endloop
  endfacet
  facet normal -0 0 -1
    outer loop
      vertex 47.9705 31.5978 0
      vertex 29.8 0 0
      vertex 47.6927 31.6054 0
    endloop
  endfacet
  facet normal -0 0 -1
    outer loop
      vertex 47.6927 31.6054 0
      vertex 29.8 0 0
      vertex 47.4348 31.6281 0
    endloop
  endfacet
  facet normal 0 -0 -1
    outer loop
      vertex 43.5806 31.6077 0
      vertex 47.4348 31.6281 0
      vertex 29.8 0 0
    endloop
  endfacet
  facet normal 0 -0 -1
    outer loop
      vertex 43.8342 31.6371 0
      vertex 47.4348 31.6281 0
      vertex 43.5806 31.6077 0
    endloop
  endfacet
  facet normal 0 -0 -1
    outer loop
      vertex 44.0688 31.6863 0
      vertex 47.1967 31.666 0
      vertex 43.8342 31.6371 0
    endloop
  endfacet
  facet normal 0 0 -1
    outer loop
      vertex 47.1967 31.666 0
      vertex 44.0688 31.6863 0
      vertex 46.9785 31.7191 0
    endloop
  endfacet
  facet normal 0 -0 -1
    outer loop
      vertex 44.2846 31.755 0
      vertex 46.9785 31.7191 0
      vertex 44.0688 31.6863 0
    endloop
  endfacet
  facet normal 0 0 -1
    outer loop
      vertex 45.2997 32.9782 0
      vertex 45.9225 33.0422 0
      vertex 45.9331 32.8484 0
    endloop
  endfacet
  facet normal 0 0 -1
    outer loop
      vertex 45.2463 32.7646 0
      vertex 45.9331 32.8484 0
      vertex 45.965 32.6682 0
    endloop
  endfacet
  facet normal 0 0 -1
    outer loop
      vertex 45.1714 32.568 0
      vertex 45.965 32.6682 0
      vertex 46.0181 32.5014 0
    endloop
  endfacet
  facet normal 0 0 -1
    outer loop
      vertex 45.0752 32.3882 0
      vertex 46.0181 32.5014 0
      vertex 46.0925 32.3481 0
    endloop
  endfacet
  facet normal 0 0 -1
    outer loop
      vertex 45.9225 33.0422 0
      vertex 45.3318 33.2086 0
      vertex 45.3425 33.4559 0
    endloop
  endfacet
  facet normal 0 0 -1
    outer loop
      vertex 44.9576 32.2253 0
      vertex 46.0925 32.3481 0
      vertex 46.1881 32.2082 0
    endloop
  endfacet
  facet normal -0 0 -1
    outer loop
      vertex 45.9225 33.0422 0
      vertex 45.2997 32.9782 0
      vertex 45.3318 33.2086 0
    endloop
  endfacet
  facet normal 0 0 -1
    outer loop
      vertex 44.9576 32.2253 0
      vertex 46.1881 32.2082 0
      vertex 46.3049 32.0819 0
    endloop
  endfacet
  facet normal -0 0 -1
    outer loop
      vertex 45.9331 32.8484 0
      vertex 45.2463 32.7646 0
      vertex 45.2997 32.9782 0
    endloop
  endfacet
  facet normal 0 0 -1
    outer loop
      vertex 46.9785 31.7191 0
      vertex 44.2846 31.755 0
      vertex 46.7801 31.7872 0
    endloop
  endfacet
  facet normal -0 0 -1
    outer loop
      vertex 45.965 32.6682 0
      vertex 45.1714 32.568 0
      vertex 45.2463 32.7646 0
    endloop
  endfacet
  facet normal -0 0 -1
    outer loop
      vertex 46.0181 32.5014 0
      vertex 45.0752 32.3882 0
      vertex 45.1714 32.568 0
    endloop
  endfacet
  facet normal -0 0 -1
    outer loop
      vertex 46.0925 32.3481 0
      vertex 44.9576 32.2253 0
      vertex 45.0752 32.3882 0
    endloop
  endfacet
  facet normal -0 0 -1
    outer loop
      vertex 46.3049 32.0819 0
      vertex 44.8186 32.0793 0
      vertex 44.9576 32.2253 0
    endloop
  endfacet
  facet normal 0 0 -1
    outer loop
      vertex 46.443 31.9691 0
      vertex 44.8186 32.0793 0
      vertex 46.3049 32.0819 0
    endloop
  endfacet
  facet normal 0 -0 -1
    outer loop
      vertex 44.8186 32.0793 0
      vertex 46.443 31.9691 0
      vertex 44.6595 31.9516 0
    endloop
  endfacet
  facet normal 0 0 -1
    outer loop
      vertex 46.7801 31.7872 0
      vertex 44.4815 31.8435 0
      vertex 46.6017 31.8706 0
    endloop
  endfacet
  facet normal 0 0 -1
    outer loop
      vertex 46.6017 31.8706 0
      vertex 44.6595 31.9516 0
      vertex 46.443 31.9691 0
    endloop
  endfacet
  facet normal 0 -0 -1
    outer loop
      vertex 44.6595 31.9516 0
      vertex 46.6017 31.8706 0
      vertex 44.4815 31.8435 0
    endloop
  endfacet
  facet normal 0 -0 -1
    outer loop
      vertex 44.4815 31.8435 0
      vertex 46.7801 31.7872 0
      vertex 44.2846 31.755 0
    endloop
  endfacet
  facet normal 0 0 -1
    outer loop
      vertex 47.4348 31.6281 0
      vertex 43.8342 31.6371 0
      vertex 47.1967 31.666 0
    endloop
  endfacet
  facet normal 0 0 -1
    outer loop
      vertex 43.5806 31.6077 0
      vertex 29.8 0 0
      vertex 43.3081 31.5978 0
    endloop
  endfacet
  facet normal -0 0 -1
    outer loop
      vertex 43.3081 31.5978 0
      vertex 29.8 0 0
      vertex 43.0268 31.608 0
    endloop
  endfacet
  facet normal 0 -0 -1
    outer loop
      vertex 40.3975 31.6656 0
      vertex 43.0268 31.608 0
      vertex 29.8 0 0
    endloop
  endfacet
  facet normal 0 0 -1
    outer loop
      vertex 43.0268 31.608 0
      vertex 40.3975 31.6656 0
      vertex 42.7641 31.6387 0
    endloop
  endfacet
  facet normal 0 0 -1
    outer loop
      vertex 42.7641 31.6387 0
      vertex 40.3975 31.6656 0
      vertex 42.52 31.6897 0
    endloop
  endfacet
  facet normal -0 0 -1
    outer loop
      vertex 42.52 31.6897 0
      vertex 40.3975 31.6656 0
      vertex 42.2945 31.7611 0
    endloop
  endfacet
  facet normal 0 0 -1
    outer loop
      vertex 40.3975 36.443 0
      vertex 41.1686 33.5067 0
      vertex 40.3975 31.6656 0
    endloop
  endfacet
  facet normal -0 0 -1
    outer loop
      vertex 41.1801 33.2554 0
      vertex 40.3975 31.6656 0
      vertex 41.1686 33.5067 0
    endloop
  endfacet
  facet normal -0 0 -1
    outer loop
      vertex 41.2144 33.0208 0
      vertex 40.3975 31.6656 0
      vertex 41.1801 33.2554 0
    endloop
  endfacet
  facet normal -0 0 -1
    outer loop
      vertex 41.2717 32.8029 0
      vertex 40.3975 31.6656 0
      vertex 41.2144 33.0208 0
    endloop
  endfacet
  facet normal -0 0 -1
    outer loop
      vertex 41.3519 32.6016 0
      vertex 40.3975 31.6656 0
      vertex 41.2717 32.8029 0
    endloop
  endfacet
  facet normal -0 0 -1
    outer loop
      vertex 41.4549 32.4171 0
      vertex 40.3975 31.6656 0
      vertex 41.3519 32.6016 0
    endloop
  endfacet
  facet normal -0 0 -1
    outer loop
      vertex 41.5809 32.2492 0
      vertex 40.3975 31.6656 0
      vertex 41.4549 32.4171 0
    endloop
  endfacet
  facet normal -0 0 -1
    outer loop
      vertex 41.7298 32.0979 0
      vertex 40.3975 31.6656 0
      vertex 41.5809 32.2492 0
    endloop
  endfacet
  facet normal -0 0 -1
    outer loop
      vertex 41.8994 31.9653 0
      vertex 40.3975 31.6656 0
      vertex 41.7298 32.0979 0
    endloop
  endfacet
  facet normal -0 0 -1
    outer loop
      vertex 42.2945 31.7611 0
      vertex 40.3975 31.6656 0
      vertex 42.0877 31.853 0
    endloop
  endfacet
  facet normal -0 0 -1
    outer loop
      vertex 42.0877 31.853 0
      vertex 40.3975 31.6656 0
      vertex 41.8994 31.9653 0
    endloop
  endfacet
  facet normal 0 0 -1
    outer loop
      vertex 39.5092 31.6656 0
      vertex 37.4884 31.6656 0
      vertex 39.5092 34.4832 0
    endloop
  endfacet
  facet normal -0 0 -1
    outer loop
      vertex 40.3975 31.6656 0
      vertex 29.8 0 0
      vertex 39.5092 31.6656 0
    endloop
  endfacet
  facet normal -0 0 -1
    outer loop
      vertex 39.5092 31.6656 0
      vertex 29.8 0 0
      vertex 37.4884 31.6656 0
    endloop
  endfacet
  facet normal 0 0 -1
    outer loop
      vertex 36.3152 31.6656 0
      vertex 35.6797 34.0764 0
      vertex 36.3152 36.443 0
    endloop
  endfacet
  facet normal 0 0 -1
    outer loop
      vertex 36.3152 31.6656 0
      vertex 35.6669 33.7484 0
      vertex 35.6797 34.0764 0
    endloop
  endfacet
  facet normal 0 0 -1
    outer loop
      vertex 36.3152 31.6656 0
      vertex 35.6285 33.4424 0
      vertex 35.6669 33.7484 0
    endloop
  endfacet
  facet normal 0 0 -1
    outer loop
      vertex 36.3152 31.6656 0
      vertex 35.5645 33.1585 0
      vertex 35.6285 33.4424 0
    endloop
  endfacet
  facet normal 0 0 -1
    outer loop
      vertex 36.3152 31.6656 0
      vertex 35.4749 32.8967 0
      vertex 35.5645 33.1585 0
    endloop
  endfacet
  facet normal 0 0 -1
    outer loop
      vertex 36.3152 31.6656 0
      vertex 35.3597 32.657 0
      vertex 35.4749 32.8967 0
    endloop
  endfacet
  facet normal 0 0 -1
    outer loop
      vertex 36.3152 31.6656 0
      vertex 35.2189 32.4393 0
      vertex 35.3597 32.657 0
    endloop
  endfacet
  facet normal 0 0 -1
    outer loop
      vertex 36.3152 31.6656 0
      vertex 35.0525 32.2437 0
      vertex 35.2189 32.4393 0
    endloop
  endfacet
  facet normal -0 0 -1
    outer loop
      vertex 37.4884 31.6656 0
      vertex 29.8 0 0
      vertex 36.3152 31.6656 0
    endloop
  endfacet
  facet normal 0 -0 -1
    outer loop
      vertex 33.5811 31.611 0
      vertex 36.3152 31.6656 0
      vertex 29.8 0 0
    endloop
  endfacet
  facet normal 0 0 -1
    outer loop
      vertex 36.3152 31.6656 0
      vertex 34.8622 32.0724 0
      vertex 35.0525 32.2437 0
    endloop
  endfacet
  facet normal 0 0 -1
    outer loop
      vertex 36.3152 31.6656 0
      vertex 34.65 31.9274 0
      vertex 34.8622 32.0724 0
    endloop
  endfacet
  facet normal 0 0 -1
    outer loop
      vertex 36.3152 31.6656 0
      vertex 34.4158 31.8087 0
      vertex 34.65 31.9274 0
    endloop
  endfacet
  facet normal 0 0 -1
    outer loop
      vertex 36.3152 31.6656 0
      vertex 34.1595 31.7165 0
      vertex 34.4158 31.8087 0
    endloop
  endfacet
  facet normal -0 0 -1
    outer loop
      vertex 36.3152 31.6656 0
      vertex 33.8813 31.6506 0
      vertex 34.1595 31.7165 0
    endloop
  endfacet
  facet normal 0 0 -1
    outer loop
      vertex 36.3152 31.6656 0
      vertex 33.5811 31.611 0
      vertex 33.8813 31.6506 0
    endloop
  endfacet
  facet normal 0 0 -1
    outer loop
      vertex 33.5811 31.611 0
      vertex 29.8 0 0
      vertex 33.2588 31.5978 0
    endloop
  endfacet
  facet normal -0 0 -1
    outer loop
      vertex 33.2588 31.5978 0
      vertex 29.8 0 0
      vertex 33.0692 31.6023 0
    endloop
  endfacet
  facet normal -0 0 -1
    outer loop
      vertex 33.0692 31.6023 0
      vertex 29.8 0 0
      vertex 32.882 31.6158 0
    endloop
  endfacet
  facet normal -0 0 -1
    outer loop
      vertex 32.882 31.6158 0
      vertex 29.8 0 0
      vertex 32.6972 31.6383 0
    endloop
  endfacet
  facet normal -0 0 -1
    outer loop
      vertex 32.6972 31.6383 0
      vertex 29.8 0 0
      vertex 32.5148 31.6698 0
    endloop
  endfacet
  facet normal -0 0 -1
    outer loop
      vertex 32.5148 31.6698 0
      vertex 29.8 0 0
      vertex 32.3349 31.7103 0
    endloop
  endfacet
  facet normal -0 0 -1
    outer loop
      vertex 32.3349 31.7103 0
      vertex 29.8 0 0
      vertex 32.1574 31.7597 0
    endloop
  endfacet
  facet normal -0 0 -1
    outer loop
      vertex 32.1574 31.7597 0
      vertex 29.8 0 0
      vertex 31.9823 31.8182 0
    endloop
  endfacet
  facet normal -0 0 -1
    outer loop
      vertex 31.9823 31.8182 0
      vertex 29.8 0 0
      vertex 31.813 31.8846 0
    endloop
  endfacet
  facet normal -0 0 -1
    outer loop
      vertex 31.813 31.8846 0
      vertex 29.8 0 0
      vertex 31.6532 31.958 0
    endloop
  endfacet
  facet normal 0 0 -1
    outer loop
      vertex 24.9733 -3.41766 0
      vertex 29.8 0 0
      vertex 25.0308 -3.70632 0
    endloop
  endfacet
  facet normal -0 0 -1
    outer loop
      vertex 31.107 32.3206 0
      vertex 29.8 0 0
      vertex 30.9939 32.4285 0
    endloop
  endfacet
  facet normal -0 0 -1
    outer loop
      vertex 31.2295 32.2195 0
      vertex 29.8 0 0
      vertex 31.107 32.3206 0
    endloop
  endfacet
  facet normal -0 0 -1
    outer loop
      vertex 31.3614 32.1254 0
      vertex 29.8 0 0
      vertex 31.2295 32.2195 0
    endloop
  endfacet
  facet normal -0 0 -1
    outer loop
      vertex 31.5026 32.0382 0
      vertex 29.8 0 0
      vertex 31.3614 32.1254 0
    endloop
  endfacet
  facet normal -0 0 -1
    outer loop
      vertex 31.6532 31.958 0
      vertex 29.8 0 0
      vertex 31.5026 32.0382 0
    endloop
  endfacet
  facet normal 0 0 -1
    outer loop
      vertex 74.3093 36.443 0
      vertex 84.25 50.1 0
      vertex 76.5756 36.443 0
    endloop
  endfacet
  facet normal 0 0 -1
    outer loop
      vertex 65.75 51.9 0
      vertex 84.25 51.9 0
      vertex 65.75 50.1 0
    endloop
  endfacet
  facet normal 0 0 -1
    outer loop
      vertex 84.25 51.9 0
      vertex 65.75 51.9 0
      vertex 84.25 58.1 0
    endloop
  endfacet
  facet normal 0 0 -1
    outer loop
      vertex 84.25 50.1 0
      vertex 65.75 50.1 0
      vertex 84.25 51.9 0
    endloop
  endfacet
  facet normal 0 0 -1
    outer loop
      vertex 74.3093 36.443 0
      vertex 76.5756 36.443 0
      vertex 74.8396 31.6656 0
    endloop
  endfacet
  facet normal 0 0 -1
    outer loop
      vertex 74.3093 36.443 0
      vertex 74.8396 31.6656 0
      vertex 74.3093 31.6656 0
    endloop
  endfacet
  facet normal -0 0 -1
    outer loop
      vertex 84.25 50.1 0
      vertex 74.3093 36.443 0
      vertex 65.75 50.1 0
    endloop
  endfacet
  facet normal 0 0 -1
    outer loop
      vertex 65.75 50.1 0
      vertex 74.3093 36.443 0
      vertex 73.1666 36.443 0
    endloop
  endfacet
  facet normal 0 0 -1
    outer loop
      vertex 71.1153 36.443 0
      vertex 73.1666 36.443 0
      vertex 71.1153 33.6661 0
    endloop
  endfacet
  facet normal 0 0 -1
    outer loop
      vertex 65.75 50.1 0
      vertex 73.1666 36.443 0
      vertex 71.1153 36.443 0
    endloop
  endfacet
  facet normal 0 0 -1
    outer loop
      vertex 65.75 50.1 0
      vertex 71.1153 36.443 0
      vertex 70.2269 36.443 0
    endloop
  endfacet
  facet normal 0 0 -1
    outer loop
      vertex 69.4118 36.443 0
      vertex 70.2269 36.443 0
      vertex 69.4118 31.6656 0
    endloop
  endfacet
  facet normal 0 0 -1
    outer loop
      vertex 65.75 50.1 0
      vertex 70.2269 36.443 0
      vertex 69.4118 36.443 0
    endloop
  endfacet
  facet normal 0 0 -1
    outer loop
      vertex 65.75 50.1 0
      vertex 69.4118 36.443 0
      vertex 68.4115 36.443 0
    endloop
  endfacet
  facet normal 0 0 -1
    outer loop
      vertex 65.75 50.1 0
      vertex 68.4115 36.443 0
      vertex 66.2585 36.443 0
    endloop
  endfacet
  facet normal 0 0 -1
    outer loop
      vertex 65.75 58.1 0
      vertex 84.25 58.1 0
      vertex 65.75 51.9 0
    endloop
  endfacet
  facet normal 0 0 -1
    outer loop
      vertex 84.25 58.1 0
      vertex 65.75 58.1 0
      vertex 84.25 59.9 0
    endloop
  endfacet
  facet normal 0 0 -1
    outer loop
      vertex 65.75 59.9 0
      vertex 84.25 59.9 0
      vertex 65.75 58.1 0
    endloop
  endfacet
  facet normal 0 0 -1
    outer loop
      vertex 84.25 59.9 0
      vertex 65.75 59.9 0
      vertex 84.2 68 0
    endloop
  endfacet
  facet normal 0 0 -1
    outer loop
      vertex 62.25 59.9 0
      vertex 84.2 68 0
      vertex 65.75 59.9 0
    endloop
  endfacet
  facet normal 0 0 -1
    outer loop
      vertex 61.8696 33.639 0
      vertex 62.2459 33.5135 0
      vertex 62.0831 32.8727 0
    endloop
  endfacet
  facet normal 0 0 -1
    outer loop
      vertex 60.9913 36.443 0
      vertex 62.2459 33.5135 0
      vertex 61.8696 33.639 0
    endloop
  endfacet
  facet normal 0 0 -1
    outer loop
      vertex 59.6589 36.443 0
      vertex 62.25 50.1 0
      vertex 60.9913 36.443 0
    endloop
  endfacet
  facet normal 0 0 -1
    outer loop
      vertex 58.865 36.443 0
      vertex 62.25 50.1 0
      vertex 59.6589 36.443 0
    endloop
  endfacet
  facet normal 0 0 -1
    outer loop
      vertex 58.865 36.443 0
      vertex 59.6589 36.443 0
      vertex 58.865 31.6656 0
    endloop
  endfacet
  facet normal 0 0 -1
    outer loop
      vertex 55.1082 36.443 0
      vertex 62.25 50.1 0
      vertex 58.865 36.443 0
    endloop
  endfacet
  facet normal 0 0 -1
    outer loop
      vertex 52.975 36.4861 0
      vertex 62.25 50.1 0
      vertex 55.1082 36.443 0
    endloop
  endfacet
  facet normal 0 0 -1
    outer loop
      vertex 54.381 35.1068 0
      vertex 55.1082 35.67 0
      vertex 55.315 34.4697 0
    endloop
  endfacet
  facet normal 0 0 -1
    outer loop
      vertex 54.3724 35.3571 0
      vertex 55.1082 35.67 0
      vertex 54.3824 35.1783 0
    endloop
  endfacet
  facet normal 0 0 -1
    outer loop
      vertex 54.3426 35.5236 0
      vertex 55.1082 35.67 0
      vertex 54.3724 35.3571 0
    endloop
  endfacet
  facet normal 0 0 -1
    outer loop
      vertex 54.293 35.6777 0
      vertex 55.1082 35.67 0
      vertex 54.3426 35.5236 0
    endloop
  endfacet
  facet normal 0 0 -1
    outer loop
      vertex 54.2235 35.8194 0
      vertex 55.1082 35.67 0
      vertex 54.293 35.6777 0
    endloop
  endfacet
  facet normal 0 0 -1
    outer loop
      vertex 55.1082 35.67 0
      vertex 54.2235 35.8194 0
      vertex 55.1082 36.443 0
    endloop
  endfacet
  facet normal 0 0 -1
    outer loop
      vertex 54.1341 35.9486 0
      vertex 55.1082 36.443 0
      vertex 54.2235 35.8194 0
    endloop
  endfacet
  facet normal 0 0 -1
    outer loop
      vertex 54.0249 36.0656 0
      vertex 55.1082 36.443 0
      vertex 54.1341 35.9486 0
    endloop
  endfacet
  facet normal 0 0 -1
    outer loop
      vertex 53.8958 36.1701 0
      vertex 55.1082 36.443 0
      vertex 54.0249 36.0656 0
    endloop
  endfacet
  facet normal 0 0 -1
    outer loop
      vertex 53.7478 36.2614 0
      vertex 55.1082 36.443 0
      vertex 53.8958 36.1701 0
    endloop
  endfacet
  facet normal 0 0 -1
    outer loop
      vertex 53.5817 36.3386 0
      vertex 55.1082 36.443 0
      vertex 53.7478 36.2614 0
    endloop
  endfacet
  facet normal 0 0 -1
    outer loop
      vertex 53.3975 36.4018 0
      vertex 55.1082 36.443 0
      vertex 53.5817 36.3386 0
    endloop
  endfacet
  facet normal 0 0 -1
    outer loop
      vertex 53.1953 36.451 0
      vertex 55.1082 36.443 0
      vertex 53.3975 36.4018 0
    endloop
  endfacet
  facet normal 0 0 -1
    outer loop
      vertex 52.975 36.4861 0
      vertex 55.1082 36.443 0
      vertex 53.1953 36.451 0
    endloop
  endfacet
  facet normal 0 0 -1
    outer loop
      vertex 52.7367 36.5072 0
      vertex 62.25 50.1 0
      vertex 52.975 36.4861 0
    endloop
  endfacet
  facet normal 0 0 -1
    outer loop
      vertex 52.4803 36.5142 0
      vertex 62.25 50.1 0
      vertex 52.7367 36.5072 0
    endloop
  endfacet
  facet normal 0 0 -1
    outer loop
      vertex 52.2355 36.5085 0
      vertex 62.25 50.1 0
      vertex 52.4803 36.5142 0
    endloop
  endfacet
  facet normal 0 0 -1
    outer loop
      vertex 52.0088 36.4915 0
      vertex 62.25 50.1 0
      vertex 52.2355 36.5085 0
    endloop
  endfacet
  facet normal 0 0 -1
    outer loop
      vertex 48.4517 36.4861 0
      vertex 62.25 50.1 0
      vertex 52.0088 36.4915 0
    endloop
  endfacet
  facet normal 0 0 -1
    outer loop
      vertex 48.4517 36.4861 0
      vertex 52.0088 36.4915 0
      vertex 51.8001 36.4632 0
    endloop
  endfacet
  facet normal 0 0 -1
    outer loop
      vertex 48.6719 36.451 0
      vertex 51.8001 36.4632 0
      vertex 51.6095 36.4234 0
    endloop
  endfacet
  facet normal 0 0 -1
    outer loop
      vertex 48.8742 36.4018 0
      vertex 51.6095 36.4234 0
      vertex 51.437 36.3724 0
    endloop
  endfacet
  facet normal 0 0 -1
    outer loop
      vertex 49.0583 36.3386 0
      vertex 51.437 36.3724 0
      vertex 51.2825 36.3099 0
    endloop
  endfacet
  facet normal 0 0 -1
    outer loop
      vertex 49.2244 36.2614 0
      vertex 51.2825 36.3099 0
      vertex 51.1461 36.2362 0
    endloop
  endfacet
  facet normal 0 0 -1
    outer loop
      vertex 49.3725 36.1701 0
      vertex 51.1461 36.2362 0
      vertex 51.0251 36.1493 0
    endloop
  endfacet
  facet normal 0 0 -1
    outer loop
      vertex 49.5016 36.0656 0
      vertex 51.0251 36.1493 0
      vertex 50.9171 36.0477 0
    endloop
  endfacet
  facet normal 0 0 -1
    outer loop
      vertex 49.6108 35.9486 0
      vertex 50.9171 36.0477 0
      vertex 50.8221 35.9312 0
    endloop
  endfacet
  facet normal 0 0 -1
    outer loop
      vertex 49.7001 35.8194 0
      vertex 50.8221 35.9312 0
      vertex 50.74 35.8 0
    endloop
  endfacet
  facet normal 0 0 -1
    outer loop
      vertex 49.8577 35.1068 0
      vertex 50.5652 33.6335 0
      vertex 50.5374 33.5694 0
    endloop
  endfacet
  facet normal 0 0 -1
    outer loop
      vertex 49.8577 35.1068 0
      vertex 50.5374 33.5694 0
      vertex 50.5131 33.5026 0
    endloop
  endfacet
  facet normal 0 0 -1
    outer loop
      vertex 49.3674 34.1661 0
      vertex 50.4926 33.433 0
      vertex 50.0828 32.91 0
    endloop
  endfacet
  facet normal 0 0 -1
    outer loop
      vertex 50.0828 32.91 0
      vertex 50.4926 33.433 0
      vertex 50.4758 33.3605 0
    endloop
  endfacet
  facet normal 0 0 -1
    outer loop
      vertex 50.0828 32.91 0
      vertex 50.4758 33.3605 0
      vertex 50.4627 33.2852 0
    endloop
  endfacet
  facet normal 0 0 -1
    outer loop
      vertex 50.0828 32.91 0
      vertex 50.4627 33.2852 0
      vertex 50.4533 33.207 0
    endloop
  endfacet
  facet normal 0 0 -1
    outer loop
      vertex 50.0828 32.91 0
      vertex 50.4533 33.207 0
      vertex 50.4477 33.1261 0
    endloop
  endfacet
  facet normal 0 0 -1
    outer loop
      vertex 50.0828 32.91 0
      vertex 50.4477 33.1261 0
      vertex 50.4459 33.0422 0
    endloop
  endfacet
  facet normal 0 -0 -1
    outer loop
      vertex 49.4127 34.1982 0
      vertex 50.4926 33.433 0
      vertex 49.3674 34.1661 0
    endloop
  endfacet
  facet normal 0 0 -1
    outer loop
      vertex 49.8577 35.1068 0
      vertex 50.5713 35.3173 0
      vertex 50.8538 34.0089 0
    endloop
  endfacet
  facet normal 0 0 -1
    outer loop
      vertex 49.8491 35.3571 0
      vertex 50.5713 35.3173 0
      vertex 49.859 35.1783 0
    endloop
  endfacet
  facet normal 0 0 -1
    outer loop
      vertex 50.5713 35.3173 0
      vertex 49.8491 35.3571 0
      vertex 50.6146 35.493 0
    endloop
  endfacet
  facet normal 0 0 -1
    outer loop
      vertex 49.8193 35.5236 0
      vertex 50.6146 35.493 0
      vertex 49.8491 35.3571 0
    endloop
  endfacet
  facet normal 0 0 -1
    outer loop
      vertex 50.6146 35.493 0
      vertex 49.8193 35.5236 0
      vertex 50.6708 35.6539 0
    endloop
  endfacet
  facet normal 0 0 -1
    outer loop
      vertex 49.7697 35.6777 0
      vertex 50.6708 35.6539 0
      vertex 49.8193 35.5236 0
    endloop
  endfacet
  facet normal 0 0 -1
    outer loop
      vertex 50.6708 35.6539 0
      vertex 49.7697 35.6777 0
      vertex 50.74 35.8 0
    endloop
  endfacet
  facet normal 0 0 -1
    outer loop
      vertex 49.7001 35.8194 0
      vertex 50.74 35.8 0
      vertex 49.7697 35.6777 0
    endloop
  endfacet
  facet normal -0 0 -1
    outer loop
      vertex 50.8221 35.9312 0
      vertex 49.7001 35.8194 0
      vertex 49.6108 35.9486 0
    endloop
  endfacet
  facet normal -0 0 -1
    outer loop
      vertex 50.9171 36.0477 0
      vertex 49.6108 35.9486 0
      vertex 49.5016 36.0656 0
    endloop
  endfacet
  facet normal -0 0 -1
    outer loop
      vertex 51.0251 36.1493 0
      vertex 49.5016 36.0656 0
      vertex 49.3725 36.1701 0
    endloop
  endfacet
  facet normal -0 0 -1
    outer loop
      vertex 51.1461 36.2362 0
      vertex 49.3725 36.1701 0
      vertex 49.2244 36.2614 0
    endloop
  endfacet
  facet normal -0 0 -1
    outer loop
      vertex 51.2825 36.3099 0
      vertex 49.2244 36.2614 0
      vertex 49.0583 36.3386 0
    endloop
  endfacet
  facet normal -0 0 -1
    outer loop
      vertex 51.437 36.3724 0
      vertex 49.0583 36.3386 0
      vertex 48.8742 36.4018 0
    endloop
  endfacet
  facet normal -0 0 -1
    outer loop
      vertex 51.6095 36.4234 0
      vertex 48.8742 36.4018 0
      vertex 48.6719 36.451 0
    endloop
  endfacet
  facet normal -0 0 -1
    outer loop
      vertex 51.8001 36.4632 0
      vertex 48.6719 36.451 0
      vertex 48.4517 36.4861 0
    endloop
  endfacet
  facet normal 0 0 -1
    outer loop
      vertex 48.2133 36.5072 0
      vertex 62.25 50.1 0
      vertex 48.4517 36.4861 0
    endloop
  endfacet
  facet normal 0 0 -1
    outer loop
      vertex 47.9569 36.5142 0
      vertex 62.25 50.1 0
      vertex 48.2133 36.5072 0
    endloop
  endfacet
  facet normal 0 0 -1
    outer loop
      vertex 62.25 51.9 0
      vertex 47.9569 36.5142 0
      vertex 47.7121 36.5085 0
    endloop
  endfacet
  facet normal 0 0 -1
    outer loop
      vertex 62.25 51.9 0
      vertex 47.7121 36.5085 0
      vertex 47.4854 36.4915 0
    endloop
  endfacet
  facet normal 0 0 -1
    outer loop
      vertex 62.25 51.9 0
      vertex 47.4854 36.4915 0
      vertex 45.3425 36.443 0
    endloop
  endfacet
  facet normal 0 0 -1
    outer loop
      vertex 45.3425 36.443 0
      vertex 47.4854 36.4915 0
      vertex 47.2767 36.4632 0
    endloop
  endfacet
  facet normal 0 0 -1
    outer loop
      vertex 45.3425 36.443 0
      vertex 47.2767 36.4632 0
      vertex 47.0862 36.4234 0
    endloop
  endfacet
  facet normal 0 0 -1
    outer loop
      vertex 45.3425 36.443 0
      vertex 47.0862 36.4234 0
      vertex 46.9136 36.3724 0
    endloop
  endfacet
  facet normal 0 0 -1
    outer loop
      vertex 45.3425 36.443 0
      vertex 46.9136 36.3724 0
      vertex 46.7591 36.3099 0
    endloop
  endfacet
  facet normal 0 0 -1
    outer loop
      vertex 45.3425 36.443 0
      vertex 46.7591 36.3099 0
      vertex 46.6227 36.2362 0
    endloop
  endfacet
  facet normal 0 0 -1
    outer loop
      vertex 45.3425 36.443 0
      vertex 46.6227 36.2362 0
      vertex 46.5018 36.1493 0
    endloop
  endfacet
  facet normal 0 0 -1
    outer loop
      vertex 45.3425 36.443 0
      vertex 46.5018 36.1493 0
      vertex 46.3938 36.0477 0
    endloop
  endfacet
  facet normal 0 0 -1
    outer loop
      vertex 45.3425 36.443 0
      vertex 46.3938 36.0477 0
      vertex 46.2988 35.9312 0
    endloop
  endfacet
  facet normal 0 0 -1
    outer loop
      vertex 45.3425 33.4559 0
      vertex 46.0419 33.6335 0
      vertex 46.0141 33.5694 0
    endloop
  endfacet
  facet normal 0 0 -1
    outer loop
      vertex 45.3425 33.4559 0
      vertex 46.0141 33.5694 0
      vertex 45.9898 33.5026 0
    endloop
  endfacet
  facet normal 0 0 -1
    outer loop
      vertex 45.3425 33.4559 0
      vertex 45.9898 33.5026 0
      vertex 45.9692 33.433 0
    endloop
  endfacet
  facet normal 0 0 -1
    outer loop
      vertex 45.3425 33.4559 0
      vertex 45.9692 33.433 0
      vertex 45.9524 33.3605 0
    endloop
  endfacet
  facet normal 0 0 -1
    outer loop
      vertex 45.3425 33.4559 0
      vertex 45.9524 33.3605 0
      vertex 45.9393 33.2852 0
    endloop
  endfacet
  facet normal 0 0 -1
    outer loop
      vertex 45.3425 33.4559 0
      vertex 45.9393 33.2852 0
      vertex 45.93 33.207 0
    endloop
  endfacet
  facet normal 0 0 -1
    outer loop
      vertex 45.3425 33.4559 0
      vertex 45.93 33.207 0
      vertex 45.9244 33.1261 0
    endloop
  endfacet
  facet normal 0 0 -1
    outer loop
      vertex 45.3425 33.4559 0
      vertex 45.9244 33.1261 0
      vertex 45.9225 33.0422 0
    endloop
  endfacet
  facet normal -0 0 -1
    outer loop
      vertex 46.1864 33.8636 0
      vertex 45.3425 33.4559 0
      vertex 46.048 35.3173 0
    endloop
  endfacet
  facet normal 0 0 -1
    outer loop
      vertex 45.3425 36.443 0
      vertex 46.048 35.3173 0
      vertex 45.3425 33.4559 0
    endloop
  endfacet
  facet normal 0 0 -1
    outer loop
      vertex 46.048 35.3173 0
      vertex 45.3425 36.443 0
      vertex 46.0912 35.493 0
    endloop
  endfacet
  facet normal 0 0 -1
    outer loop
      vertex 46.0912 35.493 0
      vertex 45.3425 36.443 0
      vertex 46.1475 35.6539 0
    endloop
  endfacet
  facet normal 0 0 -1
    outer loop
      vertex 45.3425 36.443 0
      vertex 46.2166 35.8 0
      vertex 46.1475 35.6539 0
    endloop
  endfacet
  facet normal 0 0 -1
    outer loop
      vertex 45.3425 36.443 0
      vertex 46.2988 35.9312 0
      vertex 46.2166 35.8 0
    endloop
  endfacet
  facet normal -0 0 -1
    outer loop
      vertex 62.25 51.9 0
      vertex 44.3422 36.443 0
      vertex 62.25 58.1 0
    endloop
  endfacet
  facet normal 0 0 -1
    outer loop
      vertex 29.8 68 0
      vertex 62.25 58.1 0
      vertex 44.3422 36.443 0
    endloop
  endfacet
  facet normal 0 0 -1
    outer loop
      vertex 43.281 32.381 0
      vertex 44.3367 33.3777 0
      vertex 44.3202 33.2326 0
    endloop
  endfacet
  facet normal 0 0 -1
    outer loop
      vertex 43.425 32.387 0
      vertex 44.3202 33.2326 0
      vertex 44.2927 33.0987 0
    endloop
  endfacet
  facet normal 0 0 -1
    outer loop
      vertex 43.5587 32.405 0
      vertex 44.2927 33.0987 0
      vertex 44.2542 32.9759 0
    endloop
  endfacet
  facet normal 0 0 -1
    outer loop
      vertex 43.6821 32.4349 0
      vertex 44.2542 32.9759 0
      vertex 44.2047 32.8642 0
    endloop
  endfacet
  facet normal 0 0 -1
    outer loop
      vertex 43.6821 32.4349 0
      vertex 44.2047 32.8642 0
      vertex 44.1442 32.7637 0
    endloop
  endfacet
  facet normal 0 0 -1
    outer loop
      vertex 43.6821 32.4349 0
      vertex 44.1442 32.7637 0
      vertex 44.0727 32.6743 0
    endloop
  endfacet
  facet normal 0 0 -1
    outer loop
      vertex 43.6821 32.4349 0
      vertex 44.0727 32.6743 0
      vertex 43.9905 32.5965 0
    endloop
  endfacet
  facet normal 0 0 -1
    outer loop
      vertex 43.6821 32.4349 0
      vertex 43.9905 32.5965 0
      vertex 43.898 32.5307 0
    endloop
  endfacet
  facet normal 0 0 -1
    outer loop
      vertex 43.6821 32.4349 0
      vertex 43.898 32.5307 0
      vertex 43.7952 32.4768 0
    endloop
  endfacet
  facet normal 0 0 -1
    outer loop
      vertex 44.2542 32.9759 0
      vertex 43.6821 32.4349 0
      vertex 43.5587 32.405 0
    endloop
  endfacet
  facet normal 0 0 -1
    outer loop
      vertex 44.2927 33.0987 0
      vertex 43.5587 32.405 0
      vertex 43.425 32.387 0
    endloop
  endfacet
  facet normal 0 0 -1
    outer loop
      vertex 44.3202 33.2326 0
      vertex 43.425 32.387 0
      vertex 43.281 32.381 0
    endloop
  endfacet
  facet normal -0 0 -1
    outer loop
      vertex 44.3367 33.3777 0
      vertex 43.281 32.381 0
      vertex 42.1748 33.4095 0
    endloop
  endfacet
  facet normal 0 0 -1
    outer loop
      vertex 42.1748 33.4095 0
      vertex 43.281 32.381 0
      vertex 43.133 32.3873 0
    endloop
  endfacet
  facet normal 0 0 -1
    outer loop
      vertex 42.1924 33.2621 0
      vertex 43.133 32.3873 0
      vertex 42.9951 32.4061 0
    endloop
  endfacet
  facet normal 0 0 -1
    outer loop
      vertex 42.2218 33.1255 0
      vertex 42.9951 32.4061 0
      vertex 42.8673 32.4374 0
    endloop
  endfacet
  facet normal 0 0 -1
    outer loop
      vertex 42.263 32.9998 0
      vertex 42.8673 32.4374 0
      vertex 42.7496 32.4812 0
    endloop
  endfacet
  facet normal 0 0 -1
    outer loop
      vertex 42.3159 32.885 0
      vertex 42.7496 32.4812 0
      vertex 42.642 32.5376 0
    endloop
  endfacet
  facet normal 0 0 -1
    outer loop
      vertex 42.3159 32.885 0
      vertex 42.642 32.5376 0
      vertex 42.5445 32.6065 0
    endloop
  endfacet
  facet normal 0 0 -1
    outer loop
      vertex 42.3159 32.885 0
      vertex 42.5445 32.6065 0
      vertex 42.4571 32.6879 0
    endloop
  endfacet
  facet normal 0 0 -1
    outer loop
      vertex 42.3159 32.885 0
      vertex 42.4571 32.6879 0
      vertex 42.3806 32.781 0
    endloop
  endfacet
  facet normal 0 0 -1
    outer loop
      vertex 42.7496 32.4812 0
      vertex 42.3159 32.885 0
      vertex 42.263 32.9998 0
    endloop
  endfacet
  facet normal 0 0 -1
    outer loop
      vertex 42.8673 32.4374 0
      vertex 42.263 32.9998 0
      vertex 42.2218 33.1255 0
    endloop
  endfacet
  facet normal 0 0 -1
    outer loop
      vertex 42.9951 32.4061 0
      vertex 42.2218 33.1255 0
      vertex 42.1924 33.2621 0
    endloop
  endfacet
  facet normal 0 0 -1
    outer loop
      vertex 43.133 32.3873 0
      vertex 42.1924 33.2621 0
      vertex 42.1748 33.4095 0
    endloop
  endfacet
  facet normal -0 0 -1
    outer loop
      vertex 44.3422 33.5339 0
      vertex 42.1748 33.4095 0
      vertex 42.1689 33.5678 0
    endloop
  endfacet
  facet normal 0 0 -1
    outer loop
      vertex 44.3422 33.5339 0
      vertex 42.1689 33.5678 0
      vertex 44.3422 36.443 0
    endloop
  endfacet
  facet normal 0 0 -1
    outer loop
      vertex 42.1689 36.443 0
      vertex 44.3422 36.443 0
      vertex 42.1689 33.5678 0
    endloop
  endfacet
  facet normal 0 0 -1
    outer loop
      vertex 29.8 68 0
      vertex 44.3422 36.443 0
      vertex 42.1689 36.443 0
    endloop
  endfacet
  facet normal 0 0 -1
    outer loop
      vertex 29.8 68 0
      vertex 42.1689 36.443 0
      vertex 41.1686 36.443 0
    endloop
  endfacet
  facet normal 0 0 -1
    outer loop
      vertex 41.1686 33.5067 0
      vertex 40.3975 36.443 0
      vertex 41.1686 36.443 0
    endloop
  endfacet
  facet normal 0 0 -1
    outer loop
      vertex 29.8 68 0
      vertex 41.1686 36.443 0
      vertex 40.3975 36.443 0
    endloop
  endfacet
  facet normal 0 0 -1
    outer loop
      vertex 29.8 68 0
      vertex 40.3975 36.443 0
      vertex 39.2549 36.443 0
    endloop
  endfacet
  facet normal 0 0 -1
    outer loop
      vertex 37.2035 36.443 0
      vertex 39.2549 36.443 0
      vertex 37.2035 33.6661 0
    endloop
  endfacet
  facet normal 0 0 -1
    outer loop
      vertex 29.8 68 0
      vertex 39.2549 36.443 0
      vertex 37.2035 36.443 0
    endloop
  endfacet
  facet normal 0 0 -1
    outer loop
      vertex 29.8 68 0
      vertex 37.2035 36.443 0
      vertex 36.3152 36.443 0
    endloop
  endfacet
  facet normal 0 0 -1
    outer loop
      vertex 35.6668 34.4022 0
      vertex 36.3152 36.443 0
      vertex 35.6797 34.0764 0
    endloop
  endfacet
  facet normal 0 0 -1
    outer loop
      vertex 35.6282 34.7056 0
      vertex 36.3152 36.443 0
      vertex 35.6668 34.4022 0
    endloop
  endfacet
  facet normal 0 0 -1
    outer loop
      vertex 35.5639 34.9865 0
      vertex 36.3152 36.443 0
      vertex 35.6282 34.7056 0
    endloop
  endfacet
  facet normal 0 0 -1
    outer loop
      vertex 35.4738 35.2449 0
      vertex 36.3152 36.443 0
      vertex 35.5639 34.9865 0
    endloop
  endfacet
  facet normal 0 0 -1
    outer loop
      vertex 35.358 35.4808 0
      vertex 36.3152 36.443 0
      vertex 35.4738 35.2449 0
    endloop
  endfacet
  facet normal 0 0 -1
    outer loop
      vertex 35.2164 35.6943 0
      vertex 36.3152 36.443 0
      vertex 35.358 35.4808 0
    endloop
  endfacet
  facet normal 0 0 -1
    outer loop
      vertex 35.0491 35.8852 0
      vertex 36.3152 36.443 0
      vertex 35.2164 35.6943 0
    endloop
  endfacet
  facet normal 0 0 -1
    outer loop
      vertex 34.8576 36.0521 0
      vertex 36.3152 36.443 0
      vertex 35.0491 35.8852 0
    endloop
  endfacet
  facet normal 0 0 -1
    outer loop
      vertex 34.6436 36.1933 0
      vertex 36.3152 36.443 0
      vertex 34.8576 36.0521 0
    endloop
  endfacet
  facet normal 0 0 -1
    outer loop
      vertex 34.407 36.3088 0
      vertex 36.3152 36.443 0
      vertex 34.6436 36.1933 0
    endloop
  endfacet
  facet normal 0 0 -1
    outer loop
      vertex 34.1478 36.3987 0
      vertex 36.3152 36.443 0
      vertex 34.407 36.3088 0
    endloop
  endfacet
  facet normal 0 0 -1
    outer loop
      vertex 33.8661 36.4629 0
      vertex 36.3152 36.443 0
      vertex 34.1478 36.3987 0
    endloop
  endfacet
  facet normal 0 0 -1
    outer loop
      vertex 33.5619 36.5014 0
      vertex 36.3152 36.443 0
      vertex 33.8661 36.4629 0
    endloop
  endfacet
  facet normal 0 0 -1
    outer loop
      vertex 36.3152 36.443 0
      vertex 33.5619 36.5014 0
      vertex 29.8 68 0
    endloop
  endfacet
  facet normal 0 0 -1
    outer loop
      vertex 29.8 68 0
      vertex 33.5619 36.5014 0
      vertex 33.2351 36.5142 0
    endloop
  endfacet
  facet normal 0 0 -1
    outer loop
      vertex 29.8 68 0
      vertex 33.2351 36.5142 0
      vertex 32.7795 36.4888 0
    endloop
  endfacet
  facet normal 0 0 -1
    outer loop
      vertex 29.8 68 0
      vertex 32.7795 36.4888 0
      vertex 32.374 36.4126 0
    endloop
  endfacet
  facet normal 0 0 -1
    outer loop
      vertex 29.8 68 0
      vertex 32.374 36.4126 0
      vertex 32.0184 36.2857 0
    endloop
  endfacet
  facet normal 0 0 -1
    outer loop
      vertex 29.8 68 0
      vertex 32.0184 36.2857 0
      vertex 31.7127 36.1079 0
    endloop
  endfacet
  facet normal 0 0 -1
    outer loop
      vertex 62.25 59.9 0
      vertex 29.8 68 0
      vertex 84.2 68 0
    endloop
  endfacet
  facet normal 0 0 -1
    outer loop
      vertex 62.25 58.1 0
      vertex 29.8 68 0
      vertex 62.25 59.9 0
    endloop
  endfacet
  facet normal 0 0 -1
    outer loop
      vertex 31.457 35.8793 0
      vertex 29.8 68 0
      vertex 31.7127 36.1079 0
    endloop
  endfacet
  facet normal 0 0 -1
    outer loop
      vertex 31.2513 35.6 0
      vertex 29.8 68 0
      vertex 31.457 35.8793 0
    endloop
  endfacet
  facet normal 0 0 -1
    outer loop
      vertex 31.0956 35.2699 0
      vertex 29.8 68 0
      vertex 31.2513 35.6 0
    endloop
  endfacet
  facet normal 0 0 -1
    outer loop
      vertex 30.9939 34.1849 0
      vertex 29.8 68 0
      vertex 31.0956 35.2699 0
    endloop
  endfacet
  facet normal 0 0 -1
    outer loop
      vertex 24.8787 -3.13896 0
      vertex 29.8 0 0
      vertex 24.9733 -3.41766 0
    endloop
  endfacet
  facet normal -0 0 -1
    outer loop
      vertex 83.2325 35.67 0
      vertex 81.6898 31.6656 0
      vertex 81.6898 35.67 0
    endloop
  endfacet
  facet normal 0 0 -1
    outer loop
      vertex 79.4984 31.6656 0
      vertex 79.1434 35.67 0
      vertex 80.6895 35.67 0
    endloop
  endfacet
  facet normal 0 0 -1
    outer loop
      vertex 79.1434 35.67 0
      vertex 77.7556 36.443 0
      vertex 79.1434 36.443 0
    endloop
  endfacet
  facet normal 0 0 -1
    outer loop
      vertex 77.7556 36.443 0
      vertex 79.1434 35.67 0
      vertex 79.4984 31.6656 0
    endloop
  endfacet
  facet normal 0 0 -1
    outer loop
      vertex 84.25 51.9 0
      vertex 87.75 58.1 0
      vertex 87.75 51.9 0
    endloop
  endfacet
  facet normal -0 0 -1
    outer loop
      vertex 87.75 58.1 0
      vertex 84.25 51.9 0
      vertex 84.25 58.1 0
    endloop
  endfacet
  facet normal 0 0 -1
    outer loop
      vertex 89.75 7.5 0
      vertex 93.25 17.7 0
      vertex 93.25 7.5 0
    endloop
  endfacet
  facet normal -0 0 -1
    outer loop
      vertex 93.25 17.7 0
      vertex 89.75 7.5 0
      vertex 89.75 17.7 0
    endloop
  endfacet
  facet normal 0 0 -1
    outer loop
      vertex 101.1 39.75 0
      vertex 93.45 72 0
      vertex 98.2 68 0
    endloop
  endfacet
  facet normal -0 0 -1
    outer loop
      vertex 102.9 36.25 0
      vertex 93.25 19.5 0
      vertex 101.1 36.25 0
    endloop
  endfacet
  facet normal 0 0 -1
    outer loop
      vertex 93.25 5.7 0
      vertex 93.4307 -3.70632 0
      vertex 93.3733 -3.41766 0
    endloop
  endfacet
  facet normal -0 0 -1
    outer loop
      vertex 107.1 36.25 0
      vertex 93.25 19.5 0
      vertex 102.9 36.25 0
    endloop
  endfacet
  facet normal 0 0 -1
    outer loop
      vertex 93.25 5.7 0
      vertex 93.3733 -3.41766 0
      vertex 93.2787 -3.13896 0
    endloop
  endfacet
  facet normal -0 0 -1
    outer loop
      vertex 108.9 36.25 0
      vertex 93.25 19.5 0
      vertex 107.1 36.25 0
    endloop
  endfacet
  facet normal 0 0 -1
    outer loop
      vertex 83.2325 35.67 0
      vertex 93.25 19.5 0
      vertex 89.75 19.5 0
    endloop
  endfacet
  facet normal 0 0 -1
    outer loop
      vertex 93.1486 -2.875 0
      vertex 93.25 5.7 0
      vertex 93.2787 -3.13896 0
    endloop
  endfacet
  facet normal 0 0 -1
    outer loop
      vertex 92.985 -2.63029 0
      vertex 93.25 5.7 0
      vertex 93.1486 -2.875 0
    endloop
  endfacet
  facet normal 0 0 -1
    outer loop
      vertex 92.791 -2.40901 0
      vertex 93.25 5.7 0
      vertex 92.985 -2.63029 0
    endloop
  endfacet
  facet normal 0 0 -1
    outer loop
      vertex 92.5697 -2.21496 0
      vertex 93.25 5.7 0
      vertex 92.791 -2.40901 0
    endloop
  endfacet
  facet normal 0 0 -1
    outer loop
      vertex 92.325 -2.05144 0
      vertex 93.25 5.7 0
      vertex 92.5697 -2.21496 0
    endloop
  endfacet
  facet normal 0 0 -1
    outer loop
      vertex 92.061 -1.92127 0
      vertex 93.25 5.7 0
      vertex 92.325 -2.05144 0
    endloop
  endfacet
  facet normal 0 0 -1
    outer loop
      vertex 91.7823 -1.82667 0
      vertex 93.25 5.7 0
      vertex 92.061 -1.92127 0
    endloop
  endfacet
  facet normal 0 0 -1
    outer loop
      vertex 91.4937 -1.76925 0
      vertex 93.25 5.7 0
      vertex 91.7823 -1.82667 0
    endloop
  endfacet
  facet normal 0 0 -1
    outer loop
      vertex 91.2 -1.75 0
      vertex 93.25 5.7 0
      vertex 91.4937 -1.76925 0
    endloop
  endfacet
  facet normal 0 0 -1
    outer loop
      vertex 89.75 5.7 0
      vertex 91.2 -1.75 0
      vertex 90.9063 -1.76925 0
    endloop
  endfacet
  facet normal 0 0 -1
    outer loop
      vertex 89.75 5.7 0
      vertex 90.9063 -1.76925 0
      vertex 90.6177 -1.82667 0
    endloop
  endfacet
  facet normal 0 0 -1
    outer loop
      vertex 89.75 5.7 0
      vertex 90.6177 -1.82667 0
      vertex 90.339 -1.92127 0
    endloop
  endfacet
  facet normal 0 0 -1
    outer loop
      vertex 89.75 5.7 0
      vertex 90.339 -1.92127 0
      vertex 90.075 -2.05144 0
    endloop
  endfacet
  facet normal 0 0 -1
    outer loop
      vertex 89.75 5.7 0
      vertex 90.075 -2.05144 0
      vertex 89.8303 -2.21496 0
    endloop
  endfacet
  facet normal 0 0 -1
    outer loop
      vertex 91.2 -1.75 0
      vertex 89.75 5.7 0
      vertex 93.25 5.7 0
    endloop
  endfacet
  facet normal 0 0 -1
    outer loop
      vertex 88.9692 -3.70632 0
      vertex 89.75 7.5 0
      vertex 89.75 5.7 0
    endloop
  endfacet
  facet normal 0 0 -1
    outer loop
      vertex 83.2325 35.67 0
      vertex 89.75 7.5 0
      vertex 88.9692 -3.70632 0
    endloop
  endfacet
  facet normal 0 0 -1
    outer loop
      vertex 89.415 -2.63029 0
      vertex 89.75 5.7 0
      vertex 89.609 -2.40901 0
    endloop
  endfacet
  facet normal 0 0 -1
    outer loop
      vertex 89.609 -2.40901 0
      vertex 89.75 5.7 0
      vertex 89.8303 -2.21496 0
    endloop
  endfacet
  facet normal 0 0 -1
    outer loop
      vertex 93.45 -4 0
      vertex 98.2 0 0
      vertex 98.2 -8 0
    endloop
  endfacet
  facet normal 0 0 -1
    outer loop
      vertex 93.4307 -3.70632 0
      vertex 98.2 0 0
      vertex 93.45 -4 0
    endloop
  endfacet
  facet normal 0 0 -1
    outer loop
      vertex 101.1 36.25 0
      vertex 93.45 72 0
      vertex 101.1 39.75 0
    endloop
  endfacet
  facet normal 0 0 -1
    outer loop
      vertex 98.2 -8 0
      vertex 93.4307 -4.29368 0
      vertex 93.45 -4 0
    endloop
  endfacet
  facet normal 0 0 -1
    outer loop
      vertex 98.2 -8 0
      vertex 93.3733 -4.58234 0
      vertex 93.4307 -4.29368 0
    endloop
  endfacet
  facet normal 0 0 -1
    outer loop
      vertex 98.2 -8 0
      vertex 93.2787 -4.86104 0
      vertex 93.3733 -4.58234 0
    endloop
  endfacet
  facet normal 0 0 -1
    outer loop
      vertex 98.2 -8 0
      vertex 93.1486 -5.125 0
      vertex 93.2787 -4.86104 0
    endloop
  endfacet
  facet normal 0 0 -1
    outer loop
      vertex 98.2 -8 0
      vertex 92.985 -5.36971 0
      vertex 93.1486 -5.125 0
    endloop
  endfacet
  facet normal 0 0 -1
    outer loop
      vertex 98.2 -8 0
      vertex 92.791 -5.59099 0
      vertex 92.985 -5.36971 0
    endloop
  endfacet
  facet normal 0 0 -1
    outer loop
      vertex 98.2 -8 0
      vertex 92.5697 -5.78505 0
      vertex 92.791 -5.59099 0
    endloop
  endfacet
  facet normal 0 0 -1
    outer loop
      vertex 98.2 -8 0
      vertex 92.325 -5.94856 0
      vertex 92.5697 -5.78505 0
    endloop
  endfacet
  facet normal 0 0 -1
    outer loop
      vertex 98.2 -8 0
      vertex 92.061 -6.07873 0
      vertex 92.325 -5.94856 0
    endloop
  endfacet
  facet normal 0 0 -1
    outer loop
      vertex 98.2 -8 0
      vertex 91.7823 -6.17333 0
      vertex 92.061 -6.07873 0
    endloop
  endfacet
  facet normal 0 0 -1
    outer loop
      vertex 98.2 -8 0
      vertex 91.4937 -6.23075 0
      vertex 91.7823 -6.17333 0
    endloop
  endfacet
  facet normal 0 0 -1
    outer loop
      vertex 98.2 -8 0
      vertex 91.2 -6.25 0
      vertex 91.4937 -6.23075 0
    endloop
  endfacet
  facet normal 0 0 -1
    outer loop
      vertex 84.2 -8 0
      vertex 91.2 -6.25 0
      vertex 98.2 -8 0
    endloop
  endfacet
  facet normal -0 0 -1
    outer loop
      vertex 91.2 -6.25 0
      vertex 84.2 -8 0
      vertex 90.9063 -6.23075 0
    endloop
  endfacet
  facet normal -0 0 -1
    outer loop
      vertex 89.415 70.6303 0
      vertex 84.2 68 0
      vertex 89.2514 70.875 0
    endloop
  endfacet
  facet normal 0 0 -1
    outer loop
      vertex 81.6898 31.6656 0
      vertex 88.9692 -3.70632 0
      vertex 84.2 0 0
    endloop
  endfacet
  facet normal 0 0 -1
    outer loop
      vertex 84.2 -8 0
      vertex 88.95 -4 0
      vertex 88.9692 -4.29368 0
    endloop
  endfacet
  facet normal -0 0 -1
    outer loop
      vertex 87.75 50.1 0
      vertex 83.2325 36.443 0
      vertex 84.25 50.1 0
    endloop
  endfacet
  facet normal 0 0 -1
    outer loop
      vertex 79.1434 36.443 0
      vertex 84.25 50.1 0
      vertex 83.2325 36.443 0
    endloop
  endfacet
  facet normal 0 0 -1
    outer loop
      vertex 83.2325 36.443 0
      vertex 101.1 36.25 0
      vertex 83.2325 35.67 0
    endloop
  endfacet
  facet normal -0 0 -1
    outer loop
      vertex 88.95 -4 0
      vertex 84.2 -8 0
      vertex 84.2 0 0
    endloop
  endfacet
  facet normal -0 0 -1
    outer loop
      vertex 89.0267 -4.58234 0
      vertex 84.2 -8 0
      vertex 88.9692 -4.29368 0
    endloop
  endfacet
  facet normal -0 0 -1
    outer loop
      vertex 89.1213 -4.86104 0
      vertex 84.2 -8 0
      vertex 89.0267 -4.58234 0
    endloop
  endfacet
  facet normal -0 0 -1
    outer loop
      vertex 89.2514 -5.125 0
      vertex 84.2 -8 0
      vertex 89.1213 -4.86104 0
    endloop
  endfacet
  facet normal -0 0 -1
    outer loop
      vertex 89.415 -5.36971 0
      vertex 84.2 -8 0
      vertex 89.2514 -5.125 0
    endloop
  endfacet
  facet normal -0 0 -1
    outer loop
      vertex 89.609 -5.59099 0
      vertex 84.2 -8 0
      vertex 89.415 -5.36971 0
    endloop
  endfacet
  facet normal -0 0 -1
    outer loop
      vertex 89.8303 -5.78505 0
      vertex 84.2 -8 0
      vertex 89.609 -5.59099 0
    endloop
  endfacet
  facet normal -0 0 -1
    outer loop
      vertex 90.075 -5.94856 0
      vertex 84.2 -8 0
      vertex 89.8303 -5.78505 0
    endloop
  endfacet
  facet normal -0 0 -1
    outer loop
      vertex 90.339 -6.07873 0
      vertex 84.2 -8 0
      vertex 90.075 -5.94856 0
    endloop
  endfacet
  facet normal -0 0 -1
    outer loop
      vertex 90.6177 -6.17333 0
      vertex 84.2 -8 0
      vertex 90.339 -6.07873 0
    endloop
  endfacet
  facet normal -0 0 -1
    outer loop
      vertex 90.9063 -6.23075 0
      vertex 84.2 -8 0
      vertex 90.6177 -6.17333 0
    endloop
  endfacet
  facet normal 0 0 -1
    outer loop
      vertex 98.2 68 0
      vertex 93.45 72 0
      vertex 98.2 76 0
    endloop
  endfacet
  facet normal 0 0 -1
    outer loop
      vertex 93.4307 72.2937 0
      vertex 98.2 76 0
      vertex 93.45 72 0
    endloop
  endfacet
  facet normal 0 0 -1
    outer loop
      vertex 93.3733 72.5823 0
      vertex 98.2 76 0
      vertex 93.4307 72.2937 0
    endloop
  endfacet
  facet normal 0 0 -1
    outer loop
      vertex 93.2787 72.861 0
      vertex 98.2 76 0
      vertex 93.3733 72.5823 0
    endloop
  endfacet
  facet normal 0 0 -1
    outer loop
      vertex 93.1486 73.125 0
      vertex 98.2 76 0
      vertex 93.2787 72.861 0
    endloop
  endfacet
  facet normal 0 0 -1
    outer loop
      vertex 92.985 73.3697 0
      vertex 98.2 76 0
      vertex 93.1486 73.125 0
    endloop
  endfacet
  facet normal 0 0 -1
    outer loop
      vertex 92.791 73.591 0
      vertex 98.2 76 0
      vertex 92.985 73.3697 0
    endloop
  endfacet
  facet normal 0 0 -1
    outer loop
      vertex 92.5697 73.785 0
      vertex 98.2 76 0
      vertex 92.791 73.591 0
    endloop
  endfacet
  facet normal 0 0 -1
    outer loop
      vertex 92.325 73.9486 0
      vertex 98.2 76 0
      vertex 92.5697 73.785 0
    endloop
  endfacet
  facet normal 0 0 -1
    outer loop
      vertex 92.061 74.0787 0
      vertex 98.2 76 0
      vertex 92.325 73.9486 0
    endloop
  endfacet
  facet normal 0 0 -1
    outer loop
      vertex 91.7823 74.1733 0
      vertex 98.2 76 0
      vertex 92.061 74.0787 0
    endloop
  endfacet
  facet normal 0 0 -1
    outer loop
      vertex 91.4937 74.2308 0
      vertex 98.2 76 0
      vertex 91.7823 74.1733 0
    endloop
  endfacet
  facet normal 0 0 -1
    outer loop
      vertex 91.2 74.25 0
      vertex 98.2 76 0
      vertex 91.4937 74.2308 0
    endloop
  endfacet
  facet normal 0 0 -1
    outer loop
      vertex 84.2 76 0
      vertex 91.2 74.25 0
      vertex 90.9063 74.2308 0
    endloop
  endfacet
  facet normal 0 0 -1
    outer loop
      vertex 84.2 76 0
      vertex 90.9063 74.2308 0
      vertex 90.6177 74.1733 0
    endloop
  endfacet
  facet normal -0 0 -1
    outer loop
      vertex 89.2514 70.875 0
      vertex 84.2 68 0
      vertex 89.1213 71.139 0
    endloop
  endfacet
  facet normal -0 0 -1
    outer loop
      vertex 89.1213 71.139 0
      vertex 84.2 68 0
      vertex 89.0267 71.4177 0
    endloop
  endfacet
  facet normal -0 0 -1
    outer loop
      vertex 89.0267 71.4177 0
      vertex 84.2 68 0
      vertex 88.9692 71.7063 0
    endloop
  endfacet
  facet normal -0 0 -1
    outer loop
      vertex 88.9692 71.7063 0
      vertex 84.2 68 0
      vertex 88.95 72 0
    endloop
  endfacet
  facet normal 0 0 -1
    outer loop
      vertex 84.2 68 0
      vertex 87.75 59.9 0
      vertex 84.25 59.9 0
    endloop
  endfacet
  facet normal 0 0 -1
    outer loop
      vertex 84.2 76 0
      vertex 88.95 72 0
      vertex 84.2 68 0
    endloop
  endfacet
  facet normal 0 0 -1
    outer loop
      vertex 88.95 72 0
      vertex 84.2 76 0
      vertex 88.9692 72.2937 0
    endloop
  endfacet
  facet normal 0 0 -1
    outer loop
      vertex 101.1 36.25 0
      vertex 83.2325 36.443 0
      vertex 87.75 50.1 0
    endloop
  endfacet
  facet normal 0 0 -1
    outer loop
      vertex 77.7556 36.443 0
      vertex 84.25 50.1 0
      vertex 79.1434 36.443 0
    endloop
  endfacet
  facet normal 0 0 -1
    outer loop
      vertex 88.9692 72.2937 0
      vertex 84.2 76 0
      vertex 89.0267 72.5823 0
    endloop
  endfacet
  facet normal 0 0 -1
    outer loop
      vertex 89.0267 72.5823 0
      vertex 84.2 76 0
      vertex 89.1213 72.861 0
    endloop
  endfacet
  facet normal 0 0 -1
    outer loop
      vertex 89.1213 72.861 0
      vertex 84.2 76 0
      vertex 89.2514 73.125 0
    endloop
  endfacet
  facet normal 0 0 -1
    outer loop
      vertex 89.2514 73.125 0
      vertex 84.2 76 0
      vertex 89.415 73.3697 0
    endloop
  endfacet
  facet normal 0 0 -1
    outer loop
      vertex 91.2 74.25 0
      vertex 84.2 76 0
      vertex 98.2 76 0
    endloop
  endfacet
  facet normal 0 0 -1
    outer loop
      vertex 90.339 74.0787 0
      vertex 84.2 76 0
      vertex 90.6177 74.1733 0
    endloop
  endfacet
  facet normal 0 0 -1
    outer loop
      vertex 90.075 73.9486 0
      vertex 84.2 76 0
      vertex 90.339 74.0787 0
    endloop
  endfacet
  facet normal 0 0 -1
    outer loop
      vertex 89.8303 73.785 0
      vertex 84.2 76 0
      vertex 90.075 73.9486 0
    endloop
  endfacet
  facet normal 0 0 -1
    outer loop
      vertex 89.609 73.591 0
      vertex 84.2 76 0
      vertex 89.8303 73.785 0
    endloop
  endfacet
  facet normal 0 0 -1
    outer loop
      vertex 89.415 73.3697 0
      vertex 84.2 76 0
      vertex 89.609 73.591 0
    endloop
  endfacet
  facet normal 0 0 -1
    outer loop
      vertex 101.1 36.25 0
      vertex 93.4307 71.7063 0
      vertex 93.45 72 0
    endloop
  endfacet
  facet normal 0 0 -1
    outer loop
      vertex 101.1 36.25 0
      vertex 93.3733 71.4177 0
      vertex 93.4307 71.7063 0
    endloop
  endfacet
  facet normal 0 0 -1
    outer loop
      vertex 101.1 36.25 0
      vertex 93.2787 71.139 0
      vertex 93.3733 71.4177 0
    endloop
  endfacet
  facet normal 0 0 -1
    outer loop
      vertex 87.75 51.9 0
      vertex 101.1 36.25 0
      vertex 87.75 50.1 0
    endloop
  endfacet
  facet normal 0 0 -1
    outer loop
      vertex 101.1 36.25 0
      vertex 93.1486 70.875 0
      vertex 93.2787 71.139 0
    endloop
  endfacet
  facet normal 0 0 -1
    outer loop
      vertex 87.75 58.1 0
      vertex 101.1 36.25 0
      vertex 87.75 51.9 0
    endloop
  endfacet
  facet normal 0 0 -1
    outer loop
      vertex 101.1 36.25 0
      vertex 92.985 70.6303 0
      vertex 93.1486 70.875 0
    endloop
  endfacet
  facet normal 0 0 -1
    outer loop
      vertex 101.1 36.25 0
      vertex 87.75 58.1 0
      vertex 92.985 70.6303 0
    endloop
  endfacet
  facet normal 0 0 -1
    outer loop
      vertex 92.985 70.6303 0
      vertex 87.75 58.1 0
      vertex 92.791 70.409 0
    endloop
  endfacet
  facet normal 0 0 -1
    outer loop
      vertex 87.75 59.9 0
      vertex 92.791 70.409 0
      vertex 87.75 58.1 0
    endloop
  endfacet
  facet normal 0 0 -1
    outer loop
      vertex 92.791 70.409 0
      vertex 87.75 59.9 0
      vertex 92.5697 70.215 0
    endloop
  endfacet
  facet normal 0 0 -1
    outer loop
      vertex 92.5697 70.215 0
      vertex 87.75 59.9 0
      vertex 92.325 70.0514 0
    endloop
  endfacet
  facet normal 0 0 -1
    outer loop
      vertex 93.25 19.5 0
      vertex 83.2325 35.67 0
      vertex 101.1 36.25 0
    endloop
  endfacet
  facet normal 0 0 -1
    outer loop
      vertex 92.325 70.0514 0
      vertex 87.75 59.9 0
      vertex 92.061 69.9213 0
    endloop
  endfacet
  facet normal 0 0 -1
    outer loop
      vertex 92.061 69.9213 0
      vertex 87.75 59.9 0
      vertex 91.7823 69.8267 0
    endloop
  endfacet
  facet normal 0 0 -1
    outer loop
      vertex 91.7823 69.8267 0
      vertex 87.75 59.9 0
      vertex 91.4937 69.7692 0
    endloop
  endfacet
  facet normal 0 0 -1
    outer loop
      vertex 91.4937 69.7692 0
      vertex 87.75 59.9 0
      vertex 91.2 69.75 0
    endloop
  endfacet
  facet normal -0 0 -1
    outer loop
      vertex 91.2 69.75 0
      vertex 87.75 59.9 0
      vertex 90.9063 69.7692 0
    endloop
  endfacet
  facet normal 0 0 -1
    outer loop
      vertex 89.2514 -2.875 0
      vertex 89.75 5.7 0
      vertex 89.415 -2.63029 0
    endloop
  endfacet
  facet normal -0 0 -1
    outer loop
      vertex 90.9063 69.7692 0
      vertex 87.75 59.9 0
      vertex 90.6177 69.8267 0
    endloop
  endfacet
  facet normal 0 0 -1
    outer loop
      vertex 89.1213 -3.13896 0
      vertex 89.75 5.7 0
      vertex 89.2514 -2.875 0
    endloop
  endfacet
  facet normal -0 0 -1
    outer loop
      vertex 90.6177 69.8267 0
      vertex 87.75 59.9 0
      vertex 90.339 69.9213 0
    endloop
  endfacet
  facet normal 0 0 -1
    outer loop
      vertex 89.0267 -3.41766 0
      vertex 89.75 5.7 0
      vertex 89.1213 -3.13896 0
    endloop
  endfacet
  facet normal 0 0 -1
    outer loop
      vertex 84.2 68 0
      vertex 90.339 69.9213 0
      vertex 87.75 59.9 0
    endloop
  endfacet
  facet normal 0 0 -1
    outer loop
      vertex 88.9692 -3.70632 0
      vertex 89.75 5.7 0
      vertex 89.0267 -3.41766 0
    endloop
  endfacet
  facet normal -0 0 -1
    outer loop
      vertex 90.339 69.9213 0
      vertex 84.2 68 0
      vertex 90.075 70.0514 0
    endloop
  endfacet
  facet normal 0 0 -1
    outer loop
      vertex 89.75 7.5 0
      vertex 83.2325 35.67 0
      vertex 89.75 17.7 0
    endloop
  endfacet
  facet normal -0 0 -1
    outer loop
      vertex 90.075 70.0514 0
      vertex 84.2 68 0
      vertex 89.8303 70.215 0
    endloop
  endfacet
  facet normal 0 0 -1
    outer loop
      vertex 84.2 0 0
      vertex 88.9692 -3.70632 0
      vertex 88.95 -4 0
    endloop
  endfacet
  facet normal -0 0 -1
    outer loop
      vertex 89.8303 70.215 0
      vertex 84.2 68 0
      vertex 89.609 70.409 0
    endloop
  endfacet
  facet normal 0 0 -1
    outer loop
      vertex 89.75 17.7 0
      vertex 83.2325 35.67 0
      vertex 89.75 19.5 0
    endloop
  endfacet
  facet normal -0 0 -1
    outer loop
      vertex 89.609 70.409 0
      vertex 84.2 68 0
      vertex 89.415 70.6303 0
    endloop
  endfacet
  facet normal 0 0 -1
    outer loop
      vertex 112 0 0
      vertex 114 2 0
      vertex 113.983 1.73895 0
    endloop
  endfacet
  facet normal 0 0 -1
    outer loop
      vertex 114 2 0
      vertex 108.9 36.25 0
      vertex 114 66 0
    endloop
  endfacet
  facet normal 0 0 -1
    outer loop
      vertex 112 0 0
      vertex 113.983 1.73895 0
      vertex 113.932 1.48236 0
    endloop
  endfacet
  facet normal 0 0 -1
    outer loop
      vertex 108.9 39.75 0
      vertex 114 66 0
      vertex 108.9 36.25 0
    endloop
  endfacet
  facet normal 0 0 -1
    outer loop
      vertex 112 0 0
      vertex 113.932 1.48236 0
      vertex 113.848 1.23463 0
    endloop
  endfacet
  facet normal 0 0 -1
    outer loop
      vertex 107.1 39.75 0
      vertex 114 66 0
      vertex 108.9 39.75 0
    endloop
  endfacet
  facet normal 0 0 -1
    outer loop
      vertex 112 0 0
      vertex 113.848 1.23463 0
      vertex 113.732 1 0
    endloop
  endfacet
  facet normal 0 0 -1
    outer loop
      vertex 102.9 39.75 0
      vertex 114 66 0
      vertex 107.1 39.75 0
    endloop
  endfacet
  facet normal 0 0 -1
    outer loop
      vertex 112 0 0
      vertex 113.732 1 0
      vertex 113.587 0.782476 0
    endloop
  endfacet
  facet normal 0 0 -1
    outer loop
      vertex 98.2 68 0
      vertex 114 66 0
      vertex 102.9 39.75 0
    endloop
  endfacet
  facet normal 0 0 -1
    outer loop
      vertex 112 0 0
      vertex 113.587 0.782476 0
      vertex 113.414 0.585786 0
    endloop
  endfacet
  facet normal -0 -0 -1
    outer loop
      vertex 112 68 0
      vertex 114 66 0
      vertex 98.2 68 0
    endloop
  endfacet
  facet normal 0 0 -1
    outer loop
      vertex 112 0 0
      vertex 113.414 0.585786 0
      vertex 113.218 0.413293 0
    endloop
  endfacet
  facet normal 0 0 -1
    outer loop
      vertex 114 66 0
      vertex 112 68 0
      vertex 113.983 66.2611 0
    endloop
  endfacet
  facet normal 0 0 -1
    outer loop
      vertex 112 0 0
      vertex 113.218 0.413293 0
      vertex 113 0.267949 0
    endloop
  endfacet
  facet normal 0 0 -1
    outer loop
      vertex 113.848 66.7654 0
      vertex 112 68 0
      vertex 113.732 67 0
    endloop
  endfacet
  facet normal 0 0 -1
    outer loop
      vertex 112 0 0
      vertex 113 0.267949 0
      vertex 112.765 0.152241 0
    endloop
  endfacet
  facet normal 0 0 -1
    outer loop
      vertex 113.732 67 0
      vertex 112 68 0
      vertex 113.587 67.2175 0
    endloop
  endfacet
  facet normal 0 0 -1
    outer loop
      vertex 112 0 0
      vertex 112.765 0.152241 0
      vertex 112.518 0.0681477 0
    endloop
  endfacet
  facet normal 0 0 -1
    outer loop
      vertex 113.414 67.4142 0
      vertex 112 68 0
      vertex 113.218 67.5867 0
    endloop
  endfacet
  facet normal 0 0 -1
    outer loop
      vertex 112 0 0
      vertex 112.518 0.0681477 0
      vertex 112.261 0.0171099 0
    endloop
  endfacet
  facet normal 0 0 -1
    outer loop
      vertex 113.218 67.5867 0
      vertex 112 68 0
      vertex 113 67.732 0
    endloop
  endfacet
  facet normal 0 0 -1
    outer loop
      vertex 114 2 0
      vertex 112 0 0
      vertex 98.2 0 0
    endloop
  endfacet
  facet normal 0 0 -1
    outer loop
      vertex 113 67.732 0
      vertex 112 68 0
      vertex 112.765 67.8478 0
    endloop
  endfacet
  facet normal 0 0 -1
    outer loop
      vertex 112.765 67.8478 0
      vertex 112 68 0
      vertex 112.518 67.9319 0
    endloop
  endfacet
  facet normal 0 0 -1
    outer loop
      vertex 93.25 19.5 0
      vertex 114 2 0
      vertex 93.25 17.7 0
    endloop
  endfacet
  facet normal 0 0 -1
    outer loop
      vertex 107.1 36.25 0
      vertex 102.9 36.25 0
      vertex 107.1 39.75 0
    endloop
  endfacet
  facet normal 0 0 -1
    outer loop
      vertex 98.2 0 0
      vertex 93.25 7.5 0
      vertex 114 2 0
    endloop
  endfacet
  facet normal 0 0 -1
    outer loop
      vertex 93.25 7.5 0
      vertex 98.2 0 0
      vertex 93.25 5.7 0
    endloop
  endfacet
  facet normal 0 0 -1
    outer loop
      vertex 93.25 5.7 0
      vertex 98.2 0 0
      vertex 93.4307 -3.70632 0
    endloop
  endfacet
  facet normal 0 0 -1
    outer loop
      vertex 93.25 17.7 0
      vertex 114 2 0
      vertex 93.25 7.5 0
    endloop
  endfacet
  facet normal 0 0 -1
    outer loop
      vertex 112.518 67.9319 0
      vertex 112 68 0
      vertex 112.261 67.9829 0
    endloop
  endfacet
  facet normal 0 0 -1
    outer loop
      vertex 113.587 67.2175 0
      vertex 112 68 0
      vertex 113.414 67.4142 0
    endloop
  endfacet
  facet normal 0 0 -1
    outer loop
      vertex 102.9 39.75 0
      vertex 107.1 39.75 0
      vertex 102.9 36.25 0
    endloop
  endfacet
  facet normal 0 0 -1
    outer loop
      vertex 113.983 66.2611 0
      vertex 112 68 0
      vertex 113.932 66.5176 0
    endloop
  endfacet
  facet normal 0 0 -1
    outer loop
      vertex 98.2 68 0
      vertex 102.9 39.75 0
      vertex 101.1 39.75 0
    endloop
  endfacet
  facet normal 0 0 -1
    outer loop
      vertex 113.932 66.5176 0
      vertex 112 68 0
      vertex 113.848 66.7654 0
    endloop
  endfacet
  facet normal 0 0 -1
    outer loop
      vertex 114 2 0
      vertex 93.25 19.5 0
      vertex 108.9 36.25 0
    endloop
  endfacet
  facet normal -0 0 -1
    outer loop
      vertex 77.1859 35.6327 0
      vertex 77.0944 35.4733 0
      vertex 77.1656 35.7073 0
    endloop
  endfacet
  facet normal -0 0 -1
    outer loop
      vertex 77.1959 35.5971 0
      vertex 77.0944 35.4733 0
      vertex 77.1859 35.6327 0
    endloop
  endfacet
  facet normal -0 0 -1
    outer loop
      vertex 77.2064 35.5601 0
      vertex 77.0944 35.4733 0
      vertex 77.1959 35.5971 0
    endloop
  endfacet
  facet normal -0 0 -1
    outer loop
      vertex 77.2175 35.5218 0
      vertex 77.0944 35.4733 0
      vertex 77.2064 35.5601 0
    endloop
  endfacet
  facet normal -0 0 -1
    outer loop
      vertex 77.2291 35.4821 0
      vertex 77.0944 35.4733 0
      vertex 77.2175 35.5218 0
    endloop
  endfacet
  facet normal 0 0 -1
    outer loop
      vertex 77.2413 35.441 0
      vertex 77.0944 35.4733 0
      vertex 77.2291 35.4821 0
    endloop
  endfacet
  facet normal 0 0 -1
    outer loop
      vertex 77.254 35.3985 0
      vertex 77.0944 35.4733 0
      vertex 77.2413 35.441 0
    endloop
  endfacet
  facet normal 0 0 -1
    outer loop
      vertex 77.2673 35.3546 0
      vertex 77.0944 35.4733 0
      vertex 77.254 35.3985 0
    endloop
  endfacet
  facet normal 0 0 -1
    outer loop
      vertex 77.2908 35.2814 0
      vertex 77.0944 35.4733 0
      vertex 77.2673 35.3546 0
    endloop
  endfacet
  facet normal 0 0 -1
    outer loop
      vertex 76.9486 35.0122 0
      vertex 77.2908 35.2814 0
      vertex 77.3343 35.1509 0
    endloop
  endfacet
  facet normal 0 0 -1
    outer loop
      vertex 76.9486 35.0122 0
      vertex 77.3343 35.1509 0
      vertex 77.3977 34.9631 0
    endloop
  endfacet
  facet normal 0 0 -1
    outer loop
      vertex 76.9486 35.0122 0
      vertex 77.3977 34.9631 0
      vertex 77.481 34.718 0
    endloop
  endfacet
  facet normal 0 0 -1
    outer loop
      vertex 76.9486 35.0122 0
      vertex 77.481 34.718 0
      vertex 77.5842 34.4156 0
    endloop
  endfacet
  facet normal 0 0 -1
    outer loop
      vertex 76.4773 33.639 0
      vertex 77.5842 34.4156 0
      vertex 77.7074 34.056 0
    endloop
  endfacet
  facet normal 0 0 -1
    outer loop
      vertex 76.4773 33.639 0
      vertex 77.7074 34.056 0
      vertex 77.8505 33.639 0
    endloop
  endfacet
  facet normal -0 0 -1
    outer loop
      vertex 77.2908 35.2814 0
      vertex 76.9486 35.0122 0
      vertex 77.0944 35.4733 0
    endloop
  endfacet
  facet normal -0 0 -1
    outer loop
      vertex 77.5842 34.4156 0
      vertex 76.4773 33.639 0
      vertex 76.9486 35.0122 0
    endloop
  endfacet
  facet normal -0.321463 0.946922 0
    outer loop
      vertex 1.48236 67.9319 0
      vertex 1.23463 67.8478 42
      vertex 1.48236 67.9319 42
    endloop
  endfacet
  facet normal -0.321463 0.946922 0
    outer loop
      vertex 1.23463 67.8478 42
      vertex 1.48236 67.9319 0
      vertex 1.23463 67.8478 0
    endloop
  endfacet
  facet normal -0 0 1
    outer loop
      vertex 2 68 42
      vertex 112 66 42
      vertex 112 68 42
    endloop
  endfacet
  facet normal 0 0 1
    outer loop
      vertex 2 68 42
      vertex 2 66 42
      vertex 112 66 42
    endloop
  endfacet
  facet normal -0 0 1
    outer loop
      vertex 1.73895 67.9829 42
      vertex 2 66 42
      vertex 2 68 42
    endloop
  endfacet
  facet normal 0 0 1
    outer loop
      vertex 2 66 42
      vertex 0 66 42
      vertex 2 2 42
    endloop
  endfacet
  facet normal -0 0 1
    outer loop
      vertex 1.48236 67.9319 42
      vertex 2 66 42
      vertex 1.73895 67.9829 42
    endloop
  endfacet
  facet normal 0 0 1
    outer loop
      vertex 0 2 42
      vertex 2 2 42
      vertex 0 66 42
    endloop
  endfacet
  facet normal -0 0 1
    outer loop
      vertex 1.23463 67.8478 42
      vertex 2 66 42
      vertex 1.48236 67.9319 42
    endloop
  endfacet
  facet normal 0 -0 1
    outer loop
      vertex 0.0171099 1.73895 42
      vertex 2 2 42
      vertex 0 2 42
    endloop
  endfacet
  facet normal -0 0 1
    outer loop
      vertex 1 67.732 42
      vertex 2 66 42
      vertex 1.23463 67.8478 42
    endloop
  endfacet
  facet normal 0 0 1
    outer loop
      vertex 2 2 42
      vertex 1.73895 0.0171099 42
      vertex 2 0 42
    endloop
  endfacet
  facet normal -0 0 1
    outer loop
      vertex 0.782476 67.5867 42
      vertex 2 66 42
      vertex 1 67.732 42
    endloop
  endfacet
  facet normal 0 0 1
    outer loop
      vertex 2 2 42
      vertex 1.48236 0.0681477 42
      vertex 1.73895 0.0171099 42
    endloop
  endfacet
  facet normal -0 0 1
    outer loop
      vertex 0.585786 67.4142 42
      vertex 2 66 42
      vertex 0.782476 67.5867 42
    endloop
  endfacet
  facet normal 0 0 1
    outer loop
      vertex 2 2 42
      vertex 1.23463 0.152241 42
      vertex 1.48236 0.0681477 42
    endloop
  endfacet
  facet normal -0 0 1
    outer loop
      vertex 0.413293 67.2175 42
      vertex 2 66 42
      vertex 0.585786 67.4142 42
    endloop
  endfacet
  facet normal 0 0 1
    outer loop
      vertex 2 2 42
      vertex 1 0.267949 42
      vertex 1.23463 0.152241 42
    endloop
  endfacet
  facet normal -0 0 1
    outer loop
      vertex 0.267949 67 42
      vertex 2 66 42
      vertex 0.413293 67.2175 42
    endloop
  endfacet
  facet normal 0 0 1
    outer loop
      vertex 2 2 42
      vertex 0.782476 0.413293 42
      vertex 1 0.267949 42
    endloop
  endfacet
  facet normal -0 0 1
    outer loop
      vertex 0.152241 66.7654 42
      vertex 2 66 42
      vertex 0.267949 67 42
    endloop
  endfacet
  facet normal 0 0 1
    outer loop
      vertex 2 2 42
      vertex 0.585786 0.585786 42
      vertex 0.782476 0.413293 42
    endloop
  endfacet
  facet normal -0 0 1
    outer loop
      vertex 0.0681477 66.5176 42
      vertex 2 66 42
      vertex 0.152241 66.7654 42
    endloop
  endfacet
  facet normal 0 0 1
    outer loop
      vertex 2 2 42
      vertex 0.413293 0.782476 42
      vertex 0.585786 0.585786 42
    endloop
  endfacet
  facet normal -0 0 1
    outer loop
      vertex 0.0171099 66.2611 42
      vertex 2 66 42
      vertex 0.0681477 66.5176 42
    endloop
  endfacet
  facet normal 0 0 1
    outer loop
      vertex 2 2 42
      vertex 0.267949 1 42
      vertex 0.413293 0.782476 42
    endloop
  endfacet
  facet normal 0 0 1
    outer loop
      vertex 2 66 42
      vertex 0.0171099 66.2611 42
      vertex 0 66 42
    endloop
  endfacet
  facet normal 0 0 1
    outer loop
      vertex 2 2 42
      vertex 0.152241 1.23463 42
      vertex 0.267949 1 42
    endloop
  endfacet
  facet normal 0 0 1
    outer loop
      vertex 2 2 42
      vertex 0.0681477 1.48236 42
      vertex 0.152241 1.23463 42
    endloop
  endfacet
  facet normal 0 0 1
    outer loop
      vertex 2 2 42
      vertex 0.0171099 1.73895 42
      vertex 0.0681477 1.48236 42
    endloop
  endfacet
  facet normal 0 0 1
    outer loop
      vertex 112 66 42
      vertex 114 66 42
      vertex 113.983 66.2611 42
    endloop
  endfacet
  facet normal 0 0 1
    outer loop
      vertex 114 66 42
      vertex 112 66 42
      vertex 114 2 42
    endloop
  endfacet
  facet normal 0 0 1
    outer loop
      vertex 112 66 42
      vertex 113.983 66.2611 42
      vertex 113.932 66.5176 42
    endloop
  endfacet
  facet normal 0 0 1
    outer loop
      vertex 112 2 42
      vertex 114 2 42
      vertex 112 66 42
    endloop
  endfacet
  facet normal 0 0 1
    outer loop
      vertex 112 66 42
      vertex 113.932 66.5176 42
      vertex 113.848 66.7654 42
    endloop
  endfacet
  facet normal 0 0 1
    outer loop
      vertex 114 2 42
      vertex 112 2 42
      vertex 113.983 1.73895 42
    endloop
  endfacet
  facet normal 0 0 1
    outer loop
      vertex 112 66 42
      vertex 113.848 66.7654 42
      vertex 113.732 67 42
    endloop
  endfacet
  facet normal 0 0 1
    outer loop
      vertex 113.983 1.73895 42
      vertex 112 2 42
      vertex 113.932 1.48236 42
    endloop
  endfacet
  facet normal 0 0 1
    outer loop
      vertex 112 66 42
      vertex 113.732 67 42
      vertex 113.587 67.2175 42
    endloop
  endfacet
  facet normal 0 0 1
    outer loop
      vertex 113.932 1.48236 42
      vertex 112 2 42
      vertex 113.848 1.23463 42
    endloop
  endfacet
  facet normal 0 0 1
    outer loop
      vertex 112 66 42
      vertex 113.587 67.2175 42
      vertex 113.414 67.4142 42
    endloop
  endfacet
  facet normal 0 0 1
    outer loop
      vertex 113.848 1.23463 42
      vertex 112 2 42
      vertex 113.732 1 42
    endloop
  endfacet
  facet normal 0 0 1
    outer loop
      vertex 112 66 42
      vertex 113.414 67.4142 42
      vertex 113.218 67.5867 42
    endloop
  endfacet
  facet normal 0 0 1
    outer loop
      vertex 113.732 1 42
      vertex 112 2 42
      vertex 113.587 0.782476 42
    endloop
  endfacet
  facet normal 0 0 1
    outer loop
      vertex 112 66 42
      vertex 113.218 67.5867 42
      vertex 113 67.732 42
    endloop
  endfacet
  facet normal 0 0 1
    outer loop
      vertex 113.587 0.782476 42
      vertex 112 2 42
      vertex 113.414 0.585786 42
    endloop
  endfacet
  facet normal 0 0 1
    outer loop
      vertex 112 66 42
      vertex 113 67.732 42
      vertex 112.765 67.8478 42
    endloop
  endfacet
  facet normal 0 0 1
    outer loop
      vertex 113.414 0.585786 42
      vertex 112 2 42
      vertex 113.218 0.413293 42
    endloop
  endfacet
  facet normal 0 0 1
    outer loop
      vertex 112 66 42
      vertex 112.765 67.8478 42
      vertex 112.518 67.9319 42
    endloop
  endfacet
  facet normal 0 0 1
    outer loop
      vertex 113.218 0.413293 42
      vertex 112 2 42
      vertex 113 0.267949 42
    endloop
  endfacet
  facet normal 0 0 1
    outer loop
      vertex 112 66 42
      vertex 112.518 67.9319 42
      vertex 112.261 67.9829 42
    endloop
  endfacet
  facet normal 0 0 1
    outer loop
      vertex 113 0.267949 42
      vertex 112 2 42
      vertex 112.765 0.152241 42
    endloop
  endfacet
  facet normal 0 0 1
    outer loop
      vertex 112 66 42
      vertex 112.261 67.9829 42
      vertex 112 68 42
    endloop
  endfacet
  facet normal 0 0 1
    outer loop
      vertex 112.765 0.152241 42
      vertex 112 2 42
      vertex 112.518 0.0681477 42
    endloop
  endfacet
  facet normal 0 0 1
    outer loop
      vertex 112.518 0.0681477 42
      vertex 112 2 42
      vertex 112.261 0.0171099 42
    endloop
  endfacet
  facet normal 0 0 1
    outer loop
      vertex 112 2 42
      vertex 112 0 42
      vertex 112.261 0.0171099 42
    endloop
  endfacet
  facet normal -0 0 1
    outer loop
      vertex 2 2 42
      vertex 112 0 42
      vertex 112 2 42
    endloop
  endfacet
  facet normal 0 0 1
    outer loop
      vertex 112 0 42
      vertex 2 2 42
      vertex 2 0 42
    endloop
  endfacet
  facet normal -0.896848 0.442338 0
    outer loop
      vertex 0.152241 66.7654 0
      vertex 0.267949 67 42
      vertex 0.267949 67 0
    endloop
  endfacet
  facet normal -0.896848 0.442338 0
    outer loop
      vertex 0.267949 67 42
      vertex 0.152241 66.7654 0
      vertex 0.152241 66.7654 42
    endloop
  endfacet
  facet normal -1 0 0
    outer loop
      vertex 112 50.8718 8.43074
      vertex 112 66 2
      vertex 112 50.9 8
    endloop
  endfacet
  facet normal -1 0 0
    outer loop
      vertex 112 66 2
      vertex 112 50.8718 7.56926
      vertex 112 50.9 8
    endloop
  endfacet
  facet normal -1 0 0
    outer loop
      vertex 112 66 2
      vertex 112 50.7876 7.1459
      vertex 112 50.8718 7.56926
    endloop
  endfacet
  facet normal -1 0 0
    outer loop
      vertex 112 66 2
      vertex 112 50.6488 6.73714
      vertex 112 50.7876 7.1459
    endloop
  endfacet
  facet normal -1 0 0
    outer loop
      vertex 112 66 2
      vertex 112 50.4579 6.35
      vertex 112 50.6488 6.73714
    endloop
  endfacet
  facet normal -1 0 0
    outer loop
      vertex 112 66 2
      vertex 112 50.2181 5.99109
      vertex 112 50.4579 6.35
    endloop
  endfacet
  facet normal -1 0 0
    outer loop
      vertex 112 66 2
      vertex 112 49.9335 5.66655
      vertex 112 50.2181 5.99109
    endloop
  endfacet
  facet normal -1 0 0
    outer loop
      vertex 112 66 2
      vertex 112 49.6089 5.38193
      vertex 112 49.9335 5.66655
    endloop
  endfacet
  facet normal -1 0 0
    outer loop
      vertex 112 66 2
      vertex 112 49.25 5.14212
      vertex 112 49.6089 5.38193
    endloop
  endfacet
  facet normal -1 0 0
    outer loop
      vertex 112 66 2
      vertex 112 48.8629 4.9512
      vertex 112 49.25 5.14212
    endloop
  endfacet
  facet normal -1 0 0
    outer loop
      vertex 112 66 2
      vertex 112 48.4541 4.81244
      vertex 112 48.8629 4.9512
    endloop
  endfacet
  facet normal -1 0 0
    outer loop
      vertex 112 66 2
      vertex 112 48.0307 4.72823
      vertex 112 48.4541 4.81244
    endloop
  endfacet
  facet normal -1 0 0
    outer loop
      vertex 112 66 2
      vertex 112 47.6 4.7
      vertex 112 48.0307 4.72823
    endloop
  endfacet
  facet normal -1 0 0
    outer loop
      vertex 112 66 2
      vertex 112 47.1693 4.72823
      vertex 112 47.6 4.7
    endloop
  endfacet
  facet normal -1 0 0
    outer loop
      vertex 112 2 2
      vertex 112 44.3 8
      vertex 112 44.3282 7.56926
    endloop
  endfacet
  facet normal -1 0 0
    outer loop
      vertex 112 2 2
      vertex 112 44.3282 7.56926
      vertex 112 44.4124 7.1459
    endloop
  endfacet
  facet normal -1 0 0
    outer loop
      vertex 112 2 2
      vertex 112 44.4124 7.1459
      vertex 112 44.5512 6.73714
    endloop
  endfacet
  facet normal -1 0 0
    outer loop
      vertex 112 2 2
      vertex 112 44.5512 6.73714
      vertex 112 44.7421 6.35
    endloop
  endfacet
  facet normal -1 0 0
    outer loop
      vertex 112 2 2
      vertex 112 44.7421 6.35
      vertex 112 44.9819 5.99109
    endloop
  endfacet
  facet normal -1 0 0
    outer loop
      vertex 112 44.3 8
      vertex 112 22.8786 34.6737
      vertex 112 22.9 35
    endloop
  endfacet
  facet normal -1 0 0
    outer loop
      vertex 112 44.3 8
      vertex 112 22.8148 34.353
      vertex 112 22.8786 34.6737
    endloop
  endfacet
  facet normal -1 0 0
    outer loop
      vertex 112 44.3 8
      vertex 112 22.7097 34.0433
      vertex 112 22.8148 34.353
    endloop
  endfacet
  facet normal -1 0 0
    outer loop
      vertex 112 44.3 8
      vertex 112 22.5651 33.75
      vertex 112 22.7097 34.0433
    endloop
  endfacet
  facet normal -1 0 0
    outer loop
      vertex 112 44.3 8
      vertex 112 22.3834 33.4781
      vertex 112 22.5651 33.75
    endloop
  endfacet
  facet normal -1 0 0
    outer loop
      vertex 112 44.3 8
      vertex 112 22.1678 33.2322
      vertex 112 22.3834 33.4781
    endloop
  endfacet
  facet normal -1 0 0
    outer loop
      vertex 112 44.3 8
      vertex 112 21.9219 33.0166
      vertex 112 22.1678 33.2322
    endloop
  endfacet
  facet normal -1 0 0
    outer loop
      vertex 112 44.3 8
      vertex 112 21.65 32.8349
      vertex 112 21.9219 33.0166
    endloop
  endfacet
  facet normal -1 0 0
    outer loop
      vertex 112 44.3 8
      vertex 112 21.3567 32.6903
      vertex 112 21.65 32.8349
    endloop
  endfacet
  facet normal -1 0 0
    outer loop
      vertex 112 2 2
      vertex 112 44.9819 5.99109
      vertex 112 45.2665 5.66655
    endloop
  endfacet
  facet normal -1 0 0
    outer loop
      vertex 112 44.3 8
      vertex 112 21.047 32.5852
      vertex 112 21.3567 32.6903
    endloop
  endfacet
  facet normal -1 0 0
    outer loop
      vertex 112 44.3 8
      vertex 112 20.7263 32.5214
      vertex 112 21.047 32.5852
    endloop
  endfacet
  facet normal -1 -0 0
    outer loop
      vertex 112 44.3 8
      vertex 112 2 2
      vertex 112 20.7263 32.5214
    endloop
  endfacet
  facet normal -1 0 0
    outer loop
      vertex 112 20.7263 32.5214
      vertex 112 2 2
      vertex 112 20.4 32.5
    endloop
  endfacet
  facet normal -1 -0 0
    outer loop
      vertex 112 20.4 32.5
      vertex 112 2 2
      vertex 112 20.0737 32.5214
    endloop
  endfacet
  facet normal -1 -0 0
    outer loop
      vertex 112 20.0737 32.5214
      vertex 112 2 2
      vertex 112 19.753 32.5852
    endloop
  endfacet
  facet normal -1 -0 0
    outer loop
      vertex 112 19.753 32.5852
      vertex 112 2 2
      vertex 112 19.4433 32.6903
    endloop
  endfacet
  facet normal -1 -0 0
    outer loop
      vertex 112 19.4433 32.6903
      vertex 112 2 2
      vertex 112 19.15 32.8349
    endloop
  endfacet
  facet normal -1 -0 0
    outer loop
      vertex 112 19.15 32.8349
      vertex 112 2 2
      vertex 112 18.8781 33.0166
    endloop
  endfacet
  facet normal -1 0 0
    outer loop
      vertex 112 17.9852 34.353
      vertex 112 2 42
      vertex 112 17.9214 34.6737
    endloop
  endfacet
  facet normal -1 0 0
    outer loop
      vertex 112 18.0903 34.0433
      vertex 112 2 42
      vertex 112 17.9852 34.353
    endloop
  endfacet
  facet normal -1 0 0
    outer loop
      vertex 112 18.2349 33.75
      vertex 112 2 42
      vertex 112 18.0903 34.0433
    endloop
  endfacet
  facet normal -1 0 0
    outer loop
      vertex 112 18.4166 33.4781
      vertex 112 2 42
      vertex 112 18.2349 33.75
    endloop
  endfacet
  facet normal -1 0 0
    outer loop
      vertex 112 2 42
      vertex 112 18.4166 33.4781
      vertex 112 2 2
    endloop
  endfacet
  facet normal -1 -0 0
    outer loop
      vertex 112 18.6322 33.2322
      vertex 112 2 2
      vertex 112 18.4166 33.4781
    endloop
  endfacet
  facet normal -1 -0 0
    outer loop
      vertex 112 18.8781 33.0166
      vertex 112 2 2
      vertex 112 18.6322 33.2322
    endloop
  endfacet
  facet normal -1 -0 0
    outer loop
      vertex 112 45.5911 5.38193
      vertex 112 2 2
      vertex 112 45.2665 5.66655
    endloop
  endfacet
  facet normal -1 -0 0
    outer loop
      vertex 112 45.95 5.14212
      vertex 112 2 2
      vertex 112 45.5911 5.38193
    endloop
  endfacet
  facet normal -1 -0 0
    outer loop
      vertex 112 46.3371 4.9512
      vertex 112 2 2
      vertex 112 45.95 5.14212
    endloop
  endfacet
  facet normal -1 -0 0
    outer loop
      vertex 112 46.7459 4.81244
      vertex 112 2 2
      vertex 112 46.3371 4.9512
    endloop
  endfacet
  facet normal -1 -0 0
    outer loop
      vertex 112 47.1693 4.72823
      vertex 112 2 2
      vertex 112 46.7459 4.81244
    endloop
  endfacet
  facet normal -1 0 0
    outer loop
      vertex 112 2 2
      vertex 112 47.1693 4.72823
      vertex 112 66 2
    endloop
  endfacet
  facet normal -1 0 0
    outer loop
      vertex 112 50.7876 8.8541
      vertex 112 66 2
      vertex 112 50.8718 8.43074
    endloop
  endfacet
  facet normal -1 0 0
    outer loop
      vertex 112 50.6488 9.26285
      vertex 112 66 2
      vertex 112 50.7876 8.8541
    endloop
  endfacet
  facet normal -1 0 0
    outer loop
      vertex 112 50.4579 9.65
      vertex 112 66 2
      vertex 112 50.6488 9.26285
    endloop
  endfacet
  facet normal -1 0 0
    outer loop
      vertex 112 50.2181 10.0089
      vertex 112 66 2
      vertex 112 50.4579 9.65
    endloop
  endfacet
  facet normal -1 0 0
    outer loop
      vertex 112 66 2
      vertex 112 50.2181 10.0089
      vertex 112 66 42
    endloop
  endfacet
  facet normal -1 0 0
    outer loop
      vertex 112 49.9335 10.3335
      vertex 112 66 42
      vertex 112 50.2181 10.0089
    endloop
  endfacet
  facet normal -1 0 0
    outer loop
      vertex 112 49.6089 10.6181
      vertex 112 66 42
      vertex 112 49.9335 10.3335
    endloop
  endfacet
  facet normal -1 0 0
    outer loop
      vertex 112 49.25 10.8579
      vertex 112 66 42
      vertex 112 49.6089 10.6181
    endloop
  endfacet
  facet normal -1 0 0
    outer loop
      vertex 112 48.8629 11.0488
      vertex 112 66 42
      vertex 112 49.25 10.8579
    endloop
  endfacet
  facet normal -1 0 0
    outer loop
      vertex 112 48.4541 11.1876
      vertex 112 66 42
      vertex 112 48.8629 11.0488
    endloop
  endfacet
  facet normal -1 0 0
    outer loop
      vertex 112 48.0307 11.2718
      vertex 112 66 42
      vertex 112 48.4541 11.1876
    endloop
  endfacet
  facet normal -1 0 0
    outer loop
      vertex 112 47.6 11.3
      vertex 112 66 42
      vertex 112 48.0307 11.2718
    endloop
  endfacet
  facet normal -1 0 0
    outer loop
      vertex 112 47.1693 11.2718
      vertex 112 66 42
      vertex 112 47.6 11.3
    endloop
  endfacet
  facet normal -1 0 0
    outer loop
      vertex 112 22.9 35
      vertex 112 47.1693 11.2718
      vertex 112 46.7459 11.1876
    endloop
  endfacet
  facet normal -1 0 0
    outer loop
      vertex 112 22.9 35
      vertex 112 46.7459 11.1876
      vertex 112 46.3371 11.0488
    endloop
  endfacet
  facet normal -1 0 0
    outer loop
      vertex 112 22.9 35
      vertex 112 46.3371 11.0488
      vertex 112 45.95 10.8579
    endloop
  endfacet
  facet normal -1 0 0
    outer loop
      vertex 112 22.9 35
      vertex 112 45.95 10.8579
      vertex 112 45.5911 10.6181
    endloop
  endfacet
  facet normal -1 0 0
    outer loop
      vertex 112 22.9 35
      vertex 112 45.5911 10.6181
      vertex 112 45.2665 10.3335
    endloop
  endfacet
  facet normal -1 0 0
    outer loop
      vertex 112 22.9 35
      vertex 112 45.2665 10.3335
      vertex 112 44.9819 10.0089
    endloop
  endfacet
  facet normal -1 0 0
    outer loop
      vertex 112 22.9 35
      vertex 112 44.9819 10.0089
      vertex 112 44.7421 9.65
    endloop
  endfacet
  facet normal -1 0 0
    outer loop
      vertex 112 22.9 35
      vertex 112 44.3282 8.43074
      vertex 112 44.3 8
    endloop
  endfacet
  facet normal -1 0 0
    outer loop
      vertex 112 22.9 35
      vertex 112 44.4124 8.8541
      vertex 112 44.3282 8.43074
    endloop
  endfacet
  facet normal -1 0 0
    outer loop
      vertex 112 22.9 35
      vertex 112 44.5512 9.26285
      vertex 112 44.4124 8.8541
    endloop
  endfacet
  facet normal -1 0 0
    outer loop
      vertex 112 22.9 35
      vertex 112 44.7421 9.65
      vertex 112 44.5512 9.26285
    endloop
  endfacet
  facet normal -1 0 0
    outer loop
      vertex 112 47.1693 11.2718
      vertex 112 22.9 35
      vertex 112 66 42
    endloop
  endfacet
  facet normal -1 0 0
    outer loop
      vertex 112 22.8786 35.3263
      vertex 112 66 42
      vertex 112 22.9 35
    endloop
  endfacet
  facet normal -1 0 0
    outer loop
      vertex 112 22.8148 35.647
      vertex 112 66 42
      vertex 112 22.8786 35.3263
    endloop
  endfacet
  facet normal -1 0 0
    outer loop
      vertex 112 22.7097 35.9567
      vertex 112 66 42
      vertex 112 22.8148 35.647
    endloop
  endfacet
  facet normal -1 0 0
    outer loop
      vertex 112 22.5651 36.25
      vertex 112 66 42
      vertex 112 22.7097 35.9567
    endloop
  endfacet
  facet normal -1 0 0
    outer loop
      vertex 112 22.3834 36.5219
      vertex 112 66 42
      vertex 112 22.5651 36.25
    endloop
  endfacet
  facet normal -1 0 0
    outer loop
      vertex 112 22.1678 36.7678
      vertex 112 66 42
      vertex 112 22.3834 36.5219
    endloop
  endfacet
  facet normal -1 0 0
    outer loop
      vertex 112 21.9219 36.9834
      vertex 112 66 42
      vertex 112 22.1678 36.7678
    endloop
  endfacet
  facet normal -1 0 0
    outer loop
      vertex 112 21.65 37.1651
      vertex 112 66 42
      vertex 112 21.9219 36.9834
    endloop
  endfacet
  facet normal -1 0 0
    outer loop
      vertex 112 21.3567 37.3097
      vertex 112 66 42
      vertex 112 21.65 37.1651
    endloop
  endfacet
  facet normal -1 0 0
    outer loop
      vertex 112 21.047 37.4148
      vertex 112 66 42
      vertex 112 21.3567 37.3097
    endloop
  endfacet
  facet normal -1 0 0
    outer loop
      vertex 112 20.7263 37.4786
      vertex 112 66 42
      vertex 112 21.047 37.4148
    endloop
  endfacet
  facet normal -1 0 0
    outer loop
      vertex 112 2 42
      vertex 112 20.7263 37.4786
      vertex 112 20.4 37.5
    endloop
  endfacet
  facet normal -1 0 0
    outer loop
      vertex 112 2 42
      vertex 112 20.4 37.5
      vertex 112 20.0737 37.4786
    endloop
  endfacet
  facet normal -1 0 0
    outer loop
      vertex 112 17.9214 34.6737
      vertex 112 2 42
      vertex 112 17.9 35
    endloop
  endfacet
  facet normal -1 0 0
    outer loop
      vertex 112 17.9 35
      vertex 112 2 42
      vertex 112 17.9214 35.3263
    endloop
  endfacet
  facet normal -1 0 0
    outer loop
      vertex 112 17.9214 35.3263
      vertex 112 2 42
      vertex 112 17.9852 35.647
    endloop
  endfacet
  facet normal -1 0 0
    outer loop
      vertex 112 20.7263 37.4786
      vertex 112 2 42
      vertex 112 66 42
    endloop
  endfacet
  facet normal -1 0 0
    outer loop
      vertex 112 19.753 37.4148
      vertex 112 2 42
      vertex 112 20.0737 37.4786
    endloop
  endfacet
  facet normal -1 0 0
    outer loop
      vertex 112 19.4433 37.3097
      vertex 112 2 42
      vertex 112 19.753 37.4148
    endloop
  endfacet
  facet normal -1 0 0
    outer loop
      vertex 112 19.15 37.1651
      vertex 112 2 42
      vertex 112 19.4433 37.3097
    endloop
  endfacet
  facet normal -1 0 0
    outer loop
      vertex 112 18.8781 36.9834
      vertex 112 2 42
      vertex 112 19.15 37.1651
    endloop
  endfacet
  facet normal -1 0 0
    outer loop
      vertex 112 18.6322 36.7678
      vertex 112 2 42
      vertex 112 18.8781 36.9834
    endloop
  endfacet
  facet normal -1 0 0
    outer loop
      vertex 112 18.4166 36.5219
      vertex 112 2 42
      vertex 112 18.6322 36.7678
    endloop
  endfacet
  facet normal -1 0 0
    outer loop
      vertex 112 18.2349 36.25
      vertex 112 2 42
      vertex 112 18.4166 36.5219
    endloop
  endfacet
  facet normal -1 0 0
    outer loop
      vertex 112 18.0903 35.9567
      vertex 112 2 42
      vertex 112 18.2349 36.25
    endloop
  endfacet
  facet normal -1 0 0
    outer loop
      vertex 112 17.9852 35.647
      vertex 112 2 42
      vertex 112 18.0903 35.9567
    endloop
  endfacet
  facet normal -0 0 1
    outer loop
      vertex 2 22.9 2
      vertex 6.5 10.9 2
      vertex 6.5 22.9 2
    endloop
  endfacet
  facet normal 0 0 1
    outer loop
      vertex 6.5 10.9 2
      vertex 2 22.9 2
      vertex 2 10.9 2
    endloop
  endfacet
  facet normal -0 0 1
    outer loop
      vertex 62.25 58.1 2
      vertex 65.75 51.9 2
      vertex 65.75 58.1 2
    endloop
  endfacet
  facet normal 0 0 1
    outer loop
      vertex 65.75 51.9 2
      vertex 62.25 58.1 2
      vertex 62.25 51.9 2
    endloop
  endfacet
  facet normal -0 0 1
    outer loop
      vertex 49 22.9 2
      vertex 53.5 10.9 2
      vertex 53.5 22.9 2
    endloop
  endfacet
  facet normal 0 0 1
    outer loop
      vertex 53.5 10.9 2
      vertex 49 22.9 2
      vertex 49 10.9 2
    endloop
  endfacet
  facet normal -0 0 1
    outer loop
      vertex 49 6 2
      vertex 53.5 2 2
      vertex 53.5 6 2
    endloop
  endfacet
  facet normal 0 0 1
    outer loop
      vertex 6.5 10.9 2
      vertex 49 10.9 2
      vertex 6.5 22.9 2
    endloop
  endfacet
  facet normal 0 0 1
    outer loop
      vertex 49 10.9 2
      vertex 6.5 10.9 2
      vertex 49 6 2
    endloop
  endfacet
  facet normal 0 0 1
    outer loop
      vertex 6.5 6 2
      vertex 49 6 2
      vertex 6.5 10.9 2
    endloop
  endfacet
  facet normal 0 0 1
    outer loop
      vertex 49 6 2
      vertex 6.5 6 2
      vertex 53.5 2 2
    endloop
  endfacet
  facet normal 0 0 1
    outer loop
      vertex 2 2 2
      vertex 6.5 6 2
      vertex 2 6 2
    endloop
  endfacet
  facet normal 0 0 1
    outer loop
      vertex 6.5 6 2
      vertex 2 2 2
      vertex 53.5 2 2
    endloop
  endfacet
  facet normal -0 0 1
    outer loop
      vertex 84.25 58.1 2
      vertex 87.75 51.9 2
      vertex 87.75 58.1 2
    endloop
  endfacet
  facet normal 0 0 1
    outer loop
      vertex 87.75 51.9 2
      vertex 84.25 58.1 2
      vertex 84.25 51.9 2
    endloop
  endfacet
  facet normal -0 0 1
    outer loop
      vertex 89.75 17.7 2
      vertex 93.25 7.5 2
      vertex 93.25 17.7 2
    endloop
  endfacet
  facet normal 0 0 1
    outer loop
      vertex 93.25 7.5 2
      vertex 89.75 17.7 2
      vertex 89.75 7.5 2
    endloop
  endfacet
  facet normal 0 0 1
    outer loop
      vertex 108.9 36.25 2
      vertex 112 66 2
      vertex 108.9 39.75 2
    endloop
  endfacet
  facet normal 0 0 1
    outer loop
      vertex 112 66 2
      vertex 107.1 39.75 2
      vertex 108.9 39.75 2
    endloop
  endfacet
  facet normal 0 0 1
    outer loop
      vertex 107.1 39.75 2
      vertex 102.9 39.75 2
      vertex 107.1 36.25 2
    endloop
  endfacet
  facet normal 0 0 1
    outer loop
      vertex 112 66 2
      vertex 102.9 39.75 2
      vertex 107.1 39.75 2
    endloop
  endfacet
  facet normal -0 0 1
    outer loop
      vertex 87.75 51.9 2
      vertex 102.9 39.75 2
      vertex 112 66 2
    endloop
  endfacet
  facet normal 0 0 1
    outer loop
      vertex 89.07 34.8 2
      vertex 101.1 36.25 2
      vertex 101.1 39.75 2
    endloop
  endfacet
  facet normal 0 0 1
    outer loop
      vertex 101.1 36.25 2
      vertex 89.07 29.8 2
      vertex 93.25 19.5 2
    endloop
  endfacet
  facet normal 0 0 1
    outer loop
      vertex 102.9 39.75 2
      vertex 87.75 51.9 2
      vertex 101.1 39.75 2
    endloop
  endfacet
  facet normal 0 0 1
    outer loop
      vertex 73.43 29.8 2
      vertex 89.75 17.7 2
      vertex 89.75 19.5 2
    endloop
  endfacet
  facet normal 0 0 1
    outer loop
      vertex 89.75 17.7 2
      vertex 73.43 29.8 2
      vertex 89.75 7.5 2
    endloop
  endfacet
  facet normal 0 0 1
    outer loop
      vertex 93.25 19.5 2
      vertex 89.07 29.8 2
      vertex 89.75 19.5 2
    endloop
  endfacet
  facet normal 0 0 1
    outer loop
      vertex 101.1 36.25 2
      vertex 89.07 34.8 2
      vertex 89.07 29.8 2
    endloop
  endfacet
  facet normal 0 0 1
    outer loop
      vertex 87.75 58.1 2
      vertex 112 66 2
      vertex 87.75 59.9 2
    endloop
  endfacet
  facet normal 0 0 1
    outer loop
      vertex 112 66 2
      vertex 84.25 59.9 2
      vertex 87.75 59.9 2
    endloop
  endfacet
  facet normal 0 0 1
    outer loop
      vertex 65.75 58.1 2
      vertex 84.25 58.1 2
      vertex 84.25 59.9 2
    endloop
  endfacet
  facet normal 0 0 1
    outer loop
      vertex 84.25 58.1 2
      vertex 65.75 58.1 2
      vertex 84.25 51.9 2
    endloop
  endfacet
  facet normal 0 0 1
    outer loop
      vertex 84.25 51.9 2
      vertex 65.75 51.9 2
      vertex 84.25 50.1 2
    endloop
  endfacet
  facet normal 0 0 1
    outer loop
      vertex 84.25 50.1 2
      vertex 65.75 50.1 2
      vertex 73.43 34.8 2
    endloop
  endfacet
  facet normal 0 0 1
    outer loop
      vertex 84.25 51.9 2
      vertex 65.75 58.1 2
      vertex 65.75 51.9 2
    endloop
  endfacet
  facet normal 0 0 1
    outer loop
      vertex 65.75 58.1 2
      vertex 84.25 59.9 2
      vertex 65.75 59.9 2
    endloop
  endfacet
  facet normal 0 0 1
    outer loop
      vertex 112 66 2
      vertex 65.75 59.9 2
      vertex 84.25 59.9 2
    endloop
  endfacet
  facet normal 0 0 1
    outer loop
      vertex 112 66 2
      vertex 62.25 59.9 2
      vertex 65.75 59.9 2
    endloop
  endfacet
  facet normal 0 0 1
    outer loop
      vertex 2 66 2
      vertex 62.25 58.1 2
      vertex 62.25 59.9 2
    endloop
  endfacet
  facet normal 0 0 1
    outer loop
      vertex 62.25 58.1 2
      vertex 2 66 2
      vertex 62.25 51.9 2
    endloop
  endfacet
  facet normal 0 -0 1
    outer loop
      vertex 53.5 31.8 2
      vertex 62.25 51.9 2
      vertex 2 66 2
    endloop
  endfacet
  facet normal 0 0 1
    outer loop
      vertex 62.25 50.1 2
      vertex 53.5 31.8 2
      vertex 55.1 31.8 2
    endloop
  endfacet
  facet normal 0 0 1
    outer loop
      vertex 53.5 31.8 2
      vertex 49 27.8 2
      vertex 53.5 27.8 2
    endloop
  endfacet
  facet normal 0 0 1
    outer loop
      vertex 62.25 51.9 2
      vertex 53.5 31.8 2
      vertex 62.25 50.1 2
    endloop
  endfacet
  facet normal -0 0 1
    outer loop
      vertex 6.5 27.8 2
      vertex 49 22.9 2
      vertex 49 27.8 2
    endloop
  endfacet
  facet normal 0 0 1
    outer loop
      vertex 6.5 22.9 2
      vertex 49 22.9 2
      vertex 6.5 27.8 2
    endloop
  endfacet
  facet normal 0 0 1
    outer loop
      vertex 49 22.9 2
      vertex 6.5 22.9 2
      vertex 49 10.9 2
    endloop
  endfacet
  facet normal 0 0 1
    outer loop
      vertex 53.5 31.8 2
      vertex 2 66 2
      vertex 49 27.8 2
    endloop
  endfacet
  facet normal -0 0 1
    outer loop
      vertex 2 66 2
      vertex 62.25 59.9 2
      vertex 112 66 2
    endloop
  endfacet
  facet normal 0 0 1
    outer loop
      vertex 49 27.8 2
      vertex 2 66 2
      vertex 6.5 27.8 2
    endloop
  endfacet
  facet normal 0 0 1
    outer loop
      vertex 6.5 27.8 2
      vertex 2 66 2
      vertex 2 27.8 2
    endloop
  endfacet
  facet normal 0 0 1
    outer loop
      vertex 112 66 2
      vertex 108.9 36.25 2
      vertex 112 2 2
    endloop
  endfacet
  facet normal 0 0 1
    outer loop
      vertex 93.25 19.5 2
      vertex 108.9 36.25 2
      vertex 107.1 36.25 2
    endloop
  endfacet
  facet normal 0 0 1
    outer loop
      vertex 102.9 36.25 2
      vertex 107.1 36.25 2
      vertex 102.9 39.75 2
    endloop
  endfacet
  facet normal 0 0 1
    outer loop
      vertex 93.25 19.5 2
      vertex 107.1 36.25 2
      vertex 102.9 36.25 2
    endloop
  endfacet
  facet normal 0 0 1
    outer loop
      vertex 93.25 19.5 2
      vertex 102.9 36.25 2
      vertex 101.1 36.25 2
    endloop
  endfacet
  facet normal 0 0 1
    outer loop
      vertex 108.9 36.25 2
      vertex 93.25 19.5 2
      vertex 112 2 2
    endloop
  endfacet
  facet normal -0 0 1
    outer loop
      vertex 93.25 17.7 2
      vertex 112 2 2
      vertex 93.25 19.5 2
    endloop
  endfacet
  facet normal -0 0 1
    outer loop
      vertex 93.25 7.5 2
      vertex 112 2 2
      vertex 93.25 17.7 2
    endloop
  endfacet
  facet normal -0 0 1
    outer loop
      vertex 93.25 5.7 2
      vertex 112 2 2
      vertex 93.25 7.5 2
    endloop
  endfacet
  facet normal -0 0 1
    outer loop
      vertex 89.75 5.7 2
      vertex 112 2 2
      vertex 93.25 5.7 2
    endloop
  endfacet
  facet normal -0 0 1
    outer loop
      vertex 86.57 29.8 2
      vertex 89.75 19.5 2
      vertex 89.07 29.8 2
    endloop
  endfacet
  facet normal -0 0 1
    outer loop
      vertex 73.43 29.8 2
      vertex 89.75 19.5 2
      vertex 86.57 29.8 2
    endloop
  endfacet
  facet normal 0 0 1
    outer loop
      vertex 86.57 34.8 2
      vertex 73.43 34.8 2
      vertex 86.57 29.8 2
    endloop
  endfacet
  facet normal 0 0 1
    outer loop
      vertex 73.43 29.8 2
      vertex 86.57 29.8 2
      vertex 73.43 34.8 2
    endloop
  endfacet
  facet normal -0 0 1
    outer loop
      vertex 70.93 29.8 2
      vertex 89.75 7.5 2
      vertex 73.43 29.8 2
    endloop
  endfacet
  facet normal 0 0 1
    outer loop
      vertex 55.1 2 2
      vertex 89.75 7.5 2
      vertex 70.93 29.8 2
    endloop
  endfacet
  facet normal 0 0 1
    outer loop
      vertex 84.25 50.1 2
      vertex 65.75 51.9 2
      vertex 65.75 50.1 2
    endloop
  endfacet
  facet normal 0 0 1
    outer loop
      vertex 73.43 34.8 2
      vertex 65.75 50.1 2
      vertex 70.93 34.8 2
    endloop
  endfacet
  facet normal -0 0 1
    outer loop
      vertex 62.25 50.1 2
      vertex 70.93 34.8 2
      vertex 65.75 50.1 2
    endloop
  endfacet
  facet normal 0 0 1
    outer loop
      vertex 55.1 31.8 2
      vertex 70.93 34.8 2
      vertex 62.25 50.1 2
    endloop
  endfacet
  facet normal 0 0 1
    outer loop
      vertex 70.93 34.8 2
      vertex 55.1 31.8 2
      vertex 70.93 29.8 2
    endloop
  endfacet
  facet normal 0 0 1
    outer loop
      vertex 55.1 2 2
      vertex 70.93 29.8 2
      vertex 55.1 31.8 2
    endloop
  endfacet
  facet normal 0 0 1
    outer loop
      vertex 89.75 5.7 2
      vertex 55.1 2 2
      vertex 112 2 2
    endloop
  endfacet
  facet normal 0 0 1
    outer loop
      vertex 89.75 7.5 2
      vertex 55.1 2 2
      vertex 89.75 5.7 2
    endloop
  endfacet
  facet normal 0 0 1
    outer loop
      vertex 87.75 51.9 2
      vertex 112 66 2
      vertex 87.75 58.1 2
    endloop
  endfacet
  facet normal 0 0 1
    outer loop
      vertex 101.1 39.75 2
      vertex 87.75 51.9 2
      vertex 87.75 50.1 2
    endloop
  endfacet
  facet normal 0 0 1
    outer loop
      vertex 101.1 39.75 2
      vertex 87.75 50.1 2
      vertex 89.07 34.8 2
    endloop
  endfacet
  facet normal 0 0 1
    outer loop
      vertex 87.75 50.1 2
      vertex 86.57 34.8 2
      vertex 89.07 34.8 2
    endloop
  endfacet
  facet normal 0 0 1
    outer loop
      vertex 73.43 34.8 2
      vertex 86.57 34.8 2
      vertex 84.25 50.1 2
    endloop
  endfacet
  facet normal -0 0 1
    outer loop
      vertex 84.25 50.1 2
      vertex 86.57 34.8 2
      vertex 87.75 50.1 2
    endloop
  endfacet
  facet normal 1 0 0
    outer loop
      vertex 2 66 42
      vertex 2 27.8 19
      vertex 2 66 2
    endloop
  endfacet
  facet normal 1 0 0
    outer loop
      vertex 2 66 42
      vertex 2 22.9 25.7
      vertex 2 27.8 19
    endloop
  endfacet
  facet normal 1 -0 0
    outer loop
      vertex 2 2 42
      vertex 2 22.9 25.7
      vertex 2 66 42
    endloop
  endfacet
  facet normal 1 0 0
    outer loop
      vertex 2 10.9 25.7
      vertex 2 6 19
      vertex 2 10.9 19
    endloop
  endfacet
  facet normal 1 0 0
    outer loop
      vertex 2 22.9 25.7
      vertex 2 2 42
      vertex 2 10.9 25.7
    endloop
  endfacet
  facet normal 1 0 0
    outer loop
      vertex 2 2 42
      vertex 2 6 19
      vertex 2 10.9 25.7
    endloop
  endfacet
  facet normal 1 0 0
    outer loop
      vertex 2 2 2
      vertex 2 6 19
      vertex 2 2 42
    endloop
  endfacet
  facet normal 1 0 0
    outer loop
      vertex 2 6 19
      vertex 2 2 2
      vertex 2 6 2
    endloop
  endfacet
  facet normal 1 0 0
    outer loop
      vertex 2 66 2
      vertex 2 27.8 19
      vertex 2 27.8 2
    endloop
  endfacet
  facet normal 1 0 0
    outer loop
      vertex 2 27.8 19
      vertex 2 22.9 25.7
      vertex 2 22.9 19
    endloop
  endfacet
  facet normal 1 -0 0
    outer loop
      vertex 2 10.9 18.7
      vertex 2 22.9 2
      vertex 2 22.9 18.7
    endloop
  endfacet
  facet normal 1 0 0
    outer loop
      vertex 2 22.9 2
      vertex 2 10.9 18.7
      vertex 2 10.9 2
    endloop
  endfacet
  facet normal 0 -1 0
    outer loop
      vertex 86.4 66 10
      vertex 91 66 24
      vertex 86.4 66 24
    endloop
  endfacet
  facet normal 0 -1 -0
    outer loop
      vertex 91 66 24
      vertex 86.4 66 10
      vertex 91 66 10
    endloop
  endfacet
  facet normal 0 -1 0
    outer loop
      vertex 79.4 66 10
      vertex 84 66 24
      vertex 79.4 66 24
    endloop
  endfacet
  facet normal 0 -1 -0
    outer loop
      vertex 84 66 24
      vertex 79.4 66 10
      vertex 84 66 10
    endloop
  endfacet
  facet normal 0 -1 0
    outer loop
      vertex 72.4 66 10
      vertex 77 66 24
      vertex 72.4 66 24
    endloop
  endfacet
  facet normal 0 -1 -0
    outer loop
      vertex 77 66 24
      vertex 72.4 66 10
      vertex 77 66 10
    endloop
  endfacet
  facet normal 0 -1 0
    outer loop
      vertex 65.4 66 10
      vertex 70 66 24
      vertex 65.4 66 24
    endloop
  endfacet
  facet normal 0 -1 -0
    outer loop
      vertex 70 66 24
      vertex 65.4 66 10
      vertex 70 66 10
    endloop
  endfacet
  facet normal 0 -1 0
    outer loop
      vertex 58.4 66 10
      vertex 63 66 24
      vertex 58.4 66 24
    endloop
  endfacet
  facet normal 0 -1 -0
    outer loop
      vertex 63 66 24
      vertex 58.4 66 10
      vertex 63 66 10
    endloop
  endfacet
  facet normal 0 -1 0
    outer loop
      vertex 51.4 66 10
      vertex 56 66 24
      vertex 51.4 66 24
    endloop
  endfacet
  facet normal 0 -1 -0
    outer loop
      vertex 56 66 24
      vertex 51.4 66 10
      vertex 56 66 10
    endloop
  endfacet
  facet normal 0 -1 0
    outer loop
      vertex 44.4 66 10
      vertex 49 66 24
      vertex 44.4 66 24
    endloop
  endfacet
  facet normal 0 -1 -0
    outer loop
      vertex 49 66 24
      vertex 44.4 66 10
      vertex 49 66 10
    endloop
  endfacet
  facet normal 0 -1 0
    outer loop
      vertex 44.4 66 24
      vertex 2 66 42
      vertex 42 66 24
    endloop
  endfacet
  facet normal 0 -1 0
    outer loop
      vertex 2 66 2
      vertex 42 66 24
      vertex 2 66 42
    endloop
  endfacet
  facet normal 0 -1 0
    outer loop
      vertex 2 66 2
      vertex 44.4 66 10
      vertex 42 66 10
    endloop
  endfacet
  facet normal 0 -1 -0
    outer loop
      vertex 44.4 66 10
      vertex 2 66 2
      vertex 49 66 10
    endloop
  endfacet
  facet normal 0 -1 -0
    outer loop
      vertex 49 66 10
      vertex 2 66 2
      vertex 51.4 66 10
    endloop
  endfacet
  facet normal 0 -1 -0
    outer loop
      vertex 51.4 66 10
      vertex 2 66 2
      vertex 56 66 10
    endloop
  endfacet
  facet normal 0 -1 -0
    outer loop
      vertex 56 66 10
      vertex 2 66 2
      vertex 58.4 66 10
    endloop
  endfacet
  facet normal 0 -1 0
    outer loop
      vertex 112 66 2
      vertex 58.4 66 10
      vertex 2 66 2
    endloop
  endfacet
  facet normal 0 -1 0
    outer loop
      vertex 58.4 66 10
      vertex 112 66 2
      vertex 63 66 10
    endloop
  endfacet
  facet normal 0 -1 0
    outer loop
      vertex 65.4 66 10
      vertex 112 66 2
      vertex 70 66 10
    endloop
  endfacet
  facet normal 0 -1 0
    outer loop
      vertex 70 66 10
      vertex 112 66 2
      vertex 72.4 66 10
    endloop
  endfacet
  facet normal 0 -1 0
    outer loop
      vertex 72.4 66 10
      vertex 112 66 2
      vertex 77 66 10
    endloop
  endfacet
  facet normal 0 -1 0
    outer loop
      vertex 77 66 10
      vertex 112 66 2
      vertex 79.4 66 10
    endloop
  endfacet
  facet normal 0 -1 0
    outer loop
      vertex 79.4 66 10
      vertex 112 66 2
      vertex 84 66 10
    endloop
  endfacet
  facet normal 0 -1 0
    outer loop
      vertex 84 66 10
      vertex 112 66 2
      vertex 86.4 66 10
    endloop
  endfacet
  facet normal 0 -1 0
    outer loop
      vertex 86.4 66 10
      vertex 112 66 2
      vertex 91 66 10
    endloop
  endfacet
  facet normal 0 -1 0
    outer loop
      vertex 63 66 10
      vertex 112 66 2
      vertex 65.4 66 10
    endloop
  endfacet
  facet normal 0 -1 -0
    outer loop
      vertex 42 66 24
      vertex 2 66 2
      vertex 42 66 10
    endloop
  endfacet
  facet normal 0 -1 0
    outer loop
      vertex 49 66 24
      vertex 2 66 42
      vertex 44.4 66 24
    endloop
  endfacet
  facet normal 0 -1 0
    outer loop
      vertex 51.4 66 24
      vertex 2 66 42
      vertex 49 66 24
    endloop
  endfacet
  facet normal 0 -1 0
    outer loop
      vertex 56 66 24
      vertex 2 66 42
      vertex 51.4 66 24
    endloop
  endfacet
  facet normal 0 -1 0
    outer loop
      vertex 2 66 42
      vertex 56 66 24
      vertex 112 66 42
    endloop
  endfacet
  facet normal 0 -1 0
    outer loop
      vertex 58.4 66 24
      vertex 112 66 42
      vertex 56 66 24
    endloop
  endfacet
  facet normal 0 -1 0
    outer loop
      vertex 63 66 24
      vertex 112 66 42
      vertex 58.4 66 24
    endloop
  endfacet
  facet normal 0 -1 0
    outer loop
      vertex 65.4 66 24
      vertex 112 66 42
      vertex 63 66 24
    endloop
  endfacet
  facet normal 0 -1 0
    outer loop
      vertex 70 66 24
      vertex 112 66 42
      vertex 65.4 66 24
    endloop
  endfacet
  facet normal 0 -1 0
    outer loop
      vertex 72.4 66 24
      vertex 112 66 42
      vertex 70 66 24
    endloop
  endfacet
  facet normal 0 -1 0
    outer loop
      vertex 77 66 24
      vertex 112 66 42
      vertex 72.4 66 24
    endloop
  endfacet
  facet normal 0 -1 0
    outer loop
      vertex 79.4 66 24
      vertex 112 66 42
      vertex 77 66 24
    endloop
  endfacet
  facet normal 0 -1 0
    outer loop
      vertex 84 66 24
      vertex 112 66 42
      vertex 79.4 66 24
    endloop
  endfacet
  facet normal 0 -1 0
    outer loop
      vertex 86.4 66 24
      vertex 112 66 42
      vertex 84 66 24
    endloop
  endfacet
  facet normal 0 -1 0
    outer loop
      vertex 91 66 24
      vertex 112 66 42
      vertex 86.4 66 24
    endloop
  endfacet
  facet normal 0 -1 0
    outer loop
      vertex 93.4 66 24
      vertex 112 66 42
      vertex 91 66 24
    endloop
  endfacet
  facet normal 0 -1 0
    outer loop
      vertex 112 66 2
      vertex 93.4 66 24
      vertex 93.4 66 10
    endloop
  endfacet
  facet normal 0 -1 0
    outer loop
      vertex 93.4 66 24
      vertex 112 66 2
      vertex 112 66 42
    endloop
  endfacet
  facet normal 0 -1 0
    outer loop
      vertex 91 66 10
      vertex 112 66 2
      vertex 93.4 66 10
    endloop
  endfacet
  facet normal 0 1 0
    outer loop
      vertex 59.3819 2 7.99109
      vertex 55.1 2 8
      vertex 59.1421 2 8.35
    endloop
  endfacet
  facet normal 0 1 0
    outer loop
      vertex 59.6665 2 7.66655
      vertex 55.1 2 8
      vertex 59.3819 2 7.99109
    endloop
  endfacet
  facet normal 0 1 0
    outer loop
      vertex 55.1 2 2
      vertex 59.6665 2 7.66655
      vertex 59.9911 2 7.38193
    endloop
  endfacet
  facet normal 0 1 0
    outer loop
      vertex 55.1 2 2
      vertex 59.9911 2 7.38193
      vertex 60.35 2 7.14212
    endloop
  endfacet
  facet normal 0 1 0
    outer loop
      vertex 55.1 2 2
      vertex 60.35 2 7.14212
      vertex 60.7371 2 6.9512
    endloop
  endfacet
  facet normal 0 1 0
    outer loop
      vertex 55.1 2 2
      vertex 60.7371 2 6.9512
      vertex 61.1459 2 6.81244
    endloop
  endfacet
  facet normal 0 1 0
    outer loop
      vertex 55.1 2 2
      vertex 61.1459 2 6.81244
      vertex 61.5693 2 6.72823
    endloop
  endfacet
  facet normal 0 1 0
    outer loop
      vertex 62.4307 2 6.72823
      vertex 55.1 2 2
      vertex 62 2 6.7
    endloop
  endfacet
  facet normal 0 1 0
    outer loop
      vertex 59.6665 2 7.66655
      vertex 55.1 2 2
      vertex 55.1 2 8
    endloop
  endfacet
  facet normal 0 1 0
    outer loop
      vertex 62 2 6.7
      vertex 55.1 2 2
      vertex 61.5693 2 6.72823
    endloop
  endfacet
  facet normal 0 1 0
    outer loop
      vertex 112 2 42
      vertex 62 2 13.3
      vertex 2 2 42
    endloop
  endfacet
  facet normal 0 1 0
    outer loop
      vertex 112 2 42
      vertex 62.4307 2 13.2718
      vertex 62 2 13.3
    endloop
  endfacet
  facet normal 0 1 0
    outer loop
      vertex 112 2 42
      vertex 62.8541 2 13.1876
      vertex 62.4307 2 13.2718
    endloop
  endfacet
  facet normal 0 1 0
    outer loop
      vertex 112 2 42
      vertex 63.2629 2 13.0488
      vertex 62.8541 2 13.1876
    endloop
  endfacet
  facet normal 0 1 0
    outer loop
      vertex 112 2 42
      vertex 63.65 2 12.8579
      vertex 63.2629 2 13.0488
    endloop
  endfacet
  facet normal 0 1 0
    outer loop
      vertex 112 2 42
      vertex 64.0089 2 12.6181
      vertex 63.65 2 12.8579
    endloop
  endfacet
  facet normal 0 1 0
    outer loop
      vertex 112 2 42
      vertex 64.3335 2 12.3335
      vertex 64.0089 2 12.6181
    endloop
  endfacet
  facet normal 0 1 0
    outer loop
      vertex 112 2 42
      vertex 64.6181 2 12.0089
      vertex 64.3335 2 12.3335
    endloop
  endfacet
  facet normal 0 1 0
    outer loop
      vertex 112 2 42
      vertex 64.8579 2 11.65
      vertex 64.6181 2 12.0089
    endloop
  endfacet
  facet normal 0 1 0
    outer loop
      vertex 112 2 42
      vertex 65.0488 2 11.2629
      vertex 64.8579 2 11.65
    endloop
  endfacet
  facet normal 0 1 -0
    outer loop
      vertex 112 2 2
      vertex 65.0488 2 11.2629
      vertex 112 2 42
    endloop
  endfacet
  facet normal 0 1 0
    outer loop
      vertex 65.0488 2 11.2629
      vertex 112 2 2
      vertex 65.1876 2 10.8541
    endloop
  endfacet
  facet normal 0 1 0
    outer loop
      vertex 65.1876 2 10.8541
      vertex 112 2 2
      vertex 65.2718 2 10.4307
    endloop
  endfacet
  facet normal 0 1 0
    outer loop
      vertex 65.2718 2 10.4307
      vertex 112 2 2
      vertex 65.3 2 10
    endloop
  endfacet
  facet normal 0 1 0
    outer loop
      vertex 65.3 2 10
      vertex 112 2 2
      vertex 65.2718 2 9.56926
    endloop
  endfacet
  facet normal 0 1 0
    outer loop
      vertex 65.2718 2 9.56926
      vertex 112 2 2
      vertex 65.1876 2 9.1459
    endloop
  endfacet
  facet normal 0 1 0
    outer loop
      vertex 65.1876 2 9.1459
      vertex 112 2 2
      vertex 65.0488 2 8.73714
    endloop
  endfacet
  facet normal 0 1 0
    outer loop
      vertex 65.0488 2 8.73714
      vertex 112 2 2
      vertex 64.8579 2 8.35
    endloop
  endfacet
  facet normal 0 1 0
    outer loop
      vertex 64.8579 2 8.35
      vertex 112 2 2
      vertex 64.6181 2 7.99109
    endloop
  endfacet
  facet normal 0 1 0
    outer loop
      vertex 64.6181 2 7.99109
      vertex 112 2 2
      vertex 64.3335 2 7.66655
    endloop
  endfacet
  facet normal 0 1 0
    outer loop
      vertex 62.8541 2 6.81244
      vertex 55.1 2 2
      vertex 62.4307 2 6.72823
    endloop
  endfacet
  facet normal 0 1 0
    outer loop
      vertex 63.2629 2 6.9512
      vertex 55.1 2 2
      vertex 62.8541 2 6.81244
    endloop
  endfacet
  facet normal 0 1 0
    outer loop
      vertex 55.1 2 2
      vertex 63.2629 2 6.9512
      vertex 112 2 2
    endloop
  endfacet
  facet normal 0 1 0
    outer loop
      vertex 63.65 2 7.14212
      vertex 112 2 2
      vertex 63.2629 2 6.9512
    endloop
  endfacet
  facet normal 0 1 0
    outer loop
      vertex 64.0089 2 7.38193
      vertex 112 2 2
      vertex 63.65 2 7.14212
    endloop
  endfacet
  facet normal 0 1 0
    outer loop
      vertex 64.3335 2 7.66655
      vertex 112 2 2
      vertex 64.0089 2 7.38193
    endloop
  endfacet
  facet normal 0 1 -0
    outer loop
      vertex 61.5693 2 13.2718
      vertex 2 2 42
      vertex 62 2 13.3
    endloop
  endfacet
  facet normal 0 1 -0
    outer loop
      vertex 61.1459 2 13.1876
      vertex 2 2 42
      vertex 61.5693 2 13.2718
    endloop
  endfacet
  facet normal 0 1 -0
    outer loop
      vertex 60.7371 2 13.0488
      vertex 2 2 42
      vertex 61.1459 2 13.1876
    endloop
  endfacet
  facet normal 0 1 -0
    outer loop
      vertex 60.35 2 12.8579
      vertex 2 2 42
      vertex 60.7371 2 13.0488
    endloop
  endfacet
  facet normal 0 1 -0
    outer loop
      vertex 59.9911 2 12.6181
      vertex 2 2 42
      vertex 60.35 2 12.8579
    endloop
  endfacet
  facet normal 0 1 -0
    outer loop
      vertex 59.6665 2 12.3335
      vertex 2 2 42
      vertex 59.9911 2 12.6181
    endloop
  endfacet
  facet normal 0 1 0
    outer loop
      vertex 53.5 2 8
      vertex 59.6665 2 12.3335
      vertex 59.3819 2 12.0089
    endloop
  endfacet
  facet normal 0 1 0
    outer loop
      vertex 53.5 2 8
      vertex 59.3819 2 12.0089
      vertex 59.1421 2 11.65
    endloop
  endfacet
  facet normal 0 1 0
    outer loop
      vertex 53.5 2 8
      vertex 59.1421 2 11.65
      vertex 58.9512 2 11.2629
    endloop
  endfacet
  facet normal 0 1 0
    outer loop
      vertex 55.1 2 8
      vertex 58.9512 2 11.2629
      vertex 58.8124 2 10.8541
    endloop
  endfacet
  facet normal 0 1 0
    outer loop
      vertex 55.1 2 8
      vertex 58.8124 2 10.8541
      vertex 58.7282 2 10.4307
    endloop
  endfacet
  facet normal 0 1 0
    outer loop
      vertex 55.1 2 8
      vertex 58.7282 2 10.4307
      vertex 58.7 2 10
    endloop
  endfacet
  facet normal 0 1 0
    outer loop
      vertex 55.1 2 8
      vertex 58.7 2 10
      vertex 58.7282 2 9.56926
    endloop
  endfacet
  facet normal 0 1 0
    outer loop
      vertex 55.1 2 8
      vertex 58.7282 2 9.56926
      vertex 58.8124 2 9.1459
    endloop
  endfacet
  facet normal 0 1 0
    outer loop
      vertex 55.1 2 8
      vertex 58.8124 2 9.1459
      vertex 58.9512 2 8.73714
    endloop
  endfacet
  facet normal 0 1 0
    outer loop
      vertex 55.1 2 8
      vertex 58.9512 2 8.73714
      vertex 59.1421 2 8.35
    endloop
  endfacet
  facet normal 0 1 0
    outer loop
      vertex 58.9512 2 11.2629
      vertex 55.1 2 8
      vertex 53.5 2 8
    endloop
  endfacet
  facet normal 0 1 0
    outer loop
      vertex 59.6665 2 12.3335
      vertex 53.5 2 8
      vertex 2 2 42
    endloop
  endfacet
  facet normal 0 1 0
    outer loop
      vertex 2 2 2
      vertex 53.5 2 8
      vertex 53.5 2 2
    endloop
  endfacet
  facet normal 0 1 0
    outer loop
      vertex 53.5 2 8
      vertex 2 2 2
      vertex 2 2 42
    endloop
  endfacet
  facet normal 0 0 -1
    outer loop
      vertex 0 10.9 25.7
      vertex 2 22.9 25.7
      vertex 2 10.9 25.7
    endloop
  endfacet
  facet normal -0 0 -1
    outer loop
      vertex 2 22.9 25.7
      vertex 0 10.9 25.7
      vertex 0 22.9 25.7
    endloop
  endfacet
  facet normal -0 0 1
    outer loop
      vertex 0 22.9 18.7
      vertex 2 10.9 18.7
      vertex 2 22.9 18.7
    endloop
  endfacet
  facet normal 0 0 1
    outer loop
      vertex 2 10.9 18.7
      vertex 0 22.9 18.7
      vertex 0 10.9 18.7
    endloop
  endfacet
  facet normal 0 -1 0
    outer loop
      vertex 0 22.9 25.7
      vertex 2 22.9 19
      vertex 2 22.9 25.7
    endloop
  endfacet
  facet normal 0 -1 0
    outer loop
      vertex 0 22.9 18.7
      vertex 2 22.9 19
      vertex 0 22.9 25.7
    endloop
  endfacet
  facet normal 0 -1 -0
    outer loop
      vertex 2 22.9 19
      vertex 0 22.9 18.7
      vertex 2 22.9 18.7
    endloop
  endfacet
  facet normal 0 1 -0
    outer loop
      vertex 2 10.9 19
      vertex 0 10.9 25.7
      vertex 2 10.9 25.7
    endloop
  endfacet
  facet normal 0 1 0
    outer loop
      vertex 0 10.9 18.7
      vertex 2 10.9 19
      vertex 2 10.9 18.7
    endloop
  endfacet
  facet normal 0 1 0
    outer loop
      vertex 2 10.9 19
      vertex 0 10.9 18.7
      vertex 0 10.9 25.7
    endloop
  endfacet
  facet normal -0.98079 0 0.195065
    outer loop
      vertex 65.1876 0 9.1459
      vertex 65.2718 2 9.56926
      vertex 65.1876 2 9.1459
    endloop
  endfacet
  facet normal -0.98079 0 0.195065
    outer loop
      vertex 65.2718 2 9.56926
      vertex 65.1876 0 9.1459
      vertex 65.2718 0 9.56926
    endloop
  endfacet
  facet normal -0.997864 0 0.0653289
    outer loop
      vertex 65.2718 0 9.56926
      vertex 65.3 2 10
      vertex 65.2718 2 9.56926
    endloop
  endfacet
  facet normal -0.997864 0 0.0653289
    outer loop
      vertex 65.3 2 10
      vertex 65.2718 0 9.56926
      vertex 65.3 0 10
    endloop
  endfacet
  facet normal -0.946899 0 0.321532
    outer loop
      vertex 65.0488 0 8.73714
      vertex 65.1876 2 9.1459
      vertex 65.0488 2 8.73714
    endloop
  endfacet
  facet normal -0.946899 0 0.321532
    outer loop
      vertex 65.1876 2 9.1459
      vertex 65.0488 0 8.73714
      vertex 65.1876 0 9.1459
    endloop
  endfacet
  facet normal -0.0654041 0 0.997859
    outer loop
      vertex 62 2 6.7
      vertex 62.4307 0 6.72823
      vertex 62.4307 2 6.72823
    endloop
  endfacet
  facet normal -0.0654041 0 0.997859
    outer loop
      vertex 62.4307 0 6.72823
      vertex 62 2 6.7
      vertex 62 0 6.7
    endloop
  endfacet
  facet normal 0.896888 -0 0.442258
    outer loop
      vertex 58.9512 0 8.73714
      vertex 59.1421 2 8.35
      vertex 58.9512 2 8.73714
    endloop
  endfacet
  facet normal 0.896888 0 0.442258
    outer loop
      vertex 59.1421 2 8.35
      vertex 58.9512 0 8.73714
      vertex 59.1421 0 8.35
    endloop
  endfacet
  facet normal -0.321421 0 0.946936
    outer loop
      vertex 62.8541 2 6.81244
      vertex 63.2629 0 6.9512
      vertex 63.2629 2 6.9512
    endloop
  endfacet
  facet normal -0.321421 0 0.946936
    outer loop
      vertex 63.2629 0 6.9512
      vertex 62.8541 2 6.81244
      vertex 62.8541 0 6.81244
    endloop
  endfacet
  facet normal -0.980794 0 -0.195047
    outer loop
      vertex 65.2718 0 10.4307
      vertex 65.1876 2 10.8541
      vertex 65.2718 2 10.4307
    endloop
  endfacet
  facet normal -0.980794 -0 -0.195047
    outer loop
      vertex 65.1876 2 10.8541
      vertex 65.2718 0 10.4307
      vertex 65.1876 0 10.8541
    endloop
  endfacet
  facet normal -0.555571 0 0.831469
    outer loop
      vertex 63.65 2 7.14212
      vertex 64.0089 0 7.38193
      vertex 64.0089 2 7.38193
    endloop
  endfacet
  facet normal -0.555571 0 0.831469
    outer loop
      vertex 64.0089 0 7.38193
      vertex 63.65 2 7.14212
      vertex 63.65 0 7.14212
    endloop
  endfacet
  facet normal 0.980794 0 -0.195047
    outer loop
      vertex 58.8124 0 10.8541
      vertex 58.7282 2 10.4307
      vertex 58.8124 2 10.8541
    endloop
  endfacet
  facet normal 0.980794 0 -0.195047
    outer loop
      vertex 58.7282 2 10.4307
      vertex 58.8124 0 10.8541
      vertex 58.7282 0 10.4307
    endloop
  endfacet
  facet normal 0.89687 0 -0.442295
    outer loop
      vertex 59.1421 0 11.65
      vertex 58.9512 2 11.2629
      vertex 59.1421 2 11.65
    endloop
  endfacet
  facet normal 0.89687 0 -0.442295
    outer loop
      vertex 58.9512 2 11.2629
      vertex 59.1421 0 11.65
      vertex 58.9512 0 11.2629
    endloop
  endfacet
  facet normal -0.896888 0 0.442258
    outer loop
      vertex 64.8579 0 8.35
      vertex 65.0488 2 8.73714
      vertex 64.8579 2 8.35
    endloop
  endfacet
  facet normal -0.896888 0 0.442258
    outer loop
      vertex 65.0488 2 8.73714
      vertex 64.8579 0 8.35
      vertex 65.0488 0 8.73714
    endloop
  endfacet
  facet normal 0.195069 0 0.980789
    outer loop
      vertex 61.1459 2 6.81244
      vertex 61.5693 0 6.72823
      vertex 61.5693 2 6.72823
    endloop
  endfacet
  facet normal 0.195069 0 0.980789
    outer loop
      vertex 61.5693 0 6.72823
      vertex 61.1459 2 6.81244
      vertex 61.1459 0 6.81244
    endloop
  endfacet
  facet normal 0.321504 0 -0.946908
    outer loop
      vertex 60.7371 0 13.0488
      vertex 61.1459 2 13.1876
      vertex 61.1459 0 13.1876
    endloop
  endfacet
  facet normal 0.321504 0 -0.946908
    outer loop
      vertex 61.1459 2 13.1876
      vertex 60.7371 0 13.0488
      vertex 60.7371 2 13.0488
    endloop
  endfacet
  facet normal -0.946908 0 -0.321504
    outer loop
      vertex 65.1876 0 10.8541
      vertex 65.0488 2 11.2629
      vertex 65.1876 2 10.8541
    endloop
  endfacet
  facet normal -0.946908 -0 -0.321504
    outer loop
      vertex 65.0488 2 11.2629
      vertex 65.1876 0 10.8541
      vertex 65.0488 0 11.2629
    endloop
  endfacet
  facet normal -0.0653349 0 -0.997863
    outer loop
      vertex 62 0 13.3
      vertex 62.4307 2 13.2718
      vertex 62.4307 0 13.2718
    endloop
  endfacet
  facet normal -0.0653349 0 -0.997863
    outer loop
      vertex 62.4307 2 13.2718
      vertex 62 0 13.3
      vertex 62 2 13.3
    endloop
  endfacet
  facet normal -0.555555 0 -0.83148
    outer loop
      vertex 63.65 0 12.8579
      vertex 64.0089 2 12.6181
      vertex 64.0089 0 12.6181
    endloop
  endfacet
  facet normal -0.555555 0 -0.83148
    outer loop
      vertex 64.0089 2 12.6181
      vertex 63.65 0 12.8579
      vertex 63.65 2 12.8579
    endloop
  endfacet
  facet normal 0.321421 0 0.946936
    outer loop
      vertex 60.7371 2 6.9512
      vertex 61.1459 0 6.81244
      vertex 61.1459 2 6.81244
    endloop
  endfacet
  facet normal 0.321421 0 0.946936
    outer loop
      vertex 61.1459 0 6.81244
      vertex 60.7371 2 6.9512
      vertex 60.7371 0 6.9512
    endloop
  endfacet
  facet normal -0.195047 0 -0.980794
    outer loop
      vertex 62.4307 0 13.2718
      vertex 62.8541 2 13.1876
      vertex 62.8541 0 13.1876
    endloop
  endfacet
  facet normal -0.195047 0 -0.980794
    outer loop
      vertex 62.8541 2 13.1876
      vertex 62.4307 0 13.2718
      vertex 62.4307 2 13.2718
    endloop
  endfacet
  facet normal 0.83148 0 -0.555555
    outer loop
      vertex 59.3819 0 12.0089
      vertex 59.1421 2 11.65
      vertex 59.3819 2 12.0089
    endloop
  endfacet
  facet normal 0.83148 0 -0.555555
    outer loop
      vertex 59.1421 2 11.65
      vertex 59.3819 0 12.0089
      vertex 59.1421 0 11.65
    endloop
  endfacet
  facet normal -0.659285 0 0.751893
    outer loop
      vertex 64.0089 2 7.38193
      vertex 64.3335 0 7.66655
      vertex 64.3335 2 7.66655
    endloop
  endfacet
  facet normal -0.659285 0 0.751893
    outer loop
      vertex 64.3335 0 7.66655
      vertex 64.0089 2 7.38193
      vertex 64.0089 0 7.38193
    endloop
  endfacet
  facet normal 0.946899 -0 0.321532
    outer loop
      vertex 58.8124 0 9.1459
      vertex 58.9512 2 8.73714
      vertex 58.8124 2 9.1459
    endloop
  endfacet
  facet normal 0.946899 0 0.321532
    outer loop
      vertex 58.9512 2 8.73714
      vertex 58.8124 0 9.1459
      vertex 58.9512 0 8.73714
    endloop
  endfacet
  facet normal 0.442332 0 0.896851
    outer loop
      vertex 60.35 2 7.14212
      vertex 60.7371 0 6.9512
      vertex 60.7371 2 6.9512
    endloop
  endfacet
  facet normal 0.442332 0 0.896851
    outer loop
      vertex 60.7371 0 6.9512
      vertex 60.35 2 7.14212
      vertex 60.35 0 7.14212
    endloop
  endfacet
  facet normal -0.83148 0 -0.555555
    outer loop
      vertex 64.8579 0 11.65
      vertex 64.6181 2 12.0089
      vertex 64.8579 2 11.65
    endloop
  endfacet
  facet normal -0.83148 -0 -0.555555
    outer loop
      vertex 64.6181 2 12.0089
      vertex 64.8579 0 11.65
      vertex 64.6181 0 12.0089
    endloop
  endfacet
  facet normal -0.751856 0 0.659328
    outer loop
      vertex 64.3335 0 7.66655
      vertex 64.6181 2 7.99109
      vertex 64.3335 2 7.66655
    endloop
  endfacet
  facet normal -0.751856 0 0.659328
    outer loop
      vertex 64.6181 2 7.99109
      vertex 64.3335 0 7.66655
      vertex 64.6181 0 7.99109
    endloop
  endfacet
  facet normal -0.997863 0 -0.0653349
    outer loop
      vertex 65.3 0 10
      vertex 65.2718 2 10.4307
      vertex 65.3 2 10
    endloop
  endfacet
  facet normal -0.997863 -0 -0.0653349
    outer loop
      vertex 65.2718 2 10.4307
      vertex 65.3 0 10
      vertex 65.2718 0 10.4307
    endloop
  endfacet
  facet normal -0.831487 0 0.555545
    outer loop
      vertex 64.6181 0 7.99109
      vertex 64.8579 2 8.35
      vertex 64.6181 2 7.99109
    endloop
  endfacet
  facet normal -0.831487 0 0.555545
    outer loop
      vertex 64.8579 2 8.35
      vertex 64.6181 0 7.99109
      vertex 64.8579 0 8.35
    endloop
  endfacet
  facet normal -0.442295 0 -0.89687
    outer loop
      vertex 63.2629 0 13.0488
      vertex 63.65 2 12.8579
      vertex 63.65 0 12.8579
    endloop
  endfacet
  facet normal -0.442295 0 -0.89687
    outer loop
      vertex 63.65 2 12.8579
      vertex 63.2629 0 13.0488
      vertex 63.2629 2 13.0488
    endloop
  endfacet
  facet normal -0.321504 0 -0.946908
    outer loop
      vertex 62.8541 0 13.1876
      vertex 63.2629 2 13.0488
      vertex 63.2629 0 13.0488
    endloop
  endfacet
  facet normal -0.321504 0 -0.946908
    outer loop
      vertex 63.2629 2 13.0488
      vertex 62.8541 0 13.1876
      vertex 62.8541 2 13.1876
    endloop
  endfacet
  facet normal -0.442332 0 0.896851
    outer loop
      vertex 63.2629 2 6.9512
      vertex 63.65 0 7.14212
      vertex 63.65 2 7.14212
    endloop
  endfacet
  facet normal -0.442332 0 0.896851
    outer loop
      vertex 63.65 0 7.14212
      vertex 63.2629 2 6.9512
      vertex 63.2629 0 6.9512
    endloop
  endfacet
  facet normal 0.997863 0 -0.0653349
    outer loop
      vertex 58.7282 0 10.4307
      vertex 58.7 2 10
      vertex 58.7282 2 10.4307
    endloop
  endfacet
  facet normal 0.997863 0 -0.0653349
    outer loop
      vertex 58.7 2 10
      vertex 58.7282 0 10.4307
      vertex 58.7 0 10
    endloop
  endfacet
  facet normal 0.946908 0 -0.321504
    outer loop
      vertex 58.9512 0 11.2629
      vertex 58.8124 2 10.8541
      vertex 58.9512 2 11.2629
    endloop
  endfacet
  facet normal 0.946908 0 -0.321504
    outer loop
      vertex 58.8124 2 10.8541
      vertex 58.9512 0 11.2629
      vertex 58.8124 0 10.8541
    endloop
  endfacet
  facet normal -0.195069 0 0.980789
    outer loop
      vertex 62.4307 2 6.72823
      vertex 62.8541 0 6.81244
      vertex 62.8541 2 6.81244
    endloop
  endfacet
  facet normal -0.195069 0 0.980789
    outer loop
      vertex 62.8541 0 6.81244
      vertex 62.4307 2 6.72823
      vertex 62.4307 0 6.72823
    endloop
  endfacet
  facet normal 0.997864 -0 0.0653289
    outer loop
      vertex 58.7 0 10
      vertex 58.7282 2 9.56926
      vertex 58.7 2 10
    endloop
  endfacet
  facet normal 0.997864 0 0.0653289
    outer loop
      vertex 58.7282 2 9.56926
      vertex 58.7 0 10
      vertex 58.7282 0 9.56926
    endloop
  endfacet
  facet normal 0.659285 0 0.751893
    outer loop
      vertex 59.6665 2 7.66655
      vertex 59.9911 0 7.38193
      vertex 59.9911 2 7.38193
    endloop
  endfacet
  facet normal 0.659285 0 0.751893
    outer loop
      vertex 59.9911 0 7.38193
      vertex 59.6665 2 7.66655
      vertex 59.6665 0 7.66655
    endloop
  endfacet
  facet normal 0.555571 0 0.831469
    outer loop
      vertex 59.9911 2 7.38193
      vertex 60.35 0 7.14212
      vertex 60.35 2 7.14212
    endloop
  endfacet
  facet normal 0.555571 0 0.831469
    outer loop
      vertex 60.35 0 7.14212
      vertex 59.9911 2 7.38193
      vertex 59.9911 0 7.38193
    endloop
  endfacet
  facet normal 0.195047 0 -0.980794
    outer loop
      vertex 61.1459 0 13.1876
      vertex 61.5693 2 13.2718
      vertex 61.5693 0 13.2718
    endloop
  endfacet
  facet normal 0.195047 0 -0.980794
    outer loop
      vertex 61.5693 2 13.2718
      vertex 61.1459 0 13.1876
      vertex 61.1459 2 13.1876
    endloop
  endfacet
  facet normal -0.89687 0 -0.442295
    outer loop
      vertex 65.0488 0 11.2629
      vertex 64.8579 2 11.65
      vertex 65.0488 2 11.2629
    endloop
  endfacet
  facet normal -0.89687 -0 -0.442295
    outer loop
      vertex 64.8579 2 11.65
      vertex 65.0488 0 11.2629
      vertex 64.8579 0 11.65
    endloop
  endfacet
  facet normal -0.659259 0 -0.751916
    outer loop
      vertex 64.0089 0 12.6181
      vertex 64.3335 2 12.3335
      vertex 64.3335 0 12.3335
    endloop
  endfacet
  facet normal -0.659259 0 -0.751916
    outer loop
      vertex 64.3335 2 12.3335
      vertex 64.0089 0 12.6181
      vertex 64.0089 2 12.6181
    endloop
  endfacet
  facet normal -0.751916 0 -0.659259
    outer loop
      vertex 64.6181 0 12.0089
      vertex 64.3335 2 12.3335
      vertex 64.6181 2 12.0089
    endloop
  endfacet
  facet normal -0.751916 -0 -0.659259
    outer loop
      vertex 64.3335 2 12.3335
      vertex 64.6181 0 12.0089
      vertex 64.3335 0 12.3335
    endloop
  endfacet
  facet normal 0.442295 0 -0.89687
    outer loop
      vertex 60.35 0 12.8579
      vertex 60.7371 2 13.0488
      vertex 60.7371 0 13.0488
    endloop
  endfacet
  facet normal 0.442295 0 -0.89687
    outer loop
      vertex 60.7371 2 13.0488
      vertex 60.35 0 12.8579
      vertex 60.35 2 12.8579
    endloop
  endfacet
  facet normal 0.751916 0 -0.659259
    outer loop
      vertex 59.6665 0 12.3335
      vertex 59.3819 2 12.0089
      vertex 59.6665 2 12.3335
    endloop
  endfacet
  facet normal 0.751916 0 -0.659259
    outer loop
      vertex 59.3819 2 12.0089
      vertex 59.6665 0 12.3335
      vertex 59.3819 0 12.0089
    endloop
  endfacet
  facet normal 0.0653349 0 -0.997863
    outer loop
      vertex 61.5693 0 13.2718
      vertex 62 2 13.3
      vertex 62 0 13.3
    endloop
  endfacet
  facet normal 0.0653349 0 -0.997863
    outer loop
      vertex 62 2 13.3
      vertex 61.5693 0 13.2718
      vertex 61.5693 2 13.2718
    endloop
  endfacet
  facet normal 0.831487 -0 0.555545
    outer loop
      vertex 59.1421 0 8.35
      vertex 59.3819 2 7.99109
      vertex 59.1421 2 8.35
    endloop
  endfacet
  facet normal 0.831487 0 0.555545
    outer loop
      vertex 59.3819 2 7.99109
      vertex 59.1421 0 8.35
      vertex 59.3819 0 7.99109
    endloop
  endfacet
  facet normal 0.98079 -0 0.195065
    outer loop
      vertex 58.7282 0 9.56926
      vertex 58.8124 2 9.1459
      vertex 58.7282 2 9.56926
    endloop
  endfacet
  facet normal 0.98079 0 0.195065
    outer loop
      vertex 58.8124 2 9.1459
      vertex 58.7282 0 9.56926
      vertex 58.8124 0 9.1459
    endloop
  endfacet
  facet normal 0.0654041 0 0.997859
    outer loop
      vertex 61.5693 2 6.72823
      vertex 62 0 6.7
      vertex 62 2 6.7
    endloop
  endfacet
  facet normal 0.0654041 0 0.997859
    outer loop
      vertex 62 0 6.7
      vertex 61.5693 2 6.72823
      vertex 61.5693 0 6.72823
    endloop
  endfacet
  facet normal 0.659259 0 -0.751916
    outer loop
      vertex 59.6665 0 12.3335
      vertex 59.9911 2 12.6181
      vertex 59.9911 0 12.6181
    endloop
  endfacet
  facet normal 0.659259 0 -0.751916
    outer loop
      vertex 59.9911 2 12.6181
      vertex 59.6665 0 12.3335
      vertex 59.6665 2 12.3335
    endloop
  endfacet
  facet normal 0.555555 0 -0.83148
    outer loop
      vertex 59.9911 0 12.6181
      vertex 60.35 2 12.8579
      vertex 60.35 0 12.8579
    endloop
  endfacet
  facet normal 0.555555 0 -0.83148
    outer loop
      vertex 60.35 2 12.8579
      vertex 59.9911 0 12.6181
      vertex 59.9911 2 12.6181
    endloop
  endfacet
  facet normal 0.751856 -0 0.659328
    outer loop
      vertex 59.3819 0 7.99109
      vertex 59.6665 2 7.66655
      vertex 59.3819 2 7.99109
    endloop
  endfacet
  facet normal 0.751856 0 0.659328
    outer loop
      vertex 59.6665 2 7.66655
      vertex 59.3819 0 7.99109
      vertex 59.6665 0 7.66655
    endloop
  endfacet
  facet normal -0 0.442332 0.896851
    outer loop
      vertex 112 46.3371 4.9512
      vertex 114 45.95 5.14212
      vertex 114 46.3371 4.9512
    endloop
  endfacet
  facet normal 0 0.442332 0.896851
    outer loop
      vertex 114 45.95 5.14212
      vertex 112 46.3371 4.9512
      vertex 112 45.95 5.14212
    endloop
  endfacet
  facet normal 0 -0.321421 0.946936
    outer loop
      vertex 112 48.8629 4.9512
      vertex 114 48.4541 4.81244
      vertex 114 48.8629 4.9512
    endloop
  endfacet
  facet normal 0 -0.321421 0.946936
    outer loop
      vertex 114 48.4541 4.81244
      vertex 112 48.8629 4.9512
      vertex 112 48.4541 4.81244
    endloop
  endfacet
  facet normal -0 0.555571 0.831469
    outer loop
      vertex 112 45.95 5.14212
      vertex 114 45.5911 5.38193
      vertex 114 45.95 5.14212
    endloop
  endfacet
  facet normal 0 0.555571 0.831469
    outer loop
      vertex 114 45.5911 5.38193
      vertex 112 45.95 5.14212
      vertex 112 45.5911 5.38193
    endloop
  endfacet
  facet normal 0 -0.997864 0.0653289
    outer loop
      vertex 112 50.8718 7.56926
      vertex 114 50.9 8
      vertex 112 50.9 8
    endloop
  endfacet
  facet normal 0 -0.997864 0.0653289
    outer loop
      vertex 114 50.9 8
      vertex 112 50.8718 7.56926
      vertex 114 50.8718 7.56926
    endloop
  endfacet
  facet normal 0 -0.555571 0.831469
    outer loop
      vertex 112 49.6089 5.38193
      vertex 114 49.25 5.14212
      vertex 114 49.6089 5.38193
    endloop
  endfacet
  facet normal 0 -0.555571 0.831469
    outer loop
      vertex 114 49.25 5.14212
      vertex 112 49.6089 5.38193
      vertex 112 49.25 5.14212
    endloop
  endfacet
  facet normal 0 -0.946899 0.321532
    outer loop
      vertex 112 50.6488 6.73714
      vertex 114 50.7876 7.1459
      vertex 112 50.7876 7.1459
    endloop
  endfacet
  facet normal 0 -0.946899 0.321532
    outer loop
      vertex 114 50.7876 7.1459
      vertex 112 50.6488 6.73714
      vertex 114 50.6488 6.73714
    endloop
  endfacet
  facet normal 0 0.946896 -0.321539
    outer loop
      vertex 114 44.4124 8.8541
      vertex 112 44.5512 9.26285
      vertex 114 44.5512 9.26285
    endloop
  endfacet
  facet normal 0 0.946896 -0.321539
    outer loop
      vertex 112 44.5512 9.26285
      vertex 114 44.4124 8.8541
      vertex 112 44.4124 8.8541
    endloop
  endfacet
  facet normal 0 -0.442332 0.896851
    outer loop
      vertex 112 49.25 5.14212
      vertex 114 48.8629 4.9512
      vertex 114 49.25 5.14212
    endloop
  endfacet
  facet normal 0 -0.442332 0.896851
    outer loop
      vertex 114 48.8629 4.9512
      vertex 112 49.25 5.14212
      vertex 112 48.8629 4.9512
    endloop
  endfacet
  facet normal 0 -0.0654041 0.997859
    outer loop
      vertex 112 48.0307 4.72823
      vertex 114 47.6 4.7
      vertex 114 48.0307 4.72823
    endloop
  endfacet
  facet normal 0 -0.0654041 0.997859
    outer loop
      vertex 114 47.6 4.7
      vertex 112 48.0307 4.72823
      vertex 112 47.6 4.7
    endloop
  endfacet
  facet normal 0 -0.98079 0.195065
    outer loop
      vertex 112 50.7876 7.1459
      vertex 114 50.8718 7.56926
      vertex 112 50.8718 7.56926
    endloop
  endfacet
  facet normal 0 -0.98079 0.195065
    outer loop
      vertex 114 50.8718 7.56926
      vertex 112 50.7876 7.1459
      vertex 114 50.7876 7.1459
    endloop
  endfacet
  facet normal 0 0.555555 -0.83148
    outer loop
      vertex 112 45.5911 10.6181
      vertex 114 45.95 10.8579
      vertex 114 45.5911 10.6181
    endloop
  endfacet
  facet normal 0 0.555555 -0.83148
    outer loop
      vertex 114 45.95 10.8579
      vertex 112 45.5911 10.6181
      vertex 112 45.95 10.8579
    endloop
  endfacet
  facet normal 0 0.83148 -0.555555
    outer loop
      vertex 114 44.7421 9.65
      vertex 112 44.9819 10.0089
      vertex 114 44.9819 10.0089
    endloop
  endfacet
  facet normal 0 0.83148 -0.555555
    outer loop
      vertex 112 44.9819 10.0089
      vertex 114 44.7421 9.65
      vertex 112 44.7421 9.65
    endloop
  endfacet
  facet normal 0 0.659259 -0.751916
    outer loop
      vertex 112 45.2665 10.3335
      vertex 114 45.5911 10.6181
      vertex 114 45.2665 10.3335
    endloop
  endfacet
  facet normal 0 0.659259 -0.751916
    outer loop
      vertex 114 45.5911 10.6181
      vertex 112 45.2665 10.3335
      vertex 112 45.5911 10.6181
    endloop
  endfacet
  facet normal 0 0.751916 -0.659259
    outer loop
      vertex 114 44.9819 10.0089
      vertex 112 45.2665 10.3335
      vertex 114 45.2665 10.3335
    endloop
  endfacet
  facet normal 0 0.751916 -0.659259
    outer loop
      vertex 112 45.2665 10.3335
      vertex 114 44.9819 10.0089
      vertex 112 44.9819 10.0089
    endloop
  endfacet
  facet normal 0 -0.946896 -0.321539
    outer loop
      vertex 112 50.7876 8.8541
      vertex 114 50.6488 9.26285
      vertex 112 50.6488 9.26285
    endloop
  endfacet
  facet normal 0 -0.946896 -0.321539
    outer loop
      vertex 114 50.6488 9.26285
      vertex 112 50.7876 8.8541
      vertex 114 50.7876 8.8541
    endloop
  endfacet
  facet normal 0 0.997864 0.0653289
    outer loop
      vertex 114 44.3282 7.56926
      vertex 112 44.3 8
      vertex 114 44.3 8
    endloop
  endfacet
  facet normal 0 0.997864 0.0653289
    outer loop
      vertex 112 44.3 8
      vertex 114 44.3282 7.56926
      vertex 112 44.3282 7.56926
    endloop
  endfacet
  facet normal 0 0.442295 -0.89687
    outer loop
      vertex 112 45.95 10.8579
      vertex 114 46.3371 11.0488
      vertex 114 45.95 10.8579
    endloop
  endfacet
  facet normal 0 0.442295 -0.89687
    outer loop
      vertex 114 46.3371 11.0488
      vertex 112 45.95 10.8579
      vertex 112 46.3371 11.0488
    endloop
  endfacet
  facet normal 0 0.195047 -0.980794
    outer loop
      vertex 112 46.7459 11.1876
      vertex 114 47.1693 11.2718
      vertex 114 46.7459 11.1876
    endloop
  endfacet
  facet normal 0 0.195047 -0.980794
    outer loop
      vertex 114 47.1693 11.2718
      vertex 112 46.7459 11.1876
      vertex 112 47.1693 11.2718
    endloop
  endfacet
  facet normal 0 -0.659259 -0.751916
    outer loop
      vertex 112 49.6089 10.6181
      vertex 114 49.9335 10.3335
      vertex 114 49.6089 10.6181
    endloop
  endfacet
  facet normal -0 -0.659259 -0.751916
    outer loop
      vertex 114 49.9335 10.3335
      vertex 112 49.6089 10.6181
      vertex 112 49.9335 10.3335
    endloop
  endfacet
  facet normal 0 -0.896892 -0.442249
    outer loop
      vertex 112 50.6488 9.26285
      vertex 114 50.4579 9.65
      vertex 112 50.4579 9.65
    endloop
  endfacet
  facet normal 0 -0.896892 -0.442249
    outer loop
      vertex 114 50.4579 9.65
      vertex 112 50.6488 9.26285
      vertex 114 50.6488 9.26285
    endloop
  endfacet
  facet normal -0 0.659285 0.751893
    outer loop
      vertex 112 45.5911 5.38193
      vertex 114 45.2665 5.66655
      vertex 114 45.5911 5.38193
    endloop
  endfacet
  facet normal 0 0.659285 0.751893
    outer loop
      vertex 114 45.2665 5.66655
      vertex 112 45.5911 5.38193
      vertex 112 45.2665 5.66655
    endloop
  endfacet
  facet normal 0 0.946899 0.321532
    outer loop
      vertex 114 44.5512 6.73714
      vertex 112 44.4124 7.1459
      vertex 114 44.4124 7.1459
    endloop
  endfacet
  facet normal 0 0.946899 0.321532
    outer loop
      vertex 112 44.4124 7.1459
      vertex 114 44.5512 6.73714
      vertex 112 44.5512 6.73714
    endloop
  endfacet
  facet normal -0 0.0654041 0.997859
    outer loop
      vertex 112 47.6 4.7
      vertex 114 47.1693 4.72823
      vertex 114 47.6 4.7
    endloop
  endfacet
  facet normal 0 0.0654041 0.997859
    outer loop
      vertex 114 47.1693 4.72823
      vertex 112 47.6 4.7
      vertex 112 47.1693 4.72823
    endloop
  endfacet
  facet normal 0 -0.195047 -0.980794
    outer loop
      vertex 112 48.0307 11.2718
      vertex 114 48.4541 11.1876
      vertex 114 48.0307 11.2718
    endloop
  endfacet
  facet normal -0 -0.195047 -0.980794
    outer loop
      vertex 114 48.4541 11.1876
      vertex 112 48.0307 11.2718
      vertex 112 48.4541 11.1876
    endloop
  endfacet
  facet normal 0 -0.896888 0.442258
    outer loop
      vertex 112 50.4579 6.35
      vertex 114 50.6488 6.73714
      vertex 112 50.6488 6.73714
    endloop
  endfacet
  facet normal 0 -0.896888 0.442258
    outer loop
      vertex 114 50.6488 6.73714
      vertex 112 50.4579 6.35
      vertex 114 50.4579 6.35
    endloop
  endfacet
  facet normal 0 0.896888 0.442258
    outer loop
      vertex 114 44.7421 6.35
      vertex 112 44.5512 6.73714
      vertex 114 44.5512 6.73714
    endloop
  endfacet
  facet normal 0 0.896888 0.442258
    outer loop
      vertex 112 44.5512 6.73714
      vertex 114 44.7421 6.35
      vertex 112 44.7421 6.35
    endloop
  endfacet
  facet normal 0 0.98079 0.195065
    outer loop
      vertex 114 44.4124 7.1459
      vertex 112 44.3282 7.56926
      vertex 114 44.3282 7.56926
    endloop
  endfacet
  facet normal 0 0.98079 0.195065
    outer loop
      vertex 112 44.3282 7.56926
      vertex 114 44.4124 7.1459
      vertex 112 44.4124 7.1459
    endloop
  endfacet
  facet normal 0 -0.442295 -0.89687
    outer loop
      vertex 112 48.8629 11.0488
      vertex 114 49.25 10.8579
      vertex 114 48.8629 11.0488
    endloop
  endfacet
  facet normal -0 -0.442295 -0.89687
    outer loop
      vertex 114 49.25 10.8579
      vertex 112 48.8629 11.0488
      vertex 112 49.25 10.8579
    endloop
  endfacet
  facet normal 0 -0.83148 -0.555555
    outer loop
      vertex 112 50.4579 9.65
      vertex 114 50.2181 10.0089
      vertex 112 50.2181 10.0089
    endloop
  endfacet
  facet normal 0 -0.83148 -0.555555
    outer loop
      vertex 114 50.2181 10.0089
      vertex 112 50.4579 9.65
      vertex 114 50.4579 9.65
    endloop
  endfacet
  facet normal 0 -0.195069 0.980789
    outer loop
      vertex 112 48.4541 4.81244
      vertex 114 48.0307 4.72823
      vertex 114 48.4541 4.81244
    endloop
  endfacet
  facet normal 0 -0.195069 0.980789
    outer loop
      vertex 114 48.0307 4.72823
      vertex 112 48.4541 4.81244
      vertex 112 48.0307 4.72823
    endloop
  endfacet
  facet normal 0 -0.555555 -0.83148
    outer loop
      vertex 112 49.25 10.8579
      vertex 114 49.6089 10.6181
      vertex 114 49.25 10.8579
    endloop
  endfacet
  facet normal -0 -0.555555 -0.83148
    outer loop
      vertex 114 49.6089 10.6181
      vertex 112 49.25 10.8579
      vertex 112 49.6089 10.6181
    endloop
  endfacet
  facet normal 0 -0.659285 0.751893
    outer loop
      vertex 112 49.9335 5.66655
      vertex 114 49.6089 5.38193
      vertex 114 49.9335 5.66655
    endloop
  endfacet
  facet normal 0 -0.659285 0.751893
    outer loop
      vertex 114 49.6089 5.38193
      vertex 112 49.9335 5.66655
      vertex 112 49.6089 5.38193
    endloop
  endfacet
  facet normal 0 -0.751916 -0.659259
    outer loop
      vertex 112 50.2181 10.0089
      vertex 114 49.9335 10.3335
      vertex 112 49.9335 10.3335
    endloop
  endfacet
  facet normal 0 -0.751916 -0.659259
    outer loop
      vertex 114 49.9335 10.3335
      vertex 112 50.2181 10.0089
      vertex 114 50.2181 10.0089
    endloop
  endfacet
  facet normal 0 0.896892 -0.442249
    outer loop
      vertex 114 44.5512 9.26285
      vertex 112 44.7421 9.65
      vertex 114 44.7421 9.65
    endloop
  endfacet
  facet normal 0 0.896892 -0.442249
    outer loop
      vertex 112 44.7421 9.65
      vertex 114 44.5512 9.26285
      vertex 112 44.5512 9.26285
    endloop
  endfacet
  facet normal 0 0.0653349 -0.997863
    outer loop
      vertex 112 47.1693 11.2718
      vertex 114 47.6 11.3
      vertex 114 47.1693 11.2718
    endloop
  endfacet
  facet normal 0 0.0653349 -0.997863
    outer loop
      vertex 114 47.6 11.3
      vertex 112 47.1693 11.2718
      vertex 112 47.6 11.3
    endloop
  endfacet
  facet normal 0 -0.321504 -0.946908
    outer loop
      vertex 112 48.4541 11.1876
      vertex 114 48.8629 11.0488
      vertex 114 48.4541 11.1876
    endloop
  endfacet
  facet normal -0 -0.321504 -0.946908
    outer loop
      vertex 114 48.8629 11.0488
      vertex 112 48.4541 11.1876
      vertex 112 48.8629 11.0488
    endloop
  endfacet
  facet normal 0 -0.831487 0.555545
    outer loop
      vertex 112 50.2181 5.99109
      vertex 114 50.4579 6.35
      vertex 112 50.4579 6.35
    endloop
  endfacet
  facet normal 0 -0.831487 0.555545
    outer loop
      vertex 114 50.4579 6.35
      vertex 112 50.2181 5.99109
      vertex 114 50.2181 5.99109
    endloop
  endfacet
  facet normal 0 0.321504 -0.946908
    outer loop
      vertex 112 46.3371 11.0488
      vertex 114 46.7459 11.1876
      vertex 114 46.3371 11.0488
    endloop
  endfacet
  facet normal 0 0.321504 -0.946908
    outer loop
      vertex 114 46.7459 11.1876
      vertex 112 46.3371 11.0488
      vertex 112 46.7459 11.1876
    endloop
  endfacet
  facet normal -0 0.321421 0.946936
    outer loop
      vertex 112 46.7459 4.81244
      vertex 114 46.3371 4.9512
      vertex 114 46.7459 4.81244
    endloop
  endfacet
  facet normal 0 0.321421 0.946936
    outer loop
      vertex 114 46.3371 4.9512
      vertex 112 46.7459 4.81244
      vertex 112 46.3371 4.9512
    endloop
  endfacet
  facet normal -0 0.195069 0.980789
    outer loop
      vertex 112 47.1693 4.72823
      vertex 114 46.7459 4.81244
      vertex 114 47.1693 4.72823
    endloop
  endfacet
  facet normal 0 0.195069 0.980789
    outer loop
      vertex 114 46.7459 4.81244
      vertex 112 47.1693 4.72823
      vertex 112 46.7459 4.81244
    endloop
  endfacet
  facet normal 0 -0.98079 -0.195065
    outer loop
      vertex 112 50.8718 8.43074
      vertex 114 50.7876 8.8541
      vertex 112 50.7876 8.8541
    endloop
  endfacet
  facet normal 0 -0.98079 -0.195065
    outer loop
      vertex 114 50.7876 8.8541
      vertex 112 50.8718 8.43074
      vertex 114 50.8718 8.43074
    endloop
  endfacet
  facet normal 0 -0.0653349 -0.997863
    outer loop
      vertex 112 47.6 11.3
      vertex 114 48.0307 11.2718
      vertex 114 47.6 11.3
    endloop
  endfacet
  facet normal -0 -0.0653349 -0.997863
    outer loop
      vertex 114 48.0307 11.2718
      vertex 112 47.6 11.3
      vertex 112 48.0307 11.2718
    endloop
  endfacet
  facet normal 0 -0.997864 -0.0653289
    outer loop
      vertex 112 50.9 8
      vertex 114 50.8718 8.43074
      vertex 112 50.8718 8.43074
    endloop
  endfacet
  facet normal 0 -0.997864 -0.0653289
    outer loop
      vertex 114 50.8718 8.43074
      vertex 112 50.9 8
      vertex 114 50.9 8
    endloop
  endfacet
  facet normal 0 -0.751856 0.659328
    outer loop
      vertex 112 49.9335 5.66655
      vertex 114 50.2181 5.99109
      vertex 112 50.2181 5.99109
    endloop
  endfacet
  facet normal 0 -0.751856 0.659328
    outer loop
      vertex 114 50.2181 5.99109
      vertex 112 49.9335 5.66655
      vertex 114 49.9335 5.66655
    endloop
  endfacet
  facet normal 0 0.831487 0.555545
    outer loop
      vertex 114 44.9819 5.99109
      vertex 112 44.7421 6.35
      vertex 114 44.7421 6.35
    endloop
  endfacet
  facet normal 0 0.831487 0.555545
    outer loop
      vertex 112 44.7421 6.35
      vertex 114 44.9819 5.99109
      vertex 112 44.9819 5.99109
    endloop
  endfacet
  facet normal 0 0.98079 -0.195065
    outer loop
      vertex 114 44.3282 8.43074
      vertex 112 44.4124 8.8541
      vertex 114 44.4124 8.8541
    endloop
  endfacet
  facet normal 0 0.98079 -0.195065
    outer loop
      vertex 112 44.4124 8.8541
      vertex 114 44.3282 8.43074
      vertex 112 44.3282 8.43074
    endloop
  endfacet
  facet normal 0 0.997864 -0.0653289
    outer loop
      vertex 114 44.3 8
      vertex 112 44.3282 8.43074
      vertex 114 44.3282 8.43074
    endloop
  endfacet
  facet normal 0 0.997864 -0.0653289
    outer loop
      vertex 112 44.3282 8.43074
      vertex 114 44.3 8
      vertex 112 44.3 8
    endloop
  endfacet
  facet normal 0 0.751856 0.659328
    outer loop
      vertex 114 45.2665 5.66655
      vertex 112 44.9819 5.99109
      vertex 114 44.9819 5.99109
    endloop
  endfacet
  facet normal 0 0.751856 0.659328
    outer loop
      vertex 112 44.9819 5.99109
      vertex 114 45.2665 5.66655
      vertex 112 45.2665 5.66655
    endloop
  endfacet
  facet normal 0 -0.32136 0.946957
    outer loop
      vertex 112 21.3567 32.6903
      vertex 114 21.047 32.5852
      vertex 114 21.3567 32.6903
    endloop
  endfacet
  facet normal 0 -0.32136 0.946957
    outer loop
      vertex 114 21.047 32.5852
      vertex 112 21.3567 32.6903
      vertex 112 21.047 32.5852
    endloop
  endfacet
  facet normal 0 0.946957 -0.32136
    outer loop
      vertex 114 17.9852 35.647
      vertex 112 18.0903 35.9567
      vertex 114 18.0903 35.9567
    endloop
  endfacet
  facet normal 0 0.946957 -0.32136
    outer loop
      vertex 112 18.0903 35.9567
      vertex 114 17.9852 35.647
      vertex 112 17.9852 35.647
    endloop
  endfacet
  facet normal 0 -0.0654432 0.997856
    outer loop
      vertex 112 20.7263 32.5214
      vertex 114 20.4 32.5
      vertex 114 20.7263 32.5214
    endloop
  endfacet
  facet normal 0 -0.0654432 0.997856
    outer loop
      vertex 114 20.4 32.5
      vertex 112 20.7263 32.5214
      vertex 112 20.4 32.5
    endloop
  endfacet
  facet normal 0 -0.442191 0.896921
    outer loop
      vertex 112 21.65 32.8349
      vertex 114 21.3567 32.6903
      vertex 114 21.65 32.8349
    endloop
  endfacet
  facet normal 0 -0.442191 0.896921
    outer loop
      vertex 114 21.3567 32.6903
      vertex 112 21.65 32.8349
      vertex 112 21.3567 32.6903
    endloop
  endfacet
  facet normal -0 0.195116 0.98078
    outer loop
      vertex 112 20.0737 32.5214
      vertex 114 19.753 32.5852
      vertex 114 20.0737 32.5214
    endloop
  endfacet
  facet normal 0 0.195116 0.98078
    outer loop
      vertex 114 19.753 32.5852
      vertex 112 20.0737 32.5214
      vertex 112 19.753 32.5852
    endloop
  endfacet
  facet normal 0 0.997856 0.0654432
    outer loop
      vertex 114 17.9214 34.6737
      vertex 112 17.9 35
      vertex 114 17.9 35
    endloop
  endfacet
  facet normal 0 0.997856 0.0654432
    outer loop
      vertex 112 17.9 35
      vertex 114 17.9214 34.6737
      vertex 112 17.9214 34.6737
    endloop
  endfacet
  facet normal 0 -0.946957 -0.32136
    outer loop
      vertex 112 22.8148 35.647
      vertex 114 22.7097 35.9567
      vertex 112 22.7097 35.9567
    endloop
  endfacet
  facet normal 0 -0.946957 -0.32136
    outer loop
      vertex 114 22.7097 35.9567
      vertex 112 22.8148 35.647
      vertex 114 22.8148 35.647
    endloop
  endfacet
  facet normal 0 -0.98078 0.195116
    outer loop
      vertex 112 22.8148 34.353
      vertex 114 22.8786 34.6737
      vertex 112 22.8786 34.6737
    endloop
  endfacet
  facet normal 0 -0.98078 0.195116
    outer loop
      vertex 114 22.8786 34.6737
      vertex 112 22.8148 34.353
      vertex 114 22.8148 34.353
    endloop
  endfacet
  facet normal 0 -0.896921 0.442191
    outer loop
      vertex 112 22.5651 33.75
      vertex 114 22.7097 34.0433
      vertex 112 22.7097 34.0433
    endloop
  endfacet
  facet normal 0 -0.896921 0.442191
    outer loop
      vertex 114 22.7097 34.0433
      vertex 112 22.5651 33.75
      vertex 114 22.5651 33.75
    endloop
  endfacet
  facet normal -0 0.32136 0.946957
    outer loop
      vertex 112 19.753 32.5852
      vertex 114 19.4433 32.6903
      vertex 114 19.753 32.5852
    endloop
  endfacet
  facet normal 0 0.32136 0.946957
    outer loop
      vertex 114 19.4433 32.6903
      vertex 112 19.753 32.5852
      vertex 112 19.4433 32.6903
    endloop
  endfacet
  facet normal 0 0.659262 -0.751913
    outer loop
      vertex 112 18.6322 36.7678
      vertex 114 18.8781 36.9834
      vertex 114 18.6322 36.7678
    endloop
  endfacet
  facet normal 0 0.659262 -0.751913
    outer loop
      vertex 114 18.8781 36.9834
      vertex 112 18.6322 36.7678
      vertex 112 18.8781 36.9834
    endloop
  endfacet
  facet normal 0 0.98078 -0.195116
    outer loop
      vertex 114 17.9214 35.3263
      vertex 112 17.9852 35.647
      vertex 114 17.9852 35.647
    endloop
  endfacet
  facet normal 0 0.98078 -0.195116
    outer loop
      vertex 112 17.9852 35.647
      vertex 114 17.9214 35.3263
      vertex 112 17.9214 35.3263
    endloop
  endfacet
  facet normal 0 -0.997856 0.0654432
    outer loop
      vertex 112 22.8786 34.6737
      vertex 114 22.9 35
      vertex 112 22.9 35
    endloop
  endfacet
  facet normal 0 -0.997856 0.0654432
    outer loop
      vertex 114 22.9 35
      vertex 112 22.8786 34.6737
      vertex 114 22.8786 34.6737
    endloop
  endfacet
  facet normal 0 0.896921 -0.442191
    outer loop
      vertex 114 18.0903 35.9567
      vertex 112 18.2349 36.25
      vertex 114 18.2349 36.25
    endloop
  endfacet
  facet normal 0 0.896921 -0.442191
    outer loop
      vertex 112 18.2349 36.25
      vertex 114 18.0903 35.9567
      vertex 112 18.0903 35.9567
    endloop
  endfacet
  facet normal 0 0.896921 0.442191
    outer loop
      vertex 114 18.2349 33.75
      vertex 112 18.0903 34.0433
      vertex 114 18.0903 34.0433
    endloop
  endfacet
  facet normal 0 0.896921 0.442191
    outer loop
      vertex 112 18.0903 34.0433
      vertex 114 18.2349 33.75
      vertex 112 18.2349 33.75
    endloop
  endfacet
  facet normal 0 0.946957 0.32136
    outer loop
      vertex 114 18.0903 34.0433
      vertex 112 17.9852 34.353
      vertex 114 17.9852 34.353
    endloop
  endfacet
  facet normal 0 0.946957 0.32136
    outer loop
      vertex 112 17.9852 34.353
      vertex 114 18.0903 34.0433
      vertex 112 18.0903 34.0433
    endloop
  endfacet
  facet normal 0 -0.751913 -0.659262
    outer loop
      vertex 112 22.3834 36.5219
      vertex 114 22.1678 36.7678
      vertex 112 22.1678 36.7678
    endloop
  endfacet
  facet normal 0 -0.751913 -0.659262
    outer loop
      vertex 114 22.1678 36.7678
      vertex 112 22.3834 36.5219
      vertex 114 22.3834 36.5219
    endloop
  endfacet
  facet normal 0 0.831438 0.555617
    outer loop
      vertex 114 18.4166 33.4781
      vertex 112 18.2349 33.75
      vertex 114 18.2349 33.75
    endloop
  endfacet
  facet normal 0 0.831438 0.555617
    outer loop
      vertex 112 18.2349 33.75
      vertex 114 18.4166 33.4781
      vertex 112 18.4166 33.4781
    endloop
  endfacet
  facet normal 0 -0.659262 0.751913
    outer loop
      vertex 112 22.1678 33.2322
      vertex 114 21.9219 33.0166
      vertex 114 22.1678 33.2322
    endloop
  endfacet
  facet normal 0 -0.659262 0.751913
    outer loop
      vertex 114 21.9219 33.0166
      vertex 112 22.1678 33.2322
      vertex 112 21.9219 33.0166
    endloop
  endfacet
  facet normal 0 0.195116 -0.98078
    outer loop
      vertex 112 19.753 37.4148
      vertex 114 20.0737 37.4786
      vertex 114 19.753 37.4148
    endloop
  endfacet
  facet normal 0 0.195116 -0.98078
    outer loop
      vertex 114 20.0737 37.4786
      vertex 112 19.753 37.4148
      vertex 112 20.0737 37.4786
    endloop
  endfacet
  facet normal 0 -0.195116 0.98078
    outer loop
      vertex 112 21.047 32.5852
      vertex 114 20.7263 32.5214
      vertex 114 21.047 32.5852
    endloop
  endfacet
  facet normal 0 -0.195116 0.98078
    outer loop
      vertex 114 20.7263 32.5214
      vertex 112 21.047 32.5852
      vertex 112 20.7263 32.5214
    endloop
  endfacet
  facet normal 0 -0.555617 0.831438
    outer loop
      vertex 112 21.9219 33.0166
      vertex 114 21.65 32.8349
      vertex 114 21.9219 33.0166
    endloop
  endfacet
  facet normal 0 -0.555617 0.831438
    outer loop
      vertex 114 21.65 32.8349
      vertex 112 21.9219 33.0166
      vertex 112 21.65 32.8349
    endloop
  endfacet
  facet normal 0 0.997856 -0.0654432
    outer loop
      vertex 114 17.9 35
      vertex 112 17.9214 35.3263
      vertex 114 17.9214 35.3263
    endloop
  endfacet
  facet normal 0 0.997856 -0.0654432
    outer loop
      vertex 112 17.9214 35.3263
      vertex 114 17.9 35
      vertex 112 17.9 35
    endloop
  endfacet
  facet normal 0 0.442191 -0.896921
    outer loop
      vertex 112 19.15 37.1651
      vertex 114 19.4433 37.3097
      vertex 114 19.15 37.1651
    endloop
  endfacet
  facet normal 0 0.442191 -0.896921
    outer loop
      vertex 114 19.4433 37.3097
      vertex 112 19.15 37.1651
      vertex 112 19.4433 37.3097
    endloop
  endfacet
  facet normal -0 0.555617 0.831438
    outer loop
      vertex 112 19.15 32.8349
      vertex 114 18.8781 33.0166
      vertex 114 19.15 32.8349
    endloop
  endfacet
  facet normal 0 0.555617 0.831438
    outer loop
      vertex 114 18.8781 33.0166
      vertex 112 19.15 32.8349
      vertex 112 18.8781 33.0166
    endloop
  endfacet
  facet normal 0 -0.896921 -0.442191
    outer loop
      vertex 112 22.7097 35.9567
      vertex 114 22.5651 36.25
      vertex 112 22.5651 36.25
    endloop
  endfacet
  facet normal 0 -0.896921 -0.442191
    outer loop
      vertex 114 22.5651 36.25
      vertex 112 22.7097 35.9567
      vertex 114 22.7097 35.9567
    endloop
  endfacet
  facet normal 0 0.98078 0.195116
    outer loop
      vertex 114 17.9852 34.353
      vertex 112 17.9214 34.6737
      vertex 114 17.9214 34.6737
    endloop
  endfacet
  facet normal 0 0.98078 0.195116
    outer loop
      vertex 112 17.9214 34.6737
      vertex 114 17.9852 34.353
      vertex 112 17.9852 34.353
    endloop
  endfacet
  facet normal 0 -0.831438 0.555617
    outer loop
      vertex 112 22.3834 33.4781
      vertex 114 22.5651 33.75
      vertex 112 22.5651 33.75
    endloop
  endfacet
  facet normal 0 -0.831438 0.555617
    outer loop
      vertex 114 22.5651 33.75
      vertex 112 22.3834 33.4781
      vertex 114 22.3834 33.4781
    endloop
  endfacet
  facet normal -0 0.0654432 0.997856
    outer loop
      vertex 112 20.4 32.5
      vertex 114 20.0737 32.5214
      vertex 114 20.4 32.5
    endloop
  endfacet
  facet normal 0 0.0654432 0.997856
    outer loop
      vertex 114 20.0737 32.5214
      vertex 112 20.4 32.5
      vertex 112 20.0737 32.5214
    endloop
  endfacet
  facet normal 0 0.751913 -0.659262
    outer loop
      vertex 114 18.4166 36.5219
      vertex 112 18.6322 36.7678
      vertex 114 18.6322 36.7678
    endloop
  endfacet
  facet normal 0 0.751913 -0.659262
    outer loop
      vertex 112 18.6322 36.7678
      vertex 114 18.4166 36.5219
      vertex 112 18.4166 36.5219
    endloop
  endfacet
  facet normal 0 -0.751913 0.659262
    outer loop
      vertex 112 22.1678 33.2322
      vertex 114 22.3834 33.4781
      vertex 112 22.3834 33.4781
    endloop
  endfacet
  facet normal 0 -0.751913 0.659262
    outer loop
      vertex 114 22.3834 33.4781
      vertex 112 22.1678 33.2322
      vertex 114 22.1678 33.2322
    endloop
  endfacet
  facet normal 0 0.555617 -0.831438
    outer loop
      vertex 112 18.8781 36.9834
      vertex 114 19.15 37.1651
      vertex 114 18.8781 36.9834
    endloop
  endfacet
  facet normal 0 0.555617 -0.831438
    outer loop
      vertex 114 19.15 37.1651
      vertex 112 18.8781 36.9834
      vertex 112 19.15 37.1651
    endloop
  endfacet
  facet normal 0 -0.32136 -0.946957
    outer loop
      vertex 112 21.047 37.4148
      vertex 114 21.3567 37.3097
      vertex 114 21.047 37.4148
    endloop
  endfacet
  facet normal -0 -0.32136 -0.946957
    outer loop
      vertex 114 21.3567 37.3097
      vertex 112 21.047 37.4148
      vertex 112 21.3567 37.3097
    endloop
  endfacet
  facet normal 0 -0.997856 -0.0654432
    outer loop
      vertex 112 22.9 35
      vertex 114 22.8786 35.3263
      vertex 112 22.8786 35.3263
    endloop
  endfacet
  facet normal 0 -0.997856 -0.0654432
    outer loop
      vertex 114 22.8786 35.3263
      vertex 112 22.9 35
      vertex 114 22.9 35
    endloop
  endfacet
  facet normal -0 0.659262 0.751913
    outer loop
      vertex 112 18.8781 33.0166
      vertex 114 18.6322 33.2322
      vertex 114 18.8781 33.0166
    endloop
  endfacet
  facet normal 0 0.659262 0.751913
    outer loop
      vertex 114 18.6322 33.2322
      vertex 112 18.8781 33.0166
      vertex 112 18.6322 33.2322
    endloop
  endfacet
  facet normal 0 -0.195116 -0.98078
    outer loop
      vertex 112 20.7263 37.4786
      vertex 114 21.047 37.4148
      vertex 114 20.7263 37.4786
    endloop
  endfacet
  facet normal -0 -0.195116 -0.98078
    outer loop
      vertex 114 21.047 37.4148
      vertex 112 20.7263 37.4786
      vertex 112 21.047 37.4148
    endloop
  endfacet
  facet normal -0 0.442191 0.896921
    outer loop
      vertex 112 19.4433 32.6903
      vertex 114 19.15 32.8349
      vertex 114 19.4433 32.6903
    endloop
  endfacet
  facet normal 0 0.442191 0.896921
    outer loop
      vertex 114 19.15 32.8349
      vertex 112 19.4433 32.6903
      vertex 112 19.15 32.8349
    endloop
  endfacet
  facet normal 0 -0.0654432 -0.997856
    outer loop
      vertex 112 20.4 37.5
      vertex 114 20.7263 37.4786
      vertex 114 20.4 37.5
    endloop
  endfacet
  facet normal -0 -0.0654432 -0.997856
    outer loop
      vertex 114 20.7263 37.4786
      vertex 112 20.4 37.5
      vertex 112 20.7263 37.4786
    endloop
  endfacet
  facet normal 0 -0.659262 -0.751913
    outer loop
      vertex 112 21.9219 36.9834
      vertex 114 22.1678 36.7678
      vertex 114 21.9219 36.9834
    endloop
  endfacet
  facet normal -0 -0.659262 -0.751913
    outer loop
      vertex 114 22.1678 36.7678
      vertex 112 21.9219 36.9834
      vertex 112 22.1678 36.7678
    endloop
  endfacet
  facet normal 0 -0.831438 -0.555617
    outer loop
      vertex 112 22.5651 36.25
      vertex 114 22.3834 36.5219
      vertex 112 22.3834 36.5219
    endloop
  endfacet
  facet normal 0 -0.831438 -0.555617
    outer loop
      vertex 114 22.3834 36.5219
      vertex 112 22.5651 36.25
      vertex 114 22.5651 36.25
    endloop
  endfacet
  facet normal 0 0.0654432 -0.997856
    outer loop
      vertex 112 20.0737 37.4786
      vertex 114 20.4 37.5
      vertex 114 20.0737 37.4786
    endloop
  endfacet
  facet normal 0 0.0654432 -0.997856
    outer loop
      vertex 114 20.4 37.5
      vertex 112 20.0737 37.4786
      vertex 112 20.4 37.5
    endloop
  endfacet
  facet normal 0 -0.946957 0.32136
    outer loop
      vertex 112 22.7097 34.0433
      vertex 114 22.8148 34.353
      vertex 112 22.8148 34.353
    endloop
  endfacet
  facet normal 0 -0.946957 0.32136
    outer loop
      vertex 114 22.8148 34.353
      vertex 112 22.7097 34.0433
      vertex 114 22.7097 34.0433
    endloop
  endfacet
  facet normal 0 -0.442191 -0.896921
    outer loop
      vertex 112 21.3567 37.3097
      vertex 114 21.65 37.1651
      vertex 114 21.3567 37.3097
    endloop
  endfacet
  facet normal -0 -0.442191 -0.896921
    outer loop
      vertex 114 21.65 37.1651
      vertex 112 21.3567 37.3097
      vertex 112 21.65 37.1651
    endloop
  endfacet
  facet normal 0 -0.98078 -0.195116
    outer loop
      vertex 112 22.8786 35.3263
      vertex 114 22.8148 35.647
      vertex 112 22.8148 35.647
    endloop
  endfacet
  facet normal 0 -0.98078 -0.195116
    outer loop
      vertex 114 22.8148 35.647
      vertex 112 22.8786 35.3263
      vertex 114 22.8786 35.3263
    endloop
  endfacet
  facet normal 0 0.32136 -0.946957
    outer loop
      vertex 112 19.4433 37.3097
      vertex 114 19.753 37.4148
      vertex 114 19.4433 37.3097
    endloop
  endfacet
  facet normal 0 0.32136 -0.946957
    outer loop
      vertex 114 19.753 37.4148
      vertex 112 19.4433 37.3097
      vertex 112 19.753 37.4148
    endloop
  endfacet
  facet normal 0 0.831438 -0.555617
    outer loop
      vertex 114 18.2349 36.25
      vertex 112 18.4166 36.5219
      vertex 114 18.4166 36.5219
    endloop
  endfacet
  facet normal 0 0.831438 -0.555617
    outer loop
      vertex 112 18.4166 36.5219
      vertex 114 18.2349 36.25
      vertex 112 18.2349 36.25
    endloop
  endfacet
  facet normal 0 -0.555617 -0.831438
    outer loop
      vertex 112 21.65 37.1651
      vertex 114 21.9219 36.9834
      vertex 114 21.65 37.1651
    endloop
  endfacet
  facet normal -0 -0.555617 -0.831438
    outer loop
      vertex 114 21.9219 36.9834
      vertex 112 21.65 37.1651
      vertex 112 21.9219 36.9834
    endloop
  endfacet
  facet normal 0 0.751913 0.659262
    outer loop
      vertex 114 18.6322 33.2322
      vertex 112 18.4166 33.4781
      vertex 114 18.4166 33.4781
    endloop
  endfacet
  facet normal 0 0.751913 0.659262
    outer loop
      vertex 112 18.4166 33.4781
      vertex 114 18.6322 33.2322
      vertex 112 18.6322 33.2322
    endloop
  endfacet
  facet normal 0 0 -1
    outer loop
      vertex 49.0846 32.9651 0.49
      vertex 50.0326 32.7279 0.49
      vertex 49.9671 32.5596 0.49
    endloop
  endfacet
  facet normal 0 0 -1
    outer loop
      vertex 49.0451 32.8694 0.49
      vertex 49.9671 32.5596 0.49
      vertex 49.8864 32.4049 0.49
    endloop
  endfacet
  facet normal 0 0 -1
    outer loop
      vertex 49.0451 32.8694 0.49
      vertex 49.8864 32.4049 0.49
      vertex 49.7905 32.264 0.49
    endloop
  endfacet
  facet normal 0 0 -1
    outer loop
      vertex 48.998 32.7821 0.49
      vertex 49.7905 32.264 0.49
      vertex 49.6794 32.1367 0.49
    endloop
  endfacet
  facet normal 0 0 -1
    outer loop
      vertex 48.9432 32.7034 0.49
      vertex 49.6794 32.1367 0.49
      vertex 49.553 32.0232 0.49
    endloop
  endfacet
  facet normal 0 0 -1
    outer loop
      vertex 48.8809 32.6332 0.49
      vertex 49.553 32.0232 0.49
      vertex 49.4115 31.9233 0.49
    endloop
  endfacet
  facet normal 0 0 -1
    outer loop
      vertex 48.8109 32.5715 0.49
      vertex 49.4115 31.9233 0.49
      vertex 49.2542 31.837 0.49
    endloop
  endfacet
  facet normal 0 0 -1
    outer loop
      vertex 49.7905 32.264 0.49
      vertex 48.998 32.7821 0.49
      vertex 49.0451 32.8694 0.49
    endloop
  endfacet
  facet normal 0 0 -1
    outer loop
      vertex 50.0326 32.7279 0.49
      vertex 49.1165 33.0693 0.49
      vertex 50.0828 32.91 0.49
    endloop
  endfacet
  facet normal 0 0 -1
    outer loop
      vertex 48.7334 32.5183 0.49
      vertex 49.2542 31.837 0.49
      vertex 49.0807 31.7639 0.49
    endloop
  endfacet
  facet normal 0 0 -1
    outer loop
      vertex 50.0326 32.7279 0.49
      vertex 49.0846 32.9651 0.49
      vertex 49.1165 33.0693 0.49
    endloop
  endfacet
  facet normal 0 0 -1
    outer loop
      vertex 49.9671 32.5596 0.49
      vertex 49.0451 32.8694 0.49
      vertex 49.0846 32.9651 0.49
    endloop
  endfacet
  facet normal 0 0 -1
    outer loop
      vertex 49.6794 32.1367 0.49
      vertex 48.9432 32.7034 0.49
      vertex 48.998 32.7821 0.49
    endloop
  endfacet
  facet normal 0 0 -1
    outer loop
      vertex 48.6475 32.4729 0.49
      vertex 49.0807 31.7639 0.49
      vertex 48.8911 31.7041 0.49
    endloop
  endfacet
  facet normal 0 0 -1
    outer loop
      vertex 49.553 32.0232 0.49
      vertex 48.8809 32.6332 0.49
      vertex 48.9432 32.7034 0.49
    endloop
  endfacet
  facet normal 0 0 -1
    outer loop
      vertex 49.4115 31.9233 0.49
      vertex 48.8109 32.5715 0.49
      vertex 48.8809 32.6332 0.49
    endloop
  endfacet
  facet normal 0 0 -1
    outer loop
      vertex 49.2542 31.837 0.49
      vertex 48.7334 32.5183 0.49
      vertex 48.8109 32.5715 0.49
    endloop
  endfacet
  facet normal 0 0 -1
    outer loop
      vertex 48.5526 32.4345 0.49
      vertex 48.8911 31.7041 0.49
      vertex 48.6852 31.6576 0.49
    endloop
  endfacet
  facet normal 0 0 -1
    outer loop
      vertex 49.0807 31.7639 0.49
      vertex 48.6475 32.4729 0.49
      vertex 48.7334 32.5183 0.49
    endloop
  endfacet
  facet normal 0 0 -1
    outer loop
      vertex 48.8911 31.7041 0.49
      vertex 48.5526 32.4345 0.49
      vertex 48.6475 32.4729 0.49
    endloop
  endfacet
  facet normal 0 0 -1
    outer loop
      vertex 48.4487 32.403 0.49
      vertex 48.6852 31.6576 0.49
      vertex 48.4632 31.6244 0.49
    endloop
  endfacet
  facet normal 0 0 -1
    outer loop
      vertex 48.6852 31.6576 0.49
      vertex 48.4487 32.403 0.49
      vertex 48.5526 32.4345 0.49
    endloop
  endfacet
  facet normal 0 0 -1
    outer loop
      vertex 48.4632 31.6244 0.49
      vertex 48.3359 32.3786 0.49
      vertex 48.4487 32.403 0.49
    endloop
  endfacet
  facet normal 0 0 -1
    outer loop
      vertex 48.214 32.3611 0.49
      vertex 48.4632 31.6244 0.49
      vertex 48.2249 31.6045 0.49
    endloop
  endfacet
  facet normal 0 0 -1
    outer loop
      vertex 48.4632 31.6244 0.49
      vertex 48.214 32.3611 0.49
      vertex 48.3359 32.3786 0.49
    endloop
  endfacet
  facet normal 0 0 -1
    outer loop
      vertex 48.2249 31.6045 0.49
      vertex 48.0832 32.3506 0.49
      vertex 48.214 32.3611 0.49
    endloop
  endfacet
  facet normal 0 0 -1
    outer loop
      vertex 47.9705 31.5978 0.49
      vertex 48.0832 32.3506 0.49
      vertex 48.2249 31.6045 0.49
    endloop
  endfacet
  facet normal 0 0 -1
    outer loop
      vertex 47.9705 31.5978 0.49
      vertex 47.9433 32.3471 0.49
      vertex 48.0832 32.3506 0.49
    endloop
  endfacet
  facet normal 0 0 -1
    outer loop
      vertex 47.6927 31.6054 0.49
      vertex 47.9433 32.3471 0.49
      vertex 47.9705 31.5978 0.49
    endloop
  endfacet
  facet normal 0 0 -1
    outer loop
      vertex 47.6927 31.6054 0.49
      vertex 47.6654 32.3601 0.49
      vertex 47.9433 32.3471 0.49
    endloop
  endfacet
  facet normal 0 0 -1
    outer loop
      vertex 47.4348 31.6281 0.49
      vertex 47.6654 32.3601 0.49
      vertex 47.6927 31.6054 0.49
    endloop
  endfacet
  facet normal 0 0 -1
    outer loop
      vertex 47.4348 31.6281 0.49
      vertex 47.4302 32.3992 0.49
      vertex 47.6654 32.3601 0.49
    endloop
  endfacet
  facet normal 0 0 -1
    outer loop
      vertex 47.1967 31.666 0.49
      vertex 47.4302 32.3992 0.49
      vertex 47.4348 31.6281 0.49
    endloop
  endfacet
  facet normal -0 0 -1
    outer loop
      vertex 47.4302 32.3992 0.49
      vertex 47.1967 31.666 0.49
      vertex 47.2377 32.4642 0.49
    endloop
  endfacet
  facet normal 0 0 -1
    outer loop
      vertex 46.9785 31.7191 0.49
      vertex 47.2377 32.4642 0.49
      vertex 47.1967 31.666 0.49
    endloop
  endfacet
  facet normal 0 0 -1
    outer loop
      vertex 46.7801 31.7872 0.49
      vertex 47.2377 32.4642 0.49
      vertex 46.9785 31.7191 0.49
    endloop
  endfacet
  facet normal -0 0 -1
    outer loop
      vertex 47.2377 32.4642 0.49
      vertex 46.7801 31.7872 0.49
      vertex 47.0881 32.5553 0.49
    endloop
  endfacet
  facet normal 0 0 -1
    outer loop
      vertex 46.6017 31.8706 0.49
      vertex 47.0881 32.5553 0.49
      vertex 46.7801 31.7872 0.49
    endloop
  endfacet
  facet normal 0 0 -1
    outer loop
      vertex 46.443 31.9691 0.49
      vertex 47.0881 32.5553 0.49
      vertex 46.6017 31.8706 0.49
    endloop
  endfacet
  facet normal -0 0 -1
    outer loop
      vertex 47.0881 32.5553 0.49
      vertex 46.443 31.9691 0.49
      vertex 46.9811 32.6724 0.49
    endloop
  endfacet
  facet normal 0 0 -1
    outer loop
      vertex 46.3049 32.0819 0.49
      vertex 46.9811 32.6724 0.49
      vertex 46.443 31.9691 0.49
    endloop
  endfacet
  facet normal 0 0 -1
    outer loop
      vertex 46.8956 32.9846 0.49
      vertex 46.7482 34.251 0.49
      vertex 46.8409 34.2868 0.49
    endloop
  endfacet
  facet normal 0 0 -1
    outer loop
      vertex 46.8956 32.9846 0.49
      vertex 46.6659 34.2148 0.49
      vertex 46.7482 34.251 0.49
    endloop
  endfacet
  facet normal 0 0 -1
    outer loop
      vertex 46.1881 32.2082 0.49
      vertex 46.9811 32.6724 0.49
      vertex 46.3049 32.0819 0.49
    endloop
  endfacet
  facet normal 0 -0 -1
    outer loop
      vertex 45.9244 33.1261 0.49
      vertex 46.8956 32.9846 0.49
      vertex 45.9225 33.0422 0.49
    endloop
  endfacet
  facet normal 0 0 -1
    outer loop
      vertex 46.8956 32.9846 0.49
      vertex 46.5887 34.1769 0.49
      vertex 46.6659 34.2148 0.49
    endloop
  endfacet
  facet normal 0 -0 -1
    outer loop
      vertex 45.93 33.207 0.49
      vertex 46.8956 32.9846 0.49
      vertex 45.9244 33.1261 0.49
    endloop
  endfacet
  facet normal 0 0 -1
    outer loop
      vertex 46.0925 32.3481 0.49
      vertex 46.9811 32.6724 0.49
      vertex 46.1881 32.2082 0.49
    endloop
  endfacet
  facet normal 0 -0 -1
    outer loop
      vertex 45.9393 33.2852 0.49
      vertex 46.8956 32.9846 0.49
      vertex 45.93 33.207 0.49
    endloop
  endfacet
  facet normal 0 0 -1
    outer loop
      vertex 46.8956 32.9846 0.49
      vertex 46.5166 34.1374 0.49
      vertex 46.5887 34.1769 0.49
    endloop
  endfacet
  facet normal -0 0 -1
    outer loop
      vertex 46.9811 32.6724 0.49
      vertex 46.0925 32.3481 0.49
      vertex 46.917 32.8155 0.49
    endloop
  endfacet
  facet normal 0 -0 -1
    outer loop
      vertex 45.9524 33.3605 0.49
      vertex 46.8956 32.9846 0.49
      vertex 45.9393 33.2852 0.49
    endloop
  endfacet
  facet normal 0 0 -1
    outer loop
      vertex 46.8956 32.9846 0.49
      vertex 46.4495 34.0963 0.49
      vertex 46.5166 34.1374 0.49
    endloop
  endfacet
  facet normal 0 0 -1
    outer loop
      vertex 46.0181 32.5014 0.49
      vertex 46.917 32.8155 0.49
      vertex 46.0925 32.3481 0.49
    endloop
  endfacet
  facet normal 0 0 -1
    outer loop
      vertex 46.8956 32.9846 0.49
      vertex 46.3875 34.0534 0.49
      vertex 46.4495 34.0963 0.49
    endloop
  endfacet
  facet normal 0 0 -1
    outer loop
      vertex 46.8956 32.9846 0.49
      vertex 46.3305 34.0089 0.49
      vertex 46.3875 34.0534 0.49
    endloop
  endfacet
  facet normal 0 0 -1
    outer loop
      vertex 46.8956 32.9846 0.49
      vertex 46.2786 33.9628 0.49
      vertex 46.3305 34.0089 0.49
    endloop
  endfacet
  facet normal 0 0 -1
    outer loop
      vertex 45.965 32.6682 0.49
      vertex 46.917 32.8155 0.49
      vertex 46.0181 32.5014 0.49
    endloop
  endfacet
  facet normal 0 0 -1
    outer loop
      vertex 46.8956 32.9846 0.49
      vertex 46.2308 33.9145 0.49
      vertex 46.2786 33.9628 0.49
    endloop
  endfacet
  facet normal 0 0 -1
    outer loop
      vertex 46.8956 32.9846 0.49
      vertex 46.1864 33.8636 0.49
      vertex 46.2308 33.9145 0.49
    endloop
  endfacet
  facet normal -0 0 -1
    outer loop
      vertex 46.917 32.8155 0.49
      vertex 45.965 32.6682 0.49
      vertex 46.8956 32.9846 0.49
    endloop
  endfacet
  facet normal 0 0 -1
    outer loop
      vertex 46.8956 32.9846 0.49
      vertex 45.965 32.6682 0.49
      vertex 45.9331 32.8484 0.49
    endloop
  endfacet
  facet normal 0 0 -1
    outer loop
      vertex 46.8956 32.9846 0.49
      vertex 46.0141 33.5694 0.49
      vertex 46.0419 33.6335 0.49
    endloop
  endfacet
  facet normal 0 0 -1
    outer loop
      vertex 46.8956 32.9846 0.49
      vertex 45.9898 33.5026 0.49
      vertex 46.0141 33.5694 0.49
    endloop
  endfacet
  facet normal -0 0 -1
    outer loop
      vertex 46.8956 32.9846 0.49
      vertex 45.9331 32.8484 0.49
      vertex 45.9225 33.0422 0.49
    endloop
  endfacet
  facet normal 0 -0 -1
    outer loop
      vertex 45.9898 33.5026 0.49
      vertex 46.8956 32.9846 0.49
      vertex 45.9692 33.433 0.49
    endloop
  endfacet
  facet normal 0 -0 -1
    outer loop
      vertex 45.9692 33.433 0.49
      vertex 46.8956 32.9846 0.49
      vertex 45.9524 33.3605 0.49
    endloop
  endfacet
  facet normal 0 0 -1
    outer loop
      vertex 46.8956 32.9846 0.49
      vertex 46.1453 33.81 0.49
      vertex 46.1864 33.8636 0.49
    endloop
  endfacet
  facet normal 0 0 -1
    outer loop
      vertex 46.8956 32.9846 0.49
      vertex 46.0419 33.6335 0.49
      vertex 46.073 33.695 0.49
    endloop
  endfacet
  facet normal 0 0 -1
    outer loop
      vertex 46.8956 32.9846 0.49
      vertex 46.073 33.695 0.49
      vertex 46.1075 33.7538 0.49
    endloop
  endfacet
  facet normal 0 0 -1
    outer loop
      vertex 46.8956 32.9846 0.49
      vertex 46.1075 33.7538 0.49
      vertex 46.1453 33.81 0.49
    endloop
  endfacet
  facet normal 0 0 -1
    outer loop
      vertex 49.859 35.1783 0.49
      vertex 48.8839 35.1841 0.49
      vertex 48.8859 35.236 0.49
    endloop
  endfacet
  facet normal 0 0 -1
    outer loop
      vertex 48.9995 33.9783 0.49
      vertex 48.878 35.1349 0.49
      vertex 48.8839 35.1841 0.49
    endloop
  endfacet
  facet normal 0 0 -1
    outer loop
      vertex 48.5552 34.7535 0.49
      vertex 48.9402 33.956 0.49
      vertex 48.8735 33.9332 0.49
    endloop
  endfacet
  facet normal 0 0 -1
    outer loop
      vertex 48.9995 33.9783 0.49
      vertex 48.8682 35.0886 0.49
      vertex 48.878 35.1349 0.49
    endloop
  endfacet
  facet normal 0 0 -1
    outer loop
      vertex 48.9995 33.9783 0.49
      vertex 48.8544 35.045 0.49
      vertex 48.8682 35.0886 0.49
    endloop
  endfacet
  facet normal 0 0 -1
    outer loop
      vertex 48.9995 33.9783 0.49
      vertex 48.8366 35.0041 0.49
      vertex 48.8544 35.045 0.49
    endloop
  endfacet
  facet normal 0 0 -1
    outer loop
      vertex 48.9995 33.9783 0.49
      vertex 48.8149 34.9661 0.49
      vertex 48.8366 35.0041 0.49
    endloop
  endfacet
  facet normal 0 0 -1
    outer loop
      vertex 48.5028 34.729 0.49
      vertex 48.8735 33.9332 0.49
      vertex 48.7935 33.9084 0.49
    endloop
  endfacet
  facet normal 0 0 -1
    outer loop
      vertex 48.9995 33.9783 0.49
      vertex 48.7893 34.9308 0.49
      vertex 48.8149 34.9661 0.49
    endloop
  endfacet
  facet normal 0 0 -1
    outer loop
      vertex 48.9995 33.9783 0.49
      vertex 48.7598 34.8976 0.49
      vertex 48.7893 34.9308 0.49
    endloop
  endfacet
  facet normal 0 0 -1
    outer loop
      vertex 48.9995 33.9783 0.49
      vertex 48.7265 34.8659 0.49
      vertex 48.7598 34.8976 0.49
    endloop
  endfacet
  facet normal 0 0 -1
    outer loop
      vertex 48.4406 34.7044 0.49
      vertex 48.7935 33.9084 0.49
      vertex 48.7002 33.8816 0.49
    endloop
  endfacet
  facet normal 0 0 -1
    outer loop
      vertex 48.9995 33.9783 0.49
      vertex 48.6894 34.8356 0.49
      vertex 48.7265 34.8659 0.49
    endloop
  endfacet
  facet normal 0 0 -1
    outer loop
      vertex 48.9995 33.9783 0.49
      vertex 48.6484 34.8068 0.49
      vertex 48.6894 34.8356 0.49
    endloop
  endfacet
  facet normal 0 0 -1
    outer loop
      vertex 48.9995 33.9783 0.49
      vertex 48.6037 34.7794 0.49
      vertex 48.6484 34.8068 0.49
    endloop
  endfacet
  facet normal 0 0 -1
    outer loop
      vertex 48.3625 34.6781 0.49
      vertex 48.7002 33.8816 0.49
      vertex 48.5936 33.8528 0.49
    endloop
  endfacet
  facet normal 0 0 -1
    outer loop
      vertex 48.9402 33.956 0.49
      vertex 48.5552 34.7535 0.49
      vertex 48.6037 34.7794 0.49
    endloop
  endfacet
  facet normal 0 0 -1
    outer loop
      vertex 48.8735 33.9332 0.49
      vertex 48.5028 34.729 0.49
      vertex 48.5552 34.7535 0.49
    endloop
  endfacet
  facet normal 0 0 -1
    outer loop
      vertex 48.2684 34.65 0.49
      vertex 48.5936 33.8528 0.49
      vertex 48.4738 33.8219 0.49
    endloop
  endfacet
  facet normal 0 0 -1
    outer loop
      vertex 48.7935 33.9084 0.49
      vertex 48.4406 34.7044 0.49
      vertex 48.5028 34.729 0.49
    endloop
  endfacet
  facet normal 0 0 -1
    outer loop
      vertex 48.7002 33.8816 0.49
      vertex 48.3625 34.6781 0.49
      vertex 48.4406 34.7044 0.49
    endloop
  endfacet
  facet normal 0 0 -1
    outer loop
      vertex 48.1585 34.6203 0.49
      vertex 48.4738 33.8219 0.49
      vertex 48.3407 33.7891 0.49
    endloop
  endfacet
  facet normal 0 0 -1
    outer loop
      vertex 48.5936 33.8528 0.49
      vertex 48.2684 34.65 0.49
      vertex 48.3625 34.6781 0.49
    endloop
  endfacet
  facet normal 0 0 -1
    outer loop
      vertex 48.0326 34.5887 0.49
      vertex 48.3407 33.7891 0.49
      vertex 48.1942 33.7543 0.49
    endloop
  endfacet
  facet normal 0 0 -1
    outer loop
      vertex 48.4738 33.8219 0.49
      vertex 48.1585 34.6203 0.49
      vertex 48.2684 34.65 0.49
    endloop
  endfacet
  facet normal 0 0 -1
    outer loop
      vertex 48.3407 33.7891 0.49
      vertex 48.0326 34.5887 0.49
      vertex 48.1585 34.6203 0.49
    endloop
  endfacet
  facet normal 0 0 -1
    outer loop
      vertex 47.8908 34.5555 0.49
      vertex 48.1942 33.7543 0.49
      vertex 48.0251 33.7192 0.49
    endloop
  endfacet
  facet normal 0 0 -1
    outer loop
      vertex 48.1942 33.7543 0.49
      vertex 47.8908 34.5555 0.49
      vertex 48.0326 34.5887 0.49
    endloop
  endfacet
  facet normal 0 0 -1
    outer loop
      vertex 47.7331 34.5205 0.49
      vertex 48.0251 33.7192 0.49
      vertex 47.8725 33.6856 0.49
    endloop
  endfacet
  facet normal 0 0 -1
    outer loop
      vertex 47.5444 34.4793 0.49
      vertex 47.8725 33.6856 0.49
      vertex 47.7362 33.6536 0.49
    endloop
  endfacet
  facet normal 0 0 -1
    outer loop
      vertex 48.0251 33.7192 0.49
      vertex 47.7331 34.5205 0.49
      vertex 47.8908 34.5555 0.49
    endloop
  endfacet
  facet normal 0 0 -1
    outer loop
      vertex 47.5444 34.4793 0.49
      vertex 47.7362 33.6536 0.49
      vertex 47.6163 33.623 0.49
    endloop
  endfacet
  facet normal 0 0 -1
    outer loop
      vertex 47.8725 33.6856 0.49
      vertex 47.5444 34.4793 0.49
      vertex 47.7331 34.5205 0.49
    endloop
  endfacet
  facet normal 0 0 -1
    outer loop
      vertex 47.3718 34.439 0.49
      vertex 47.6163 33.623 0.49
      vertex 47.5128 33.5941 0.49
    endloop
  endfacet
  facet normal 0 0 -1
    outer loop
      vertex 47.2151 34.3996 0.49
      vertex 47.5128 33.5941 0.49
      vertex 47.4258 33.5666 0.49
    endloop
  endfacet
  facet normal 0 0 -1
    outer loop
      vertex 47.6163 33.623 0.49
      vertex 47.3718 34.439 0.49
      vertex 47.5444 34.4793 0.49
    endloop
  endfacet
  facet normal 0 0 -1
    outer loop
      vertex 47.0744 34.3611 0.49
      vertex 47.4258 33.5666 0.49
      vertex 47.3551 33.5406 0.49
    endloop
  endfacet
  facet normal 0 0 -1
    outer loop
      vertex 47.0744 34.3611 0.49
      vertex 47.3551 33.5406 0.49
      vertex 47.2946 33.5145 0.49
    endloop
  endfacet
  facet normal 0 0 -1
    outer loop
      vertex 46.9497 34.3235 0.49
      vertex 47.2946 33.5145 0.49
      vertex 47.2381 33.4867 0.49
    endloop
  endfacet
  facet normal 0 0 -1
    outer loop
      vertex 47.5128 33.5941 0.49
      vertex 47.2151 34.3996 0.49
      vertex 47.3718 34.439 0.49
    endloop
  endfacet
  facet normal 0 0 -1
    outer loop
      vertex 46.8409 34.2868 0.49
      vertex 47.2381 33.4867 0.49
      vertex 47.1857 33.457 0.49
    endloop
  endfacet
  facet normal 0 0 -1
    outer loop
      vertex 46.8409 34.2868 0.49
      vertex 47.1857 33.457 0.49
      vertex 47.1372 33.4255 0.49
    endloop
  endfacet
  facet normal 0 0 -1
    outer loop
      vertex 46.8409 34.2868 0.49
      vertex 47.1372 33.4255 0.49
      vertex 47.0928 33.3922 0.49
    endloop
  endfacet
  facet normal 0 0 -1
    outer loop
      vertex 47.4258 33.5666 0.49
      vertex 47.0744 34.3611 0.49
      vertex 47.2151 34.3996 0.49
    endloop
  endfacet
  facet normal 0 0 -1
    outer loop
      vertex 46.8409 34.2868 0.49
      vertex 47.0928 33.3922 0.49
      vertex 47.0524 33.3571 0.49
    endloop
  endfacet
  facet normal 0 0 -1
    outer loop
      vertex 46.8409 34.2868 0.49
      vertex 47.0524 33.3571 0.49
      vertex 47.016 33.3202 0.49
    endloop
  endfacet
  facet normal 0 0 -1
    outer loop
      vertex 46.8409 34.2868 0.49
      vertex 47.016 33.3202 0.49
      vertex 46.9841 33.281 0.49
    endloop
  endfacet
  facet normal 0 0 -1
    outer loop
      vertex 46.8409 34.2868 0.49
      vertex 46.9841 33.281 0.49
      vertex 46.957 33.2389 0.49
    endloop
  endfacet
  facet normal 0 0 -1
    outer loop
      vertex 47.2946 33.5145 0.49
      vertex 46.9497 34.3235 0.49
      vertex 47.0744 34.3611 0.49
    endloop
  endfacet
  facet normal 0 0 -1
    outer loop
      vertex 46.8409 34.2868 0.49
      vertex 46.957 33.2389 0.49
      vertex 46.9349 33.1938 0.49
    endloop
  endfacet
  facet normal 0 0 -1
    outer loop
      vertex 46.8409 34.2868 0.49
      vertex 46.9349 33.1938 0.49
      vertex 46.9177 33.1459 0.49
    endloop
  endfacet
  facet normal 0 0 -1
    outer loop
      vertex 46.8409 34.2868 0.49
      vertex 46.9177 33.1459 0.49
      vertex 46.9054 33.095 0.49
    endloop
  endfacet
  facet normal 0 0 -1
    outer loop
      vertex 46.8409 34.2868 0.49
      vertex 46.9054 33.095 0.49
      vertex 46.8981 33.0413 0.49
    endloop
  endfacet
  facet normal 0 0 -1
    outer loop
      vertex 46.8409 34.2868 0.49
      vertex 46.8981 33.0413 0.49
      vertex 46.8956 32.9846 0.49
    endloop
  endfacet
  facet normal 0 0 -1
    outer loop
      vertex 47.2381 33.4867 0.49
      vertex 46.8409 34.2868 0.49
      vertex 46.9497 34.3235 0.49
    endloop
  endfacet
  facet normal 0 0 -1
    outer loop
      vertex 48.8839 35.1841 0.49
      vertex 49.8577 35.1068 0.49
      vertex 49.8536 35.0377 0.49
    endloop
  endfacet
  facet normal 0 0 -1
    outer loop
      vertex 48.8839 35.1841 0.49
      vertex 49.859 35.1783 0.49
      vertex 49.8577 35.1068 0.49
    endloop
  endfacet
  facet normal 0 0 -1
    outer loop
      vertex 48.8839 35.1841 0.49
      vertex 49.8536 35.0377 0.49
      vertex 49.8469 34.9709 0.49
    endloop
  endfacet
  facet normal 0 0 -1
    outer loop
      vertex 48.8839 35.1841 0.49
      vertex 49.8469 34.9709 0.49
      vertex 49.8374 34.9065 0.49
    endloop
  endfacet
  facet normal 0 0 -1
    outer loop
      vertex 48.8839 35.1841 0.49
      vertex 49.8374 34.9065 0.49
      vertex 49.8253 34.8445 0.49
    endloop
  endfacet
  facet normal 0 0 -1
    outer loop
      vertex 49.859 35.1783 0.49
      vertex 48.8859 35.236 0.49
      vertex 49.8491 35.3571 0.49
    endloop
  endfacet
  facet normal 0 0 -1
    outer loop
      vertex 48.8839 35.1841 0.49
      vertex 49.8253 34.8445 0.49
      vertex 49.8105 34.7847 0.49
    endloop
  endfacet
  facet normal 0 0 -1
    outer loop
      vertex 48.8839 35.1841 0.49
      vertex 49.8105 34.7847 0.49
      vertex 49.7929 34.7274 0.49
    endloop
  endfacet
  facet normal 0 0 -1
    outer loop
      vertex 48.8839 35.1841 0.49
      vertex 49.7929 34.7274 0.49
      vertex 49.773 34.6722 0.49
    endloop
  endfacet
  facet normal -0 0 -1
    outer loop
      vertex 49.8491 35.3571 0.49
      vertex 48.8859 35.236 0.49
      vertex 49.8193 35.5236 0.49
    endloop
  endfacet
  facet normal 0 0 -1
    outer loop
      vertex 48.8839 35.1841 0.49
      vertex 49.773 34.6722 0.49
      vertex 49.7509 34.6191 0.49
    endloop
  endfacet
  facet normal 0 0 -1
    outer loop
      vertex 48.8839 35.1841 0.49
      vertex 49.7509 34.6191 0.49
      vertex 49.7266 34.5681 0.49
    endloop
  endfacet
  facet normal 0 0 -1
    outer loop
      vertex 48.8839 35.1841 0.49
      vertex 49.7266 34.5681 0.49
      vertex 49.7002 34.5192 0.49
    endloop
  endfacet
  facet normal 0 0 -1
    outer loop
      vertex 48.8674 35.3871 0.49
      vertex 49.8193 35.5236 0.49
      vertex 48.8859 35.236 0.49
    endloop
  endfacet
  facet normal 0 0 -1
    outer loop
      vertex 48.8839 35.1841 0.49
      vertex 49.7002 34.5192 0.49
      vertex 49.6717 34.4724 0.49
    endloop
  endfacet
  facet normal 0 0 -1
    outer loop
      vertex 48.8839 35.1841 0.49
      vertex 49.6717 34.4724 0.49
      vertex 49.641 34.4276 0.49
    endloop
  endfacet
  facet normal -0 0 -1
    outer loop
      vertex 49.8193 35.5236 0.49
      vertex 48.8674 35.3871 0.49
      vertex 49.7697 35.6777 0.49
    endloop
  endfacet
  facet normal 0 0 -1
    outer loop
      vertex 48.8839 35.1841 0.49
      vertex 49.641 34.4276 0.49
      vertex 49.6082 34.3849 0.49
    endloop
  endfacet
  facet normal 0 0 -1
    outer loop
      vertex 48.8839 35.1841 0.49
      vertex 49.6082 34.3849 0.49
      vertex 49.5732 34.3441 0.49
    endloop
  endfacet
  facet normal 0 0 -1
    outer loop
      vertex 48.8839 35.1841 0.49
      vertex 49.5732 34.3441 0.49
      vertex 49.5362 34.3051 0.49
    endloop
  endfacet
  facet normal -0 0 -1
    outer loop
      vertex 49.7697 35.6777 0.49
      vertex 48.8674 35.3871 0.49
      vertex 49.7001 35.8194 0.49
    endloop
  endfacet
  facet normal 0 0 -1
    outer loop
      vertex 48.8839 35.1841 0.49
      vertex 49.5362 34.3051 0.49
      vertex 49.4971 34.2677 0.49
    endloop
  endfacet
  facet normal 0 0 -1
    outer loop
      vertex 48.8839 35.1841 0.49
      vertex 49.4971 34.2677 0.49
      vertex 49.4559 34.2321 0.49
    endloop
  endfacet
  facet normal 0 0 -1
    outer loop
      vertex 48.8839 35.1841 0.49
      vertex 49.4559 34.2321 0.49
      vertex 49.4127 34.1982 0.49
    endloop
  endfacet
  facet normal -0 0 -1
    outer loop
      vertex 49.7001 35.8194 0.49
      vertex 48.8674 35.3871 0.49
      vertex 49.6108 35.9486 0.49
    endloop
  endfacet
  facet normal 0 0 -1
    outer loop
      vertex 48.8839 35.1841 0.49
      vertex 49.4127 34.1982 0.49
      vertex 49.3674 34.1661 0.49
    endloop
  endfacet
  facet normal 0 0 -1
    outer loop
      vertex 48.8839 35.1841 0.49
      vertex 49.3674 34.1661 0.49
      vertex 49.32 34.1357 0.49
    endloop
  endfacet
  facet normal 0 0 -1
    outer loop
      vertex 48.8839 35.1841 0.49
      vertex 49.32 34.1357 0.49
      vertex 49.2707 34.1067 0.49
    endloop
  endfacet
  facet normal 0 0 -1
    outer loop
      vertex 48.8117 35.515 0.49
      vertex 49.6108 35.9486 0.49
      vertex 48.8674 35.3871 0.49
    endloop
  endfacet
  facet normal 0 0 -1
    outer loop
      vertex 48.8839 35.1841 0.49
      vertex 49.2707 34.1067 0.49
      vertex 49.2198 34.0788 0.49
    endloop
  endfacet
  facet normal 0 0 -1
    outer loop
      vertex 48.8839 35.1841 0.49
      vertex 49.2198 34.0788 0.49
      vertex 49.1672 34.052 0.49
    endloop
  endfacet
  facet normal 0 0 -1
    outer loop
      vertex 48.8839 35.1841 0.49
      vertex 49.1672 34.052 0.49
      vertex 49.1129 34.0264 0.49
    endloop
  endfacet
  facet normal -0 0 -1
    outer loop
      vertex 49.6108 35.9486 0.49
      vertex 48.8117 35.515 0.49
      vertex 49.5016 36.0656 0.49
    endloop
  endfacet
  facet normal 0 0 -1
    outer loop
      vertex 48.8839 35.1841 0.49
      vertex 49.1129 34.0264 0.49
      vertex 49.057 34.0018 0.49
    endloop
  endfacet
  facet normal 0 0 -1
    outer loop
      vertex 48.8839 35.1841 0.49
      vertex 49.057 34.0018 0.49
      vertex 48.9995 33.9783 0.49
    endloop
  endfacet
  facet normal 0 0 -1
    outer loop
      vertex 48.6037 34.7794 0.49
      vertex 48.9995 33.9783 0.49
      vertex 48.9402 33.956 0.49
    endloop
  endfacet
  facet normal -0 0 -1
    outer loop
      vertex 49.5016 36.0656 0.49
      vertex 48.8117 35.515 0.49
      vertex 49.3725 36.1701 0.49
    endloop
  endfacet
  facet normal 0 0 -1
    outer loop
      vertex 48.719 35.6196 0.49
      vertex 49.3725 36.1701 0.49
      vertex 48.8117 35.515 0.49
    endloop
  endfacet
  facet normal -0 0 -1
    outer loop
      vertex 49.3725 36.1701 0.49
      vertex 48.719 35.6196 0.49
      vertex 49.2244 36.2614 0.49
    endloop
  endfacet
  facet normal -0 0 -1
    outer loop
      vertex 49.2244 36.2614 0.49
      vertex 48.719 35.6196 0.49
      vertex 49.0583 36.3386 0.49
    endloop
  endfacet
  facet normal 0 0 -1
    outer loop
      vertex 48.5892 35.7009 0.49
      vertex 49.0583 36.3386 0.49
      vertex 48.719 35.6196 0.49
    endloop
  endfacet
  facet normal -0 0 -1
    outer loop
      vertex 49.0583 36.3386 0.49
      vertex 48.5892 35.7009 0.49
      vertex 48.8742 36.4018 0.49
    endloop
  endfacet
  facet normal -0 0 -1
    outer loop
      vertex 48.8742 36.4018 0.49
      vertex 48.5892 35.7009 0.49
      vertex 48.6719 36.451 0.49
    endloop
  endfacet
  facet normal 0 0 -1
    outer loop
      vertex 48.4223 35.7591 0.49
      vertex 48.6719 36.451 0.49
      vertex 48.5892 35.7009 0.49
    endloop
  endfacet
  facet normal -0 0 -1
    outer loop
      vertex 48.6719 36.451 0.49
      vertex 48.4223 35.7591 0.49
      vertex 48.4517 36.4861 0.49
    endloop
  endfacet
  facet normal 0 0 -1
    outer loop
      vertex 48.2183 35.7939 0.49
      vertex 48.4517 36.4861 0.49
      vertex 48.4223 35.7591 0.49
    endloop
  endfacet
  facet normal 0 0 -1
    outer loop
      vertex 48.2183 35.7939 0.49
      vertex 48.2133 36.5072 0.49
      vertex 48.4517 36.4861 0.49
    endloop
  endfacet
  facet normal 0 0 -1
    outer loop
      vertex 47.9772 35.8056 0.49
      vertex 48.2133 36.5072 0.49
      vertex 48.2183 35.7939 0.49
    endloop
  endfacet
  facet normal 0 0 -1
    outer loop
      vertex 47.9772 35.8056 0.49
      vertex 47.9569 36.5142 0.49
      vertex 48.2133 36.5072 0.49
    endloop
  endfacet
  facet normal 0 0 -1
    outer loop
      vertex 47.8592 35.8024 0.49
      vertex 47.9569 36.5142 0.49
      vertex 47.9772 35.8056 0.49
    endloop
  endfacet
  facet normal 0 0 -1
    outer loop
      vertex 47.7121 36.5085 0.49
      vertex 47.8592 35.8024 0.49
      vertex 47.7493 35.7928 0.49
    endloop
  endfacet
  facet normal 0 0 -1
    outer loop
      vertex 47.8592 35.8024 0.49
      vertex 47.7121 36.5085 0.49
      vertex 47.9569 36.5142 0.49
    endloop
  endfacet
  facet normal 0 0 -1
    outer loop
      vertex 47.6475 35.7769 0.49
      vertex 47.7121 36.5085 0.49
      vertex 47.7493 35.7928 0.49
    endloop
  endfacet
  facet normal 0 0 -1
    outer loop
      vertex 47.4854 36.4915 0.49
      vertex 47.6475 35.7769 0.49
      vertex 47.5538 35.7546 0.49
    endloop
  endfacet
  facet normal 0 0 -1
    outer loop
      vertex 47.6475 35.7769 0.49
      vertex 47.4854 36.4915 0.49
      vertex 47.7121 36.5085 0.49
    endloop
  endfacet
  facet normal 0 0 -1
    outer loop
      vertex 47.2767 36.4632 0.49
      vertex 47.5538 35.7546 0.49
      vertex 47.4681 35.726 0.49
    endloop
  endfacet
  facet normal 0 0 -1
    outer loop
      vertex 47.2767 36.4632 0.49
      vertex 47.4681 35.726 0.49
      vertex 47.3906 35.6909 0.49
    endloop
  endfacet
  facet normal 0 0 -1
    outer loop
      vertex 47.0862 36.4234 0.49
      vertex 47.3906 35.6909 0.49
      vertex 47.3212 35.6496 0.49
    endloop
  endfacet
  facet normal 0 0 -1
    outer loop
      vertex 47.5538 35.7546 0.49
      vertex 47.2767 36.4632 0.49
      vertex 47.4854 36.4915 0.49
    endloop
  endfacet
  facet normal 0 0 -1
    outer loop
      vertex 46.9136 36.3724 0.49
      vertex 47.3212 35.6496 0.49
      vertex 47.2589 35.6019 0.49
    endloop
  endfacet
  facet normal 0 0 -1
    outer loop
      vertex 46.7591 36.3099 0.49
      vertex 47.2589 35.6019 0.49
      vertex 47.203 35.548 0.49
    endloop
  endfacet
  facet normal 0 0 -1
    outer loop
      vertex 46.5018 36.1493 0.49
      vertex 47.203 35.548 0.49
      vertex 47.1533 35.4879 0.49
    endloop
  endfacet
  facet normal 0 0 -1
    outer loop
      vertex 46.3938 36.0477 0.49
      vertex 47.1533 35.4879 0.49
      vertex 47.11 35.4215 0.49
    endloop
  endfacet
  facet normal 0 0 -1
    outer loop
      vertex 47.3906 35.6909 0.49
      vertex 47.0862 36.4234 0.49
      vertex 47.2767 36.4632 0.49
    endloop
  endfacet
  facet normal 0 0 -1
    outer loop
      vertex 46.2166 35.8 0.49
      vertex 47.11 35.4215 0.49
      vertex 47.0729 35.3489 0.49
    endloop
  endfacet
  facet normal 0 0 -1
    outer loop
      vertex 46.1475 35.6539 0.49
      vertex 47.0729 35.3489 0.49
      vertex 47.0422 35.2701 0.49
    endloop
  endfacet
  facet normal 0 0 -1
    outer loop
      vertex 46.0912 35.493 0.49
      vertex 47.0422 35.2701 0.49
      vertex 47.0177 35.1851 0.49
    endloop
  endfacet
  facet normal 0 0 -1
    outer loop
      vertex 47.3212 35.6496 0.49
      vertex 46.9136 36.3724 0.49
      vertex 47.0862 36.4234 0.49
    endloop
  endfacet
  facet normal 0 0 -1
    outer loop
      vertex 47.2589 35.6019 0.49
      vertex 46.7591 36.3099 0.49
      vertex 46.9136 36.3724 0.49
    endloop
  endfacet
  facet normal 0 0 -1
    outer loop
      vertex 47.203 35.548 0.49
      vertex 46.6227 36.2362 0.49
      vertex 46.7591 36.3099 0.49
    endloop
  endfacet
  facet normal 0 0 -1
    outer loop
      vertex 47.203 35.548 0.49
      vertex 46.5018 36.1493 0.49
      vertex 46.6227 36.2362 0.49
    endloop
  endfacet
  facet normal 0 0 -1
    outer loop
      vertex 47.1533 35.4879 0.49
      vertex 46.3938 36.0477 0.49
      vertex 46.5018 36.1493 0.49
    endloop
  endfacet
  facet normal 0 0 -1
    outer loop
      vertex 47.11 35.4215 0.49
      vertex 46.2988 35.9312 0.49
      vertex 46.3938 36.0477 0.49
    endloop
  endfacet
  facet normal 0 0 -1
    outer loop
      vertex 47.11 35.4215 0.49
      vertex 46.2166 35.8 0.49
      vertex 46.2988 35.9312 0.49
    endloop
  endfacet
  facet normal 0 0 -1
    outer loop
      vertex 47.0729 35.3489 0.49
      vertex 46.1475 35.6539 0.49
      vertex 46.2166 35.8 0.49
    endloop
  endfacet
  facet normal 0 0 -1
    outer loop
      vertex 47.0422 35.2701 0.49
      vertex 46.0912 35.493 0.49
      vertex 46.1475 35.6539 0.49
    endloop
  endfacet
  facet normal 0 -0 -1
    outer loop
      vertex 46.0912 35.493 0.49
      vertex 47.0177 35.1851 0.49
      vertex 46.048 35.3173 0.49
    endloop
  endfacet
  facet normal 0 0 -1
    outer loop
      vertex 66.1059 31.6656 0.49
      vertex 67.1333 34.4222 0.49
      vertex 67.8216 33.8594 0.49
    endloop
  endfacet
  facet normal 0 0 -1
    outer loop
      vertex 67.1333 34.4222 0.49
      vertex 66.1059 31.6656 0.49
      vertex 64.926 31.6656 0.49
    endloop
  endfacet
  facet normal 0 0 -1
    outer loop
      vertex 67.8216 33.8594 0.49
      vertex 68.4115 34.2764 0.49
      vertex 68.4115 33.4084 0.49
    endloop
  endfacet
  facet normal 0 0 -1
    outer loop
      vertex 67.1333 34.4222 0.49
      vertex 68.4115 34.2764 0.49
      vertex 67.8216 33.8594 0.49
    endloop
  endfacet
  facet normal 0 0 -1
    outer loop
      vertex 67.1333 34.4222 0.49
      vertex 66.2585 36.443 0.49
      vertex 68.4115 34.2764 0.49
    endloop
  endfacet
  facet normal -0 -0 -1
    outer loop
      vertex 66.2585 36.443 0.49
      vertex 67.1333 34.4222 0.49
      vertex 65.0921 36.443 0.49
    endloop
  endfacet
  facet normal 0 0 -1
    outer loop
      vertex 68.4115 33.4084 0.49
      vertex 69.4118 31.6656 0.49
      vertex 68.4115 31.6656 0.49
    endloop
  endfacet
  facet normal 0 0 -1
    outer loop
      vertex 68.4115 34.2764 0.49
      vertex 69.4118 31.6656 0.49
      vertex 68.4115 33.4084 0.49
    endloop
  endfacet
  facet normal 0 0 -1
    outer loop
      vertex 69.4118 31.6656 0.49
      vertex 68.4115 34.2764 0.49
      vertex 69.4118 36.443 0.49
    endloop
  endfacet
  facet normal -0 0 -1
    outer loop
      vertex 69.4118 36.443 0.49
      vertex 68.4115 34.2764 0.49
      vertex 68.4115 36.443 0.49
    endloop
  endfacet
  facet normal 0 0 -1
    outer loop
      vertex 53.6079 32.9651 0.49
      vertex 54.5559 32.7279 0.49
      vertex 54.4905 32.5596 0.49
    endloop
  endfacet
  facet normal 0 0 -1
    outer loop
      vertex 53.5684 32.8694 0.49
      vertex 54.4905 32.5596 0.49
      vertex 54.4098 32.4049 0.49
    endloop
  endfacet
  facet normal 0 0 -1
    outer loop
      vertex 53.5684 32.8694 0.49
      vertex 54.4098 32.4049 0.49
      vertex 54.3139 32.264 0.49
    endloop
  endfacet
  facet normal 0 0 -1
    outer loop
      vertex 53.5213 32.7821 0.49
      vertex 54.3139 32.264 0.49
      vertex 54.2027 32.1367 0.49
    endloop
  endfacet
  facet normal 0 0 -1
    outer loop
      vertex 53.4666 32.7034 0.49
      vertex 54.2027 32.1367 0.49
      vertex 54.0764 32.0232 0.49
    endloop
  endfacet
  facet normal 0 0 -1
    outer loop
      vertex 53.4042 32.6332 0.49
      vertex 54.0764 32.0232 0.49
      vertex 53.9348 31.9233 0.49
    endloop
  endfacet
  facet normal 0 0 -1
    outer loop
      vertex 53.3343 32.5715 0.49
      vertex 53.9348 31.9233 0.49
      vertex 53.7775 31.837 0.49
    endloop
  endfacet
  facet normal 0 0 -1
    outer loop
      vertex 54.3139 32.264 0.49
      vertex 53.5213 32.7821 0.49
      vertex 53.5684 32.8694 0.49
    endloop
  endfacet
  facet normal 0 0 -1
    outer loop
      vertex 54.5559 32.7279 0.49
      vertex 53.6398 33.0693 0.49
      vertex 54.6062 32.91 0.49
    endloop
  endfacet
  facet normal 0 0 -1
    outer loop
      vertex 53.2567 32.5183 0.49
      vertex 53.7775 31.837 0.49
      vertex 53.604 31.7639 0.49
    endloop
  endfacet
  facet normal 0 0 -1
    outer loop
      vertex 54.5559 32.7279 0.49
      vertex 53.6079 32.9651 0.49
      vertex 53.6398 33.0693 0.49
    endloop
  endfacet
  facet normal 0 0 -1
    outer loop
      vertex 54.4905 32.5596 0.49
      vertex 53.5684 32.8694 0.49
      vertex 53.6079 32.9651 0.49
    endloop
  endfacet
  facet normal 0 0 -1
    outer loop
      vertex 54.2027 32.1367 0.49
      vertex 53.4666 32.7034 0.49
      vertex 53.5213 32.7821 0.49
    endloop
  endfacet
  facet normal 0 0 -1
    outer loop
      vertex 53.1708 32.4729 0.49
      vertex 53.604 31.7639 0.49
      vertex 53.4144 31.7041 0.49
    endloop
  endfacet
  facet normal 0 0 -1
    outer loop
      vertex 54.0764 32.0232 0.49
      vertex 53.4042 32.6332 0.49
      vertex 53.4666 32.7034 0.49
    endloop
  endfacet
  facet normal 0 0 -1
    outer loop
      vertex 53.9348 31.9233 0.49
      vertex 53.3343 32.5715 0.49
      vertex 53.4042 32.6332 0.49
    endloop
  endfacet
  facet normal 0 0 -1
    outer loop
      vertex 53.7775 31.837 0.49
      vertex 53.2567 32.5183 0.49
      vertex 53.3343 32.5715 0.49
    endloop
  endfacet
  facet normal 0 0 -1
    outer loop
      vertex 53.0759 32.4345 0.49
      vertex 53.4144 31.7041 0.49
      vertex 53.2085 31.6576 0.49
    endloop
  endfacet
  facet normal 0 0 -1
    outer loop
      vertex 53.604 31.7639 0.49
      vertex 53.1708 32.4729 0.49
      vertex 53.2567 32.5183 0.49
    endloop
  endfacet
  facet normal 0 0 -1
    outer loop
      vertex 53.4144 31.7041 0.49
      vertex 53.0759 32.4345 0.49
      vertex 53.1708 32.4729 0.49
    endloop
  endfacet
  facet normal 0 0 -1
    outer loop
      vertex 52.9721 32.403 0.49
      vertex 53.2085 31.6576 0.49
      vertex 52.9865 31.6244 0.49
    endloop
  endfacet
  facet normal 0 0 -1
    outer loop
      vertex 53.2085 31.6576 0.49
      vertex 52.9721 32.403 0.49
      vertex 53.0759 32.4345 0.49
    endloop
  endfacet
  facet normal 0 0 -1
    outer loop
      vertex 52.9865 31.6244 0.49
      vertex 52.8592 32.3786 0.49
      vertex 52.9721 32.403 0.49
    endloop
  endfacet
  facet normal 0 0 -1
    outer loop
      vertex 52.7374 32.3611 0.49
      vertex 52.9865 31.6244 0.49
      vertex 52.7482 31.6045 0.49
    endloop
  endfacet
  facet normal 0 0 -1
    outer loop
      vertex 52.9865 31.6244 0.49
      vertex 52.7374 32.3611 0.49
      vertex 52.8592 32.3786 0.49
    endloop
  endfacet
  facet normal 0 0 -1
    outer loop
      vertex 52.7482 31.6045 0.49
      vertex 52.6065 32.3506 0.49
      vertex 52.7374 32.3611 0.49
    endloop
  endfacet
  facet normal 0 0 -1
    outer loop
      vertex 52.4938 31.5978 0.49
      vertex 52.6065 32.3506 0.49
      vertex 52.7482 31.6045 0.49
    endloop
  endfacet
  facet normal 0 0 -1
    outer loop
      vertex 52.4938 31.5978 0.49
      vertex 52.4667 32.3471 0.49
      vertex 52.6065 32.3506 0.49
    endloop
  endfacet
  facet normal 0 0 -1
    outer loop
      vertex 52.216 31.6054 0.49
      vertex 52.4667 32.3471 0.49
      vertex 52.4938 31.5978 0.49
    endloop
  endfacet
  facet normal 0 0 -1
    outer loop
      vertex 52.216 31.6054 0.49
      vertex 52.1887 32.3601 0.49
      vertex 52.4667 32.3471 0.49
    endloop
  endfacet
  facet normal 0 0 -1
    outer loop
      vertex 51.9581 31.6281 0.49
      vertex 52.1887 32.3601 0.49
      vertex 52.216 31.6054 0.49
    endloop
  endfacet
  facet normal 0 0 -1
    outer loop
      vertex 51.9581 31.6281 0.49
      vertex 51.9535 32.3992 0.49
      vertex 52.1887 32.3601 0.49
    endloop
  endfacet
  facet normal 0 0 -1
    outer loop
      vertex 51.72 31.666 0.49
      vertex 51.9535 32.3992 0.49
      vertex 51.9581 31.6281 0.49
    endloop
  endfacet
  facet normal -0 0 -1
    outer loop
      vertex 51.9535 32.3992 0.49
      vertex 51.72 31.666 0.49
      vertex 51.7611 32.4642 0.49
    endloop
  endfacet
  facet normal 0 0 -1
    outer loop
      vertex 51.5018 31.7191 0.49
      vertex 51.7611 32.4642 0.49
      vertex 51.72 31.666 0.49
    endloop
  endfacet
  facet normal 0 0 -1
    outer loop
      vertex 51.3035 31.7872 0.49
      vertex 51.7611 32.4642 0.49
      vertex 51.5018 31.7191 0.49
    endloop
  endfacet
  facet normal -0 0 -1
    outer loop
      vertex 51.7611 32.4642 0.49
      vertex 51.3035 31.7872 0.49
      vertex 51.6114 32.5553 0.49
    endloop
  endfacet
  facet normal 0 0 -1
    outer loop
      vertex 51.125 31.8706 0.49
      vertex 51.6114 32.5553 0.49
      vertex 51.3035 31.7872 0.49
    endloop
  endfacet
  facet normal 0 0 -1
    outer loop
      vertex 50.9664 31.9691 0.49
      vertex 51.6114 32.5553 0.49
      vertex 51.125 31.8706 0.49
    endloop
  endfacet
  facet normal -0 0 -1
    outer loop
      vertex 51.6114 32.5553 0.49
      vertex 50.9664 31.9691 0.49
      vertex 51.5045 32.6724 0.49
    endloop
  endfacet
  facet normal 0 0 -1
    outer loop
      vertex 50.8283 32.0819 0.49
      vertex 51.5045 32.6724 0.49
      vertex 50.9664 31.9691 0.49
    endloop
  endfacet
  facet normal 0 0 -1
    outer loop
      vertex 51.419 32.9846 0.49
      vertex 51.2715 34.251 0.49
      vertex 51.3643 34.2868 0.49
    endloop
  endfacet
  facet normal 0 0 -1
    outer loop
      vertex 51.419 32.9846 0.49
      vertex 51.1893 34.2148 0.49
      vertex 51.2715 34.251 0.49
    endloop
  endfacet
  facet normal 0 0 -1
    outer loop
      vertex 50.7114 32.2082 0.49
      vertex 51.5045 32.6724 0.49
      vertex 50.8283 32.0819 0.49
    endloop
  endfacet
  facet normal 0 -0 -1
    outer loop
      vertex 50.4477 33.1261 0.49
      vertex 51.419 32.9846 0.49
      vertex 50.4459 33.0422 0.49
    endloop
  endfacet
  facet normal 0 0 -1
    outer loop
      vertex 51.419 32.9846 0.49
      vertex 51.1121 34.1769 0.49
      vertex 51.1893 34.2148 0.49
    endloop
  endfacet
  facet normal 0 -0 -1
    outer loop
      vertex 50.4533 33.207 0.49
      vertex 51.419 32.9846 0.49
      vertex 50.4477 33.1261 0.49
    endloop
  endfacet
  facet normal 0 0 -1
    outer loop
      vertex 50.6158 32.3481 0.49
      vertex 51.5045 32.6724 0.49
      vertex 50.7114 32.2082 0.49
    endloop
  endfacet
  facet normal 0 -0 -1
    outer loop
      vertex 50.4627 33.2852 0.49
      vertex 51.419 32.9846 0.49
      vertex 50.4533 33.207 0.49
    endloop
  endfacet
  facet normal 0 0 -1
    outer loop
      vertex 51.419 32.9846 0.49
      vertex 51.0399 34.1374 0.49
      vertex 51.1121 34.1769 0.49
    endloop
  endfacet
  facet normal -0 0 -1
    outer loop
      vertex 51.5045 32.6724 0.49
      vertex 50.6158 32.3481 0.49
      vertex 51.4403 32.8155 0.49
    endloop
  endfacet
  facet normal 0 -0 -1
    outer loop
      vertex 50.4758 33.3605 0.49
      vertex 51.419 32.9846 0.49
      vertex 50.4627 33.2852 0.49
    endloop
  endfacet
  facet normal 0 0 -1
    outer loop
      vertex 51.419 32.9846 0.49
      vertex 50.9729 34.0963 0.49
      vertex 51.0399 34.1374 0.49
    endloop
  endfacet
  facet normal 0 0 -1
    outer loop
      vertex 50.5415 32.5014 0.49
      vertex 51.4403 32.8155 0.49
      vertex 50.6158 32.3481 0.49
    endloop
  endfacet
  facet normal 0 0 -1
    outer loop
      vertex 51.419 32.9846 0.49
      vertex 50.9108 34.0534 0.49
      vertex 50.9729 34.0963 0.49
    endloop
  endfacet
  facet normal 0 0 -1
    outer loop
      vertex 51.419 32.9846 0.49
      vertex 50.8538 34.0089 0.49
      vertex 50.9108 34.0534 0.49
    endloop
  endfacet
  facet normal 0 0 -1
    outer loop
      vertex 51.419 32.9846 0.49
      vertex 50.8019 33.9628 0.49
      vertex 50.8538 34.0089 0.49
    endloop
  endfacet
  facet normal 0 0 -1
    outer loop
      vertex 50.4883 32.6682 0.49
      vertex 51.4403 32.8155 0.49
      vertex 50.5415 32.5014 0.49
    endloop
  endfacet
  facet normal 0 0 -1
    outer loop
      vertex 51.419 32.9846 0.49
      vertex 50.7542 33.9145 0.49
      vertex 50.8019 33.9628 0.49
    endloop
  endfacet
  facet normal 0 0 -1
    outer loop
      vertex 51.419 32.9846 0.49
      vertex 50.7097 33.8636 0.49
      vertex 50.7542 33.9145 0.49
    endloop
  endfacet
  facet normal -0 0 -1
    outer loop
      vertex 51.4403 32.8155 0.49
      vertex 50.4883 32.6682 0.49
      vertex 51.419 32.9846 0.49
    endloop
  endfacet
  facet normal 0 0 -1
    outer loop
      vertex 51.419 32.9846 0.49
      vertex 50.4883 32.6682 0.49
      vertex 50.4565 32.8484 0.49
    endloop
  endfacet
  facet normal 0 0 -1
    outer loop
      vertex 51.419 32.9846 0.49
      vertex 50.5374 33.5694 0.49
      vertex 50.5652 33.6335 0.49
    endloop
  endfacet
  facet normal 0 0 -1
    outer loop
      vertex 51.419 32.9846 0.49
      vertex 50.5131 33.5026 0.49
      vertex 50.5374 33.5694 0.49
    endloop
  endfacet
  facet normal -0 0 -1
    outer loop
      vertex 51.419 32.9846 0.49
      vertex 50.4565 32.8484 0.49
      vertex 50.4459 33.0422 0.49
    endloop
  endfacet
  facet normal 0 -0 -1
    outer loop
      vertex 50.5131 33.5026 0.49
      vertex 51.419 32.9846 0.49
      vertex 50.4926 33.433 0.49
    endloop
  endfacet
  facet normal 0 -0 -1
    outer loop
      vertex 50.4926 33.433 0.49
      vertex 51.419 32.9846 0.49
      vertex 50.4758 33.3605 0.49
    endloop
  endfacet
  facet normal 0 0 -1
    outer loop
      vertex 51.419 32.9846 0.49
      vertex 50.6686 33.81 0.49
      vertex 50.7097 33.8636 0.49
    endloop
  endfacet
  facet normal 0 0 -1
    outer loop
      vertex 51.419 32.9846 0.49
      vertex 50.5652 33.6335 0.49
      vertex 50.5964 33.695 0.49
    endloop
  endfacet
  facet normal 0 0 -1
    outer loop
      vertex 51.419 32.9846 0.49
      vertex 50.5964 33.695 0.49
      vertex 50.6308 33.7538 0.49
    endloop
  endfacet
  facet normal 0 0 -1
    outer loop
      vertex 51.419 32.9846 0.49
      vertex 50.6308 33.7538 0.49
      vertex 50.6686 33.81 0.49
    endloop
  endfacet
  facet normal 0 0 -1
    outer loop
      vertex 54.3824 35.1783 0.49
      vertex 53.4073 35.1841 0.49
      vertex 53.4093 35.236 0.49
    endloop
  endfacet
  facet normal 0 0 -1
    outer loop
      vertex 53.5228 33.9783 0.49
      vertex 53.4014 35.1349 0.49
      vertex 53.4073 35.1841 0.49
    endloop
  endfacet
  facet normal 0 0 -1
    outer loop
      vertex 53.0785 34.7535 0.49
      vertex 53.4636 33.956 0.49
      vertex 53.3969 33.9332 0.49
    endloop
  endfacet
  facet normal 0 0 -1
    outer loop
      vertex 53.5228 33.9783 0.49
      vertex 53.3915 35.0886 0.49
      vertex 53.4014 35.1349 0.49
    endloop
  endfacet
  facet normal 0 0 -1
    outer loop
      vertex 53.5228 33.9783 0.49
      vertex 53.3777 35.045 0.49
      vertex 53.3915 35.0886 0.49
    endloop
  endfacet
  facet normal 0 0 -1
    outer loop
      vertex 53.5228 33.9783 0.49
      vertex 53.36 35.0041 0.49
      vertex 53.3777 35.045 0.49
    endloop
  endfacet
  facet normal 0 0 -1
    outer loop
      vertex 53.5228 33.9783 0.49
      vertex 53.3383 34.9661 0.49
      vertex 53.36 35.0041 0.49
    endloop
  endfacet
  facet normal 0 0 -1
    outer loop
      vertex 53.0262 34.729 0.49
      vertex 53.3969 33.9332 0.49
      vertex 53.3168 33.9084 0.49
    endloop
  endfacet
  facet normal 0 0 -1
    outer loop
      vertex 53.5228 33.9783 0.49
      vertex 53.3127 34.9308 0.49
      vertex 53.3383 34.9661 0.49
    endloop
  endfacet
  facet normal 0 0 -1
    outer loop
      vertex 53.5228 33.9783 0.49
      vertex 53.2831 34.8976 0.49
      vertex 53.3127 34.9308 0.49
    endloop
  endfacet
  facet normal 0 0 -1
    outer loop
      vertex 53.5228 33.9783 0.49
      vertex 53.2498 34.8659 0.49
      vertex 53.2831 34.8976 0.49
    endloop
  endfacet
  facet normal 0 0 -1
    outer loop
      vertex 52.9639 34.7044 0.49
      vertex 53.3168 33.9084 0.49
      vertex 53.2236 33.8816 0.49
    endloop
  endfacet
  facet normal 0 0 -1
    outer loop
      vertex 53.5228 33.9783 0.49
      vertex 53.2127 34.8356 0.49
      vertex 53.2498 34.8659 0.49
    endloop
  endfacet
  facet normal 0 0 -1
    outer loop
      vertex 53.5228 33.9783 0.49
      vertex 53.1718 34.8068 0.49
      vertex 53.2127 34.8356 0.49
    endloop
  endfacet
  facet normal 0 0 -1
    outer loop
      vertex 53.5228 33.9783 0.49
      vertex 53.127 34.7794 0.49
      vertex 53.1718 34.8068 0.49
    endloop
  endfacet
  facet normal 0 0 -1
    outer loop
      vertex 52.8858 34.6781 0.49
      vertex 53.2236 33.8816 0.49
      vertex 53.117 33.8528 0.49
    endloop
  endfacet
  facet normal 0 0 -1
    outer loop
      vertex 53.4636 33.956 0.49
      vertex 53.0785 34.7535 0.49
      vertex 53.127 34.7794 0.49
    endloop
  endfacet
  facet normal 0 0 -1
    outer loop
      vertex 53.3969 33.9332 0.49
      vertex 53.0262 34.729 0.49
      vertex 53.0785 34.7535 0.49
    endloop
  endfacet
  facet normal 0 0 -1
    outer loop
      vertex 52.7918 34.65 0.49
      vertex 53.117 33.8528 0.49
      vertex 52.9971 33.8219 0.49
    endloop
  endfacet
  facet normal 0 0 -1
    outer loop
      vertex 53.3168 33.9084 0.49
      vertex 52.9639 34.7044 0.49
      vertex 53.0262 34.729 0.49
    endloop
  endfacet
  facet normal 0 0 -1
    outer loop
      vertex 53.2236 33.8816 0.49
      vertex 52.8858 34.6781 0.49
      vertex 52.9639 34.7044 0.49
    endloop
  endfacet
  facet normal 0 0 -1
    outer loop
      vertex 52.6818 34.6203 0.49
      vertex 52.9971 33.8219 0.49
      vertex 52.864 33.7891 0.49
    endloop
  endfacet
  facet normal 0 0 -1
    outer loop
      vertex 53.117 33.8528 0.49
      vertex 52.7918 34.65 0.49
      vertex 52.8858 34.6781 0.49
    endloop
  endfacet
  facet normal 0 0 -1
    outer loop
      vertex 52.5559 34.5887 0.49
      vertex 52.864 33.7891 0.49
      vertex 52.7176 33.7543 0.49
    endloop
  endfacet
  facet normal 0 0 -1
    outer loop
      vertex 52.9971 33.8219 0.49
      vertex 52.6818 34.6203 0.49
      vertex 52.7918 34.65 0.49
    endloop
  endfacet
  facet normal 0 0 -1
    outer loop
      vertex 52.864 33.7891 0.49
      vertex 52.5559 34.5887 0.49
      vertex 52.6818 34.6203 0.49
    endloop
  endfacet
  facet normal 0 0 -1
    outer loop
      vertex 52.4142 34.5555 0.49
      vertex 52.7176 33.7543 0.49
      vertex 52.5485 33.7192 0.49
    endloop
  endfacet
  facet normal 0 0 -1
    outer loop
      vertex 52.7176 33.7543 0.49
      vertex 52.4142 34.5555 0.49
      vertex 52.5559 34.5887 0.49
    endloop
  endfacet
  facet normal 0 0 -1
    outer loop
      vertex 52.2565 34.5205 0.49
      vertex 52.5485 33.7192 0.49
      vertex 52.3958 33.6856 0.49
    endloop
  endfacet
  facet normal 0 0 -1
    outer loop
      vertex 52.0678 34.4793 0.49
      vertex 52.3958 33.6856 0.49
      vertex 52.2595 33.6536 0.49
    endloop
  endfacet
  facet normal 0 0 -1
    outer loop
      vertex 52.5485 33.7192 0.49
      vertex 52.2565 34.5205 0.49
      vertex 52.4142 34.5555 0.49
    endloop
  endfacet
  facet normal 0 0 -1
    outer loop
      vertex 52.0678 34.4793 0.49
      vertex 52.2595 33.6536 0.49
      vertex 52.1397 33.623 0.49
    endloop
  endfacet
  facet normal 0 0 -1
    outer loop
      vertex 52.3958 33.6856 0.49
      vertex 52.0678 34.4793 0.49
      vertex 52.2565 34.5205 0.49
    endloop
  endfacet
  facet normal 0 0 -1
    outer loop
      vertex 51.8951 34.439 0.49
      vertex 52.1397 33.623 0.49
      vertex 52.0362 33.5941 0.49
    endloop
  endfacet
  facet normal 0 0 -1
    outer loop
      vertex 51.7384 34.3996 0.49
      vertex 52.0362 33.5941 0.49
      vertex 51.9491 33.5666 0.49
    endloop
  endfacet
  facet normal 0 0 -1
    outer loop
      vertex 52.1397 33.623 0.49
      vertex 51.8951 34.439 0.49
      vertex 52.0678 34.4793 0.49
    endloop
  endfacet
  facet normal 0 0 -1
    outer loop
      vertex 51.5977 34.3611 0.49
      vertex 51.9491 33.5666 0.49
      vertex 51.8784 33.5406 0.49
    endloop
  endfacet
  facet normal 0 0 -1
    outer loop
      vertex 51.5977 34.3611 0.49
      vertex 51.8784 33.5406 0.49
      vertex 51.8179 33.5145 0.49
    endloop
  endfacet
  facet normal 0 0 -1
    outer loop
      vertex 51.473 34.3235 0.49
      vertex 51.8179 33.5145 0.49
      vertex 51.7615 33.4867 0.49
    endloop
  endfacet
  facet normal 0 0 -1
    outer loop
      vertex 52.0362 33.5941 0.49
      vertex 51.7384 34.3996 0.49
      vertex 51.8951 34.439 0.49
    endloop
  endfacet
  facet normal 0 0 -1
    outer loop
      vertex 51.3643 34.2868 0.49
      vertex 51.7615 33.4867 0.49
      vertex 51.709 33.457 0.49
    endloop
  endfacet
  facet normal 0 0 -1
    outer loop
      vertex 51.3643 34.2868 0.49
      vertex 51.709 33.457 0.49
      vertex 51.6606 33.4255 0.49
    endloop
  endfacet
  facet normal 0 0 -1
    outer loop
      vertex 51.3643 34.2868 0.49
      vertex 51.6606 33.4255 0.49
      vertex 51.6162 33.3922 0.49
    endloop
  endfacet
  facet normal 0 0 -1
    outer loop
      vertex 51.9491 33.5666 0.49
      vertex 51.5977 34.3611 0.49
      vertex 51.7384 34.3996 0.49
    endloop
  endfacet
  facet normal 0 0 -1
    outer loop
      vertex 51.3643 34.2868 0.49
      vertex 51.6162 33.3922 0.49
      vertex 51.5757 33.3571 0.49
    endloop
  endfacet
  facet normal 0 0 -1
    outer loop
      vertex 51.3643 34.2868 0.49
      vertex 51.5757 33.3571 0.49
      vertex 51.5394 33.3202 0.49
    endloop
  endfacet
  facet normal 0 0 -1
    outer loop
      vertex 51.3643 34.2868 0.49
      vertex 51.5394 33.3202 0.49
      vertex 51.5074 33.281 0.49
    endloop
  endfacet
  facet normal 0 0 -1
    outer loop
      vertex 51.3643 34.2868 0.49
      vertex 51.5074 33.281 0.49
      vertex 51.4804 33.2389 0.49
    endloop
  endfacet
  facet normal 0 0 -1
    outer loop
      vertex 51.8179 33.5145 0.49
      vertex 51.473 34.3235 0.49
      vertex 51.5977 34.3611 0.49
    endloop
  endfacet
  facet normal 0 0 -1
    outer loop
      vertex 51.3643 34.2868 0.49
      vertex 51.4804 33.2389 0.49
      vertex 51.4583 33.1938 0.49
    endloop
  endfacet
  facet normal 0 0 -1
    outer loop
      vertex 51.3643 34.2868 0.49
      vertex 51.4583 33.1938 0.49
      vertex 51.4411 33.1459 0.49
    endloop
  endfacet
  facet normal 0 0 -1
    outer loop
      vertex 51.3643 34.2868 0.49
      vertex 51.4411 33.1459 0.49
      vertex 51.4288 33.095 0.49
    endloop
  endfacet
  facet normal 0 0 -1
    outer loop
      vertex 51.3643 34.2868 0.49
      vertex 51.4288 33.095 0.49
      vertex 51.4214 33.0413 0.49
    endloop
  endfacet
  facet normal 0 0 -1
    outer loop
      vertex 51.3643 34.2868 0.49
      vertex 51.4214 33.0413 0.49
      vertex 51.419 32.9846 0.49
    endloop
  endfacet
  facet normal 0 0 -1
    outer loop
      vertex 51.7615 33.4867 0.49
      vertex 51.3643 34.2868 0.49
      vertex 51.473 34.3235 0.49
    endloop
  endfacet
  facet normal 0 0 -1
    outer loop
      vertex 53.4073 35.1841 0.49
      vertex 54.381 35.1068 0.49
      vertex 54.377 35.0377 0.49
    endloop
  endfacet
  facet normal 0 0 -1
    outer loop
      vertex 53.4073 35.1841 0.49
      vertex 54.3824 35.1783 0.49
      vertex 54.381 35.1068 0.49
    endloop
  endfacet
  facet normal 0 0 -1
    outer loop
      vertex 53.4073 35.1841 0.49
      vertex 54.377 35.0377 0.49
      vertex 54.3702 34.9709 0.49
    endloop
  endfacet
  facet normal 0 0 -1
    outer loop
      vertex 53.4073 35.1841 0.49
      vertex 54.3702 34.9709 0.49
      vertex 54.3608 34.9065 0.49
    endloop
  endfacet
  facet normal 0 0 -1
    outer loop
      vertex 53.4073 35.1841 0.49
      vertex 54.3608 34.9065 0.49
      vertex 54.3486 34.8445 0.49
    endloop
  endfacet
  facet normal 0 0 -1
    outer loop
      vertex 54.3824 35.1783 0.49
      vertex 53.4093 35.236 0.49
      vertex 54.3724 35.3571 0.49
    endloop
  endfacet
  facet normal 0 0 -1
    outer loop
      vertex 53.4073 35.1841 0.49
      vertex 54.3486 34.8445 0.49
      vertex 54.3338 34.7847 0.49
    endloop
  endfacet
  facet normal 0 0 -1
    outer loop
      vertex 53.4073 35.1841 0.49
      vertex 54.3338 34.7847 0.49
      vertex 54.3163 34.7274 0.49
    endloop
  endfacet
  facet normal 0 0 -1
    outer loop
      vertex 53.4073 35.1841 0.49
      vertex 54.3163 34.7274 0.49
      vertex 54.2963 34.6722 0.49
    endloop
  endfacet
  facet normal -0 0 -1
    outer loop
      vertex 54.3724 35.3571 0.49
      vertex 53.4093 35.236 0.49
      vertex 54.3426 35.5236 0.49
    endloop
  endfacet
  facet normal 0 0 -1
    outer loop
      vertex 53.4073 35.1841 0.49
      vertex 54.2963 34.6722 0.49
      vertex 54.2742 34.6191 0.49
    endloop
  endfacet
  facet normal 0 0 -1
    outer loop
      vertex 53.4073 35.1841 0.49
      vertex 54.2742 34.6191 0.49
      vertex 54.25 34.5681 0.49
    endloop
  endfacet
  facet normal 0 0 -1
    outer loop
      vertex 53.4073 35.1841 0.49
      vertex 54.25 34.5681 0.49
      vertex 54.2236 34.5192 0.49
    endloop
  endfacet
  facet normal 0 0 -1
    outer loop
      vertex 53.3907 35.3871 0.49
      vertex 54.3426 35.5236 0.49
      vertex 53.4093 35.236 0.49
    endloop
  endfacet
  facet normal 0 0 -1
    outer loop
      vertex 53.4073 35.1841 0.49
      vertex 54.2236 34.5192 0.49
      vertex 54.195 34.4724 0.49
    endloop
  endfacet
  facet normal 0 0 -1
    outer loop
      vertex 53.4073 35.1841 0.49
      vertex 54.195 34.4724 0.49
      vertex 54.1643 34.4276 0.49
    endloop
  endfacet
  facet normal -0 0 -1
    outer loop
      vertex 54.3426 35.5236 0.49
      vertex 53.3907 35.3871 0.49
      vertex 54.293 35.6777 0.49
    endloop
  endfacet
  facet normal 0 0 -1
    outer loop
      vertex 53.4073 35.1841 0.49
      vertex 54.1643 34.4276 0.49
      vertex 54.1315 34.3849 0.49
    endloop
  endfacet
  facet normal 0 0 -1
    outer loop
      vertex 53.4073 35.1841 0.49
      vertex 54.1315 34.3849 0.49
      vertex 54.0966 34.3441 0.49
    endloop
  endfacet
  facet normal 0 0 -1
    outer loop
      vertex 53.4073 35.1841 0.49
      vertex 54.0966 34.3441 0.49
      vertex 54.0595 34.3051 0.49
    endloop
  endfacet
  facet normal -0 0 -1
    outer loop
      vertex 54.293 35.6777 0.49
      vertex 53.3907 35.3871 0.49
      vertex 54.2235 35.8194 0.49
    endloop
  endfacet
  facet normal 0 0 -1
    outer loop
      vertex 53.4073 35.1841 0.49
      vertex 54.0595 34.3051 0.49
      vertex 54.0204 34.2677 0.49
    endloop
  endfacet
  facet normal 0 0 -1
    outer loop
      vertex 53.4073 35.1841 0.49
      vertex 54.0204 34.2677 0.49
      vertex 53.9793 34.2321 0.49
    endloop
  endfacet
  facet normal 0 0 -1
    outer loop
      vertex 53.4073 35.1841 0.49
      vertex 53.9793 34.2321 0.49
      vertex 53.936 34.1982 0.49
    endloop
  endfacet
  facet normal -0 0 -1
    outer loop
      vertex 54.2235 35.8194 0.49
      vertex 53.3907 35.3871 0.49
      vertex 54.1341 35.9486 0.49
    endloop
  endfacet
  facet normal 0 0 -1
    outer loop
      vertex 53.4073 35.1841 0.49
      vertex 53.936 34.1982 0.49
      vertex 53.8907 34.1661 0.49
    endloop
  endfacet
  facet normal 0 0 -1
    outer loop
      vertex 53.4073 35.1841 0.49
      vertex 53.8907 34.1661 0.49
      vertex 53.8433 34.1357 0.49
    endloop
  endfacet
  facet normal 0 0 -1
    outer loop
      vertex 53.4073 35.1841 0.49
      vertex 53.8433 34.1357 0.49
      vertex 53.794 34.1067 0.49
    endloop
  endfacet
  facet normal 0 0 -1
    outer loop
      vertex 53.3351 35.515 0.49
      vertex 54.1341 35.9486 0.49
      vertex 53.3907 35.3871 0.49
    endloop
  endfacet
  facet normal 0 0 -1
    outer loop
      vertex 53.4073 35.1841 0.49
      vertex 53.794 34.1067 0.49
      vertex 53.7431 34.0788 0.49
    endloop
  endfacet
  facet normal 0 0 -1
    outer loop
      vertex 53.4073 35.1841 0.49
      vertex 53.7431 34.0788 0.49
      vertex 53.6905 34.052 0.49
    endloop
  endfacet
  facet normal 0 0 -1
    outer loop
      vertex 53.4073 35.1841 0.49
      vertex 53.6905 34.052 0.49
      vertex 53.6363 34.0264 0.49
    endloop
  endfacet
  facet normal -0 0 -1
    outer loop
      vertex 54.1341 35.9486 0.49
      vertex 53.3351 35.515 0.49
      vertex 54.0249 36.0656 0.49
    endloop
  endfacet
  facet normal 0 0 -1
    outer loop
      vertex 53.4073 35.1841 0.49
      vertex 53.6363 34.0264 0.49
      vertex 53.5804 34.0018 0.49
    endloop
  endfacet
  facet normal 0 0 -1
    outer loop
      vertex 53.4073 35.1841 0.49
      vertex 53.5804 34.0018 0.49
      vertex 53.5228 33.9783 0.49
    endloop
  endfacet
  facet normal 0 0 -1
    outer loop
      vertex 53.127 34.7794 0.49
      vertex 53.5228 33.9783 0.49
      vertex 53.4636 33.956 0.49
    endloop
  endfacet
  facet normal -0 0 -1
    outer loop
      vertex 54.0249 36.0656 0.49
      vertex 53.3351 35.515 0.49
      vertex 53.8958 36.1701 0.49
    endloop
  endfacet
  facet normal 0 0 -1
    outer loop
      vertex 53.2424 35.6196 0.49
      vertex 53.8958 36.1701 0.49
      vertex 53.3351 35.515 0.49
    endloop
  endfacet
  facet normal -0 0 -1
    outer loop
      vertex 53.8958 36.1701 0.49
      vertex 53.2424 35.6196 0.49
      vertex 53.7478 36.2614 0.49
    endloop
  endfacet
  facet normal -0 0 -1
    outer loop
      vertex 53.7478 36.2614 0.49
      vertex 53.2424 35.6196 0.49
      vertex 53.5817 36.3386 0.49
    endloop
  endfacet
  facet normal 0 0 -1
    outer loop
      vertex 53.1125 35.7009 0.49
      vertex 53.5817 36.3386 0.49
      vertex 53.2424 35.6196 0.49
    endloop
  endfacet
  facet normal -0 0 -1
    outer loop
      vertex 53.5817 36.3386 0.49
      vertex 53.1125 35.7009 0.49
      vertex 53.3975 36.4018 0.49
    endloop
  endfacet
  facet normal -0 0 -1
    outer loop
      vertex 53.3975 36.4018 0.49
      vertex 53.1125 35.7009 0.49
      vertex 53.1953 36.451 0.49
    endloop
  endfacet
  facet normal 0 0 -1
    outer loop
      vertex 52.9456 35.7591 0.49
      vertex 53.1953 36.451 0.49
      vertex 53.1125 35.7009 0.49
    endloop
  endfacet
  facet normal -0 0 -1
    outer loop
      vertex 53.1953 36.451 0.49
      vertex 52.9456 35.7591 0.49
      vertex 52.975 36.4861 0.49
    endloop
  endfacet
  facet normal 0 0 -1
    outer loop
      vertex 52.7416 35.7939 0.49
      vertex 52.975 36.4861 0.49
      vertex 52.9456 35.7591 0.49
    endloop
  endfacet
  facet normal 0 0 -1
    outer loop
      vertex 52.7416 35.7939 0.49
      vertex 52.7367 36.5072 0.49
      vertex 52.975 36.4861 0.49
    endloop
  endfacet
  facet normal 0 0 -1
    outer loop
      vertex 52.5006 35.8056 0.49
      vertex 52.7367 36.5072 0.49
      vertex 52.7416 35.7939 0.49
    endloop
  endfacet
  facet normal 0 0 -1
    outer loop
      vertex 52.5006 35.8056 0.49
      vertex 52.4803 36.5142 0.49
      vertex 52.7367 36.5072 0.49
    endloop
  endfacet
  facet normal 0 0 -1
    outer loop
      vertex 52.3826 35.8024 0.49
      vertex 52.4803 36.5142 0.49
      vertex 52.5006 35.8056 0.49
    endloop
  endfacet
  facet normal 0 0 -1
    outer loop
      vertex 52.2355 36.5085 0.49
      vertex 52.3826 35.8024 0.49
      vertex 52.2726 35.7928 0.49
    endloop
  endfacet
  facet normal 0 0 -1
    outer loop
      vertex 52.3826 35.8024 0.49
      vertex 52.2355 36.5085 0.49
      vertex 52.4803 36.5142 0.49
    endloop
  endfacet
  facet normal 0 0 -1
    outer loop
      vertex 52.1708 35.7769 0.49
      vertex 52.2355 36.5085 0.49
      vertex 52.2726 35.7928 0.49
    endloop
  endfacet
  facet normal 0 0 -1
    outer loop
      vertex 52.0088 36.4915 0.49
      vertex 52.1708 35.7769 0.49
      vertex 52.0771 35.7546 0.49
    endloop
  endfacet
  facet normal 0 0 -1
    outer loop
      vertex 52.1708 35.7769 0.49
      vertex 52.0088 36.4915 0.49
      vertex 52.2355 36.5085 0.49
    endloop
  endfacet
  facet normal 0 0 -1
    outer loop
      vertex 51.8001 36.4632 0.49
      vertex 52.0771 35.7546 0.49
      vertex 51.9915 35.726 0.49
    endloop
  endfacet
  facet normal 0 0 -1
    outer loop
      vertex 51.8001 36.4632 0.49
      vertex 51.9915 35.726 0.49
      vertex 51.9139 35.6909 0.49
    endloop
  endfacet
  facet normal 0 0 -1
    outer loop
      vertex 51.6095 36.4234 0.49
      vertex 51.9139 35.6909 0.49
      vertex 51.8445 35.6496 0.49
    endloop
  endfacet
  facet normal 0 0 -1
    outer loop
      vertex 52.0771 35.7546 0.49
      vertex 51.8001 36.4632 0.49
      vertex 52.0088 36.4915 0.49
    endloop
  endfacet
  facet normal 0 0 -1
    outer loop
      vertex 51.437 36.3724 0.49
      vertex 51.8445 35.6496 0.49
      vertex 51.7823 35.6019 0.49
    endloop
  endfacet
  facet normal 0 0 -1
    outer loop
      vertex 51.2825 36.3099 0.49
      vertex 51.7823 35.6019 0.49
      vertex 51.7263 35.548 0.49
    endloop
  endfacet
  facet normal 0 0 -1
    outer loop
      vertex 51.0251 36.1493 0.49
      vertex 51.7263 35.548 0.49
      vertex 51.6767 35.4879 0.49
    endloop
  endfacet
  facet normal 0 0 -1
    outer loop
      vertex 50.9171 36.0477 0.49
      vertex 51.6767 35.4879 0.49
      vertex 51.6333 35.4215 0.49
    endloop
  endfacet
  facet normal 0 0 -1
    outer loop
      vertex 51.9139 35.6909 0.49
      vertex 51.6095 36.4234 0.49
      vertex 51.8001 36.4632 0.49
    endloop
  endfacet
  facet normal 0 0 -1
    outer loop
      vertex 50.74 35.8 0.49
      vertex 51.6333 35.4215 0.49
      vertex 51.5963 35.3489 0.49
    endloop
  endfacet
  facet normal 0 0 -1
    outer loop
      vertex 50.6708 35.6539 0.49
      vertex 51.5963 35.3489 0.49
      vertex 51.5655 35.2701 0.49
    endloop
  endfacet
  facet normal 0 0 -1
    outer loop
      vertex 50.6146 35.493 0.49
      vertex 51.5655 35.2701 0.49
      vertex 51.5411 35.1851 0.49
    endloop
  endfacet
  facet normal 0 0 -1
    outer loop
      vertex 51.8445 35.6496 0.49
      vertex 51.437 36.3724 0.49
      vertex 51.6095 36.4234 0.49
    endloop
  endfacet
  facet normal 0 0 -1
    outer loop
      vertex 51.7823 35.6019 0.49
      vertex 51.2825 36.3099 0.49
      vertex 51.437 36.3724 0.49
    endloop
  endfacet
  facet normal 0 0 -1
    outer loop
      vertex 51.7263 35.548 0.49
      vertex 51.1461 36.2362 0.49
      vertex 51.2825 36.3099 0.49
    endloop
  endfacet
  facet normal 0 0 -1
    outer loop
      vertex 51.7263 35.548 0.49
      vertex 51.0251 36.1493 0.49
      vertex 51.1461 36.2362 0.49
    endloop
  endfacet
  facet normal 0 0 -1
    outer loop
      vertex 51.6767 35.4879 0.49
      vertex 50.9171 36.0477 0.49
      vertex 51.0251 36.1493 0.49
    endloop
  endfacet
  facet normal 0 0 -1
    outer loop
      vertex 51.6333 35.4215 0.49
      vertex 50.8221 35.9312 0.49
      vertex 50.9171 36.0477 0.49
    endloop
  endfacet
  facet normal 0 0 -1
    outer loop
      vertex 51.6333 35.4215 0.49
      vertex 50.74 35.8 0.49
      vertex 50.8221 35.9312 0.49
    endloop
  endfacet
  facet normal 0 0 -1
    outer loop
      vertex 51.5963 35.3489 0.49
      vertex 50.6708 35.6539 0.49
      vertex 50.74 35.8 0.49
    endloop
  endfacet
  facet normal 0 0 -1
    outer loop
      vertex 51.5655 35.2701 0.49
      vertex 50.6146 35.493 0.49
      vertex 50.6708 35.6539 0.49
    endloop
  endfacet
  facet normal 0 -0 -1
    outer loop
      vertex 50.6146 35.493 0.49
      vertex 51.5411 35.1851 0.49
      vertex 50.5713 35.3173 0.49
    endloop
  endfacet
  facet normal 0 0 -1
    outer loop
      vertex 34.6649 33.8524 0.49
      vertex 35.6797 34.0764 0.49
      vertex 35.6669 33.7484 0.49
    endloop
  endfacet
  facet normal 0 0 -1
    outer loop
      vertex 34.6418 33.6434 0.49
      vertex 35.6669 33.7484 0.49
      vertex 35.6285 33.4424 0.49
    endloop
  endfacet
  facet normal -0 0 -1
    outer loop
      vertex 35.6797 34.0764 0.49
      vertex 34.6649 33.8524 0.49
      vertex 34.6727 34.0764 0.49
    endloop
  endfacet
  facet normal 0 0 -1
    outer loop
      vertex 34.6032 33.4494 0.49
      vertex 35.6285 33.4424 0.49
      vertex 35.5645 33.1585 0.49
    endloop
  endfacet
  facet normal 0 0 -1
    outer loop
      vertex 35.6797 34.0764 0.49
      vertex 34.6652 34.2965 0.49
      vertex 35.6668 34.4022 0.49
    endloop
  endfacet
  facet normal 0 0 -1
    outer loop
      vertex 34.5492 33.2704 0.49
      vertex 35.5645 33.1585 0.49
      vertex 35.4749 32.8967 0.49
    endloop
  endfacet
  facet normal 0 0 -1
    outer loop
      vertex 34.6428 34.5015 0.49
      vertex 35.6668 34.4022 0.49
      vertex 34.6652 34.2965 0.49
    endloop
  endfacet
  facet normal 0 0 -1
    outer loop
      vertex 34.5492 33.2704 0.49
      vertex 35.4749 32.8967 0.49
      vertex 35.3597 32.657 0.49
    endloop
  endfacet
  facet normal 0 0 -1
    outer loop
      vertex 35.6668 34.4022 0.49
      vertex 34.6428 34.5015 0.49
      vertex 35.6282 34.7056 0.49
    endloop
  endfacet
  facet normal 0 0 -1
    outer loop
      vertex 34.4798 33.1064 0.49
      vertex 35.3597 32.657 0.49
      vertex 35.2189 32.4393 0.49
    endloop
  endfacet
  facet normal 0 0 -1
    outer loop
      vertex 34.6054 34.6915 0.49
      vertex 35.6282 34.7056 0.49
      vertex 34.6428 34.5015 0.49
    endloop
  endfacet
  facet normal 0 0 -1
    outer loop
      vertex 34.3949 32.9575 0.49
      vertex 35.2189 32.4393 0.49
      vertex 35.0525 32.2437 0.49
    endloop
  endfacet
  facet normal -0 0 -1
    outer loop
      vertex 35.6282 34.7056 0.49
      vertex 34.6054 34.6915 0.49
      vertex 35.5639 34.9865 0.49
    endloop
  endfacet
  facet normal 0 0 -1
    outer loop
      vertex 34.2946 32.8235 0.49
      vertex 35.0525 32.2437 0.49
      vertex 34.8622 32.0724 0.49
    endloop
  endfacet
  facet normal 0 0 -1
    outer loop
      vertex 34.6652 34.2965 0.49
      vertex 35.6797 34.0764 0.49
      vertex 34.6727 34.0764 0.49
    endloop
  endfacet
  facet normal -0 0 -1
    outer loop
      vertex 35.5639 34.9865 0.49
      vertex 34.5531 34.8663 0.49
      vertex 35.4738 35.2449 0.49
    endloop
  endfacet
  facet normal 0 0 -1
    outer loop
      vertex 34.5531 34.8663 0.49
      vertex 35.5639 34.9865 0.49
      vertex 34.6054 34.6915 0.49
    endloop
  endfacet
  facet normal 0 0 -1
    outer loop
      vertex 34.1803 32.7061 0.49
      vertex 34.8622 32.0724 0.49
      vertex 34.65 31.9274 0.49
    endloop
  endfacet
  facet normal -0 0 -1
    outer loop
      vertex 35.6669 33.7484 0.49
      vertex 34.6418 33.6434 0.49
      vertex 34.6649 33.8524 0.49
    endloop
  endfacet
  facet normal 0 0 -1
    outer loop
      vertex 35.6285 33.4424 0.49
      vertex 34.6032 33.4494 0.49
      vertex 34.6418 33.6434 0.49
    endloop
  endfacet
  facet normal 0 0 -1
    outer loop
      vertex 35.5645 33.1585 0.49
      vertex 34.5492 33.2704 0.49
      vertex 34.6032 33.4494 0.49
    endloop
  endfacet
  facet normal 0 0 -1
    outer loop
      vertex 35.3597 32.657 0.49
      vertex 34.4798 33.1064 0.49
      vertex 34.5492 33.2704 0.49
    endloop
  endfacet
  facet normal 0 0 -1
    outer loop
      vertex 34.0535 32.6068 0.49
      vertex 34.65 31.9274 0.49
      vertex 34.4158 31.8087 0.49
    endloop
  endfacet
  facet normal 0 0 -1
    outer loop
      vertex 35.2189 32.4393 0.49
      vertex 34.3949 32.9575 0.49
      vertex 34.4798 33.1064 0.49
    endloop
  endfacet
  facet normal 0 0 -1
    outer loop
      vertex 35.0525 32.2437 0.49
      vertex 34.2946 32.8235 0.49
      vertex 34.3949 32.9575 0.49
    endloop
  endfacet
  facet normal 0 0 -1
    outer loop
      vertex 34.8622 32.0724 0.49
      vertex 34.1803 32.7061 0.49
      vertex 34.2946 32.8235 0.49
    endloop
  endfacet
  facet normal 0 0 -1
    outer loop
      vertex 33.9142 32.5255 0.49
      vertex 34.4158 31.8087 0.49
      vertex 34.1595 31.7165 0.49
    endloop
  endfacet
  facet normal 0 0 -1
    outer loop
      vertex 34.65 31.9274 0.49
      vertex 34.0535 32.6068 0.49
      vertex 34.1803 32.7061 0.49
    endloop
  endfacet
  facet normal 0 0 -1
    outer loop
      vertex 34.4158 31.8087 0.49
      vertex 33.9142 32.5255 0.49
      vertex 34.0535 32.6068 0.49
    endloop
  endfacet
  facet normal 0 0 -1
    outer loop
      vertex 33.7624 32.4623 0.49
      vertex 34.1595 31.7165 0.49
      vertex 33.8813 31.6506 0.49
    endloop
  endfacet
  facet normal 0 0 -1
    outer loop
      vertex 34.1595 31.7165 0.49
      vertex 33.7624 32.4623 0.49
      vertex 33.9142 32.5255 0.49
    endloop
  endfacet
  facet normal 0 0 -1
    outer loop
      vertex 33.8813 31.6506 0.49
      vertex 33.598 32.4172 0.49
      vertex 33.7624 32.4623 0.49
    endloop
  endfacet
  facet normal 0 0 -1
    outer loop
      vertex 33.5811 31.611 0.49
      vertex 33.598 32.4172 0.49
      vertex 33.8813 31.6506 0.49
    endloop
  endfacet
  facet normal 0 0 -1
    outer loop
      vertex 33.5811 31.611 0.49
      vertex 33.4211 32.3901 0.49
      vertex 33.598 32.4172 0.49
    endloop
  endfacet
  facet normal 0 0 -1
    outer loop
      vertex 33.2588 31.5978 0.49
      vertex 33.4211 32.3901 0.49
      vertex 33.5811 31.611 0.49
    endloop
  endfacet
  facet normal 0 0 -1
    outer loop
      vertex 33.2588 31.5978 0.49
      vertex 33.2317 32.381 0.49
      vertex 33.4211 32.3901 0.49
    endloop
  endfacet
  facet normal 0 0 -1
    outer loop
      vertex 33.0692 31.6023 0.49
      vertex 33.2317 32.381 0.49
      vertex 33.2588 31.5978 0.49
    endloop
  endfacet
  facet normal -0 0 -1
    outer loop
      vertex 33.2317 32.381 0.49
      vertex 33.0692 31.6023 0.49
      vertex 33.1207 32.3833 0.49
    endloop
  endfacet
  facet normal 0 0 -1
    outer loop
      vertex 33.0692 31.6023 0.49
      vertex 33.0108 32.3903 0.49
      vertex 33.1207 32.3833 0.49
    endloop
  endfacet
  facet normal 0 0 -1
    outer loop
      vertex 32.882 31.6158 0.49
      vertex 33.0108 32.3903 0.49
      vertex 33.0692 31.6023 0.49
    endloop
  endfacet
  facet normal -0 0 -1
    outer loop
      vertex 33.0108 32.3903 0.49
      vertex 32.882 31.6158 0.49
      vertex 32.9018 32.4019 0.49
    endloop
  endfacet
  facet normal 0 0 -1
    outer loop
      vertex 32.6972 31.6383 0.49
      vertex 32.9018 32.4019 0.49
      vertex 32.882 31.6158 0.49
    endloop
  endfacet
  facet normal -0 0 -1
    outer loop
      vertex 32.9018 32.4019 0.49
      vertex 32.6972 31.6383 0.49
      vertex 32.7938 32.4181 0.49
    endloop
  endfacet
  facet normal 0 0 -1
    outer loop
      vertex 32.5148 31.6698 0.49
      vertex 32.7938 32.4181 0.49
      vertex 32.6972 31.6383 0.49
    endloop
  endfacet
  facet normal -0 0 -1
    outer loop
      vertex 32.7938 32.4181 0.49
      vertex 32.5148 31.6698 0.49
      vertex 32.6868 32.439 0.49
    endloop
  endfacet
  facet normal -0 0 -1
    outer loop
      vertex 32.6868 32.439 0.49
      vertex 32.5148 31.6698 0.49
      vertex 32.5807 32.4645 0.49
    endloop
  endfacet
  facet normal 0 0 -1
    outer loop
      vertex 32.3349 31.7103 0.49
      vertex 32.5807 32.4645 0.49
      vertex 32.5148 31.6698 0.49
    endloop
  endfacet
  facet normal -0 0 -1
    outer loop
      vertex 32.5807 32.4645 0.49
      vertex 32.3349 31.7103 0.49
      vertex 32.4756 32.4946 0.49
    endloop
  endfacet
  facet normal 0 0 -1
    outer loop
      vertex 32.1574 31.7597 0.49
      vertex 32.4756 32.4946 0.49
      vertex 32.3349 31.7103 0.49
    endloop
  endfacet
  facet normal -0 0 -1
    outer loop
      vertex 32.4756 32.4946 0.49
      vertex 32.1574 31.7597 0.49
      vertex 32.3743 32.5284 0.49
    endloop
  endfacet
  facet normal 0 0 -1
    outer loop
      vertex 31.9823 31.8182 0.49
      vertex 32.3743 32.5284 0.49
      vertex 32.1574 31.7597 0.49
    endloop
  endfacet
  facet normal -0 0 -1
    outer loop
      vertex 32.3743 32.5284 0.49
      vertex 31.9823 31.8182 0.49
      vertex 32.2799 32.5647 0.49
    endloop
  endfacet
  facet normal -0 0 -1
    outer loop
      vertex 32.2799 32.5647 0.49
      vertex 31.9823 31.8182 0.49
      vertex 32.1922 32.6035 0.49
    endloop
  endfacet
  facet normal 0 0 -1
    outer loop
      vertex 31.813 31.8846 0.49
      vertex 32.1922 32.6035 0.49
      vertex 31.9823 31.8182 0.49
    endloop
  endfacet
  facet normal -0 0 -1
    outer loop
      vertex 32.1922 32.6035 0.49
      vertex 31.813 31.8846 0.49
      vertex 32.1113 32.6449 0.49
    endloop
  endfacet
  facet normal 0 0 -1
    outer loop
      vertex 31.6532 31.958 0.49
      vertex 32.1113 32.6449 0.49
      vertex 31.813 31.8846 0.49
    endloop
  endfacet
  facet normal -0 0 -1
    outer loop
      vertex 32.1113 32.6449 0.49
      vertex 31.6532 31.958 0.49
      vertex 32.0372 32.6889 0.49
    endloop
  endfacet
  facet normal -0 0 -1
    outer loop
      vertex 32.0372 32.6889 0.49
      vertex 31.5026 32.0382 0.49
      vertex 31.9699 32.7354 0.49
    endloop
  endfacet
  facet normal 0 0 -1
    outer loop
      vertex 31.5026 32.0382 0.49
      vertex 32.0372 32.6889 0.49
      vertex 31.6532 31.958 0.49
    endloop
  endfacet
  facet normal 0 0 -1
    outer loop
      vertex 34.4859 35.0261 0.49
      vertex 35.4738 35.2449 0.49
      vertex 34.5531 34.8663 0.49
    endloop
  endfacet
  facet normal -0 0 -1
    outer loop
      vertex 35.4738 35.2449 0.49
      vertex 34.4859 35.0261 0.49
      vertex 35.358 35.4808 0.49
    endloop
  endfacet
  facet normal -0 0 -1
    outer loop
      vertex 35.358 35.4808 0.49
      vertex 34.4859 35.0261 0.49
      vertex 35.2164 35.6943 0.49
    endloop
  endfacet
  facet normal 0 0 -1
    outer loop
      vertex 34.4037 35.1708 0.49
      vertex 35.2164 35.6943 0.49
      vertex 34.4859 35.0261 0.49
    endloop
  endfacet
  facet normal -0 0 -1
    outer loop
      vertex 35.2164 35.6943 0.49
      vertex 34.4037 35.1708 0.49
      vertex 35.0491 35.8852 0.49
    endloop
  endfacet
  facet normal 0 0 -1
    outer loop
      vertex 34.3065 35.3004 0.49
      vertex 35.0491 35.8852 0.49
      vertex 34.4037 35.1708 0.49
    endloop
  endfacet
  facet normal -0 0 -1
    outer loop
      vertex 35.0491 35.8852 0.49
      vertex 34.3065 35.3004 0.49
      vertex 34.8576 36.0521 0.49
    endloop
  endfacet
  facet normal 0 0 -1
    outer loop
      vertex 34.195 35.4137 0.49
      vertex 34.8576 36.0521 0.49
      vertex 34.3065 35.3004 0.49
    endloop
  endfacet
  facet normal -0 0 -1
    outer loop
      vertex 34.8576 36.0521 0.49
      vertex 34.195 35.4137 0.49
      vertex 34.6436 36.1933 0.49
    endloop
  endfacet
  facet normal 0 0 -1
    outer loop
      vertex 34.0696 35.5096 0.49
      vertex 34.6436 36.1933 0.49
      vertex 34.195 35.4137 0.49
    endloop
  endfacet
  facet normal -0 0 -1
    outer loop
      vertex 34.6436 36.1933 0.49
      vertex 34.0696 35.5096 0.49
      vertex 34.407 36.3088 0.49
    endloop
  endfacet
  facet normal 0 0 -1
    outer loop
      vertex 33.9303 35.5881 0.49
      vertex 34.407 36.3088 0.49
      vertex 34.0696 35.5096 0.49
    endloop
  endfacet
  facet normal -0 0 -1
    outer loop
      vertex 34.407 36.3088 0.49
      vertex 33.9303 35.5881 0.49
      vertex 34.1478 36.3987 0.49
    endloop
  endfacet
  facet normal 0 0 -1
    outer loop
      vertex 33.7773 35.6491 0.49
      vertex 34.1478 36.3987 0.49
      vertex 33.9303 35.5881 0.49
    endloop
  endfacet
  facet normal -0 0 -1
    outer loop
      vertex 34.1478 36.3987 0.49
      vertex 33.7773 35.6491 0.49
      vertex 33.8661 36.4629 0.49
    endloop
  endfacet
  facet normal 0 0 -1
    outer loop
      vertex 33.6104 35.6927 0.49
      vertex 33.8661 36.4629 0.49
      vertex 33.7773 35.6491 0.49
    endloop
  endfacet
  facet normal 0 0 -1
    outer loop
      vertex 33.6104 35.6927 0.49
      vertex 33.5619 36.5014 0.49
      vertex 33.8661 36.4629 0.49
    endloop
  endfacet
  facet normal 0 0 -1
    outer loop
      vertex 33.4296 35.7188 0.49
      vertex 33.5619 36.5014 0.49
      vertex 33.6104 35.6927 0.49
    endloop
  endfacet
  facet normal 0 0 -1
    outer loop
      vertex 33.2351 36.5142 0.49
      vertex 33.4296 35.7188 0.49
      vertex 33.2351 35.7276 0.49
    endloop
  endfacet
  facet normal 0 0 -1
    outer loop
      vertex 33.4296 35.7188 0.49
      vertex 33.2351 36.5142 0.49
      vertex 33.5619 36.5014 0.49
    endloop
  endfacet
  facet normal 0 0 -1
    outer loop
      vertex 33.1143 35.7238 0.49
      vertex 33.2351 36.5142 0.49
      vertex 33.2351 35.7276 0.49
    endloop
  endfacet
  facet normal 0 0 -1
    outer loop
      vertex 32.7795 36.4888 0.49
      vertex 33.1143 35.7238 0.49
      vertex 32.9981 35.7123 0.49
    endloop
  endfacet
  facet normal 0 0 -1
    outer loop
      vertex 32.7795 36.4888 0.49
      vertex 32.9981 35.7123 0.49
      vertex 32.8865 35.6933 0.49
    endloop
  endfacet
  facet normal 0 0 -1
    outer loop
      vertex 33.1143 35.7238 0.49
      vertex 32.7795 36.4888 0.49
      vertex 33.2351 36.5142 0.49
    endloop
  endfacet
  facet normal 0 0 -1
    outer loop
      vertex 32.7795 35.6667 0.49
      vertex 32.7795 36.4888 0.49
      vertex 32.8865 35.6933 0.49
    endloop
  endfacet
  facet normal 0 0 -1
    outer loop
      vertex 32.374 36.4126 0.49
      vertex 32.7795 35.6667 0.49
      vertex 32.677 35.6324 0.49
    endloop
  endfacet
  facet normal 0 0 -1
    outer loop
      vertex 32.374 36.4126 0.49
      vertex 32.677 35.6324 0.49
      vertex 32.5791 35.5905 0.49
    endloop
  endfacet
  facet normal 0 0 -1
    outer loop
      vertex 32.0184 36.2857 0.49
      vertex 32.5791 35.5905 0.49
      vertex 32.4858 35.5411 0.49
    endloop
  endfacet
  facet normal 0 0 -1
    outer loop
      vertex 32.0184 36.2857 0.49
      vertex 32.4858 35.5411 0.49
      vertex 32.3981 35.4842 0.49
    endloop
  endfacet
  facet normal 0 0 -1
    outer loop
      vertex 32.7795 35.6667 0.49
      vertex 32.374 36.4126 0.49
      vertex 32.7795 36.4888 0.49
    endloop
  endfacet
  facet normal 0 0 -1
    outer loop
      vertex 31.7127 36.1079 0.49
      vertex 32.3981 35.4842 0.49
      vertex 32.3175 35.4201 0.49
    endloop
  endfacet
  facet normal 0 0 -1
    outer loop
      vertex 31.7127 36.1079 0.49
      vertex 32.3175 35.4201 0.49
      vertex 32.2437 35.3489 0.49
    endloop
  endfacet
  facet normal 0 0 -1
    outer loop
      vertex 31.457 35.8793 0.49
      vertex 32.2437 35.3489 0.49
      vertex 32.1768 35.2704 0.49
    endloop
  endfacet
  facet normal 0 0 -1
    outer loop
      vertex 31.457 35.8793 0.49
      vertex 32.1768 35.2704 0.49
      vertex 32.1169 35.1847 0.49
    endloop
  endfacet
  facet normal 0 0 -1
    outer loop
      vertex 31.2513 35.6 0.49
      vertex 32.1169 35.1847 0.49
      vertex 32.0639 35.0919 0.49
    endloop
  endfacet
  facet normal 0 0 -1
    outer loop
      vertex 32.5791 35.5905 0.49
      vertex 32.0184 36.2857 0.49
      vertex 32.374 36.4126 0.49
    endloop
  endfacet
  facet normal 0 0 -1
    outer loop
      vertex 31.2513 35.6 0.49
      vertex 32.0639 35.0919 0.49
      vertex 32.0178 34.9918 0.49
    endloop
  endfacet
  facet normal 0 0 -1
    outer loop
      vertex 32.3981 35.4842 0.49
      vertex 31.7127 36.1079 0.49
      vertex 32.0184 36.2857 0.49
    endloop
  endfacet
  facet normal 0 0 -1
    outer loop
      vertex 32.2437 35.3489 0.49
      vertex 31.457 35.8793 0.49
      vertex 31.7127 36.1079 0.49
    endloop
  endfacet
  facet normal 0 0 -1
    outer loop
      vertex 32.1169 35.1847 0.49
      vertex 31.2513 35.6 0.49
      vertex 31.457 35.8793 0.49
    endloop
  endfacet
  facet normal 0 -0 -1
    outer loop
      vertex 31.2513 35.6 0.49
      vertex 32.0178 34.9918 0.49
      vertex 31.0956 35.2699 0.49
    endloop
  endfacet
  facet normal 0 0 -1
    outer loop
      vertex 31.9093 33.4457 0.49
      vertex 33.0757 34.1849 0.49
      vertex 33.0757 33.4457 0.49
    endloop
  endfacet
  facet normal -0 0 -1
    outer loop
      vertex 31.9699 32.7354 0.49
      vertex 31.5026 32.0382 0.49
      vertex 31.9093 32.7845 0.49
    endloop
  endfacet
  facet normal 0 0 -1
    outer loop
      vertex 31.3614 32.1254 0.49
      vertex 31.9093 32.7845 0.49
      vertex 31.5026 32.0382 0.49
    endloop
  endfacet
  facet normal 0 0 -1
    outer loop
      vertex 31.2295 32.2195 0.49
      vertex 31.9093 32.7845 0.49
      vertex 31.3614 32.1254 0.49
    endloop
  endfacet
  facet normal 0 0 -1
    outer loop
      vertex 31.107 32.3206 0.49
      vertex 31.9093 32.7845 0.49
      vertex 31.2295 32.2195 0.49
    endloop
  endfacet
  facet normal 0 0 -1
    outer loop
      vertex 30.9939 32.4285 0.49
      vertex 31.9093 32.7845 0.49
      vertex 31.107 32.3206 0.49
    endloop
  endfacet
  facet normal -0 0 -1
    outer loop
      vertex 31.9093 32.7845 0.49
      vertex 30.9939 32.4285 0.49
      vertex 31.9093 33.4457 0.49
    endloop
  endfacet
  facet normal 0 0 -1
    outer loop
      vertex 31.9093 33.4457 0.49
      vertex 30.9939 34.1849 0.49
      vertex 33.0757 34.1849 0.49
    endloop
  endfacet
  facet normal 0 0 -1
    outer loop
      vertex 30.9939 34.1849 0.49
      vertex 31.9093 33.4457 0.49
      vertex 30.9939 32.4285 0.49
    endloop
  endfacet
  facet normal 0 0 -1
    outer loop
      vertex 55.315 33.6966 0.49
      vertex 57.8648 34.4697 0.49
      vertex 57.8648 33.6966 0.49
    endloop
  endfacet
  facet normal -0 0 -1
    outer loop
      vertex 57.8648 34.4697 0.49
      vertex 55.315 33.6966 0.49
      vertex 55.315 34.4697 0.49
    endloop
  endfacet
  facet normal 0 0 -1
    outer loop
      vertex 57.8648 33.6966 0.49
      vertex 58.865 31.6656 0.49
      vertex 57.8648 32.4387 0.49
    endloop
  endfacet
  facet normal 0 0 -1
    outer loop
      vertex 54.9692 31.6656 0.49
      vertex 57.8648 32.4387 0.49
      vertex 58.865 31.6656 0.49
    endloop
  endfacet
  facet normal -0 0 -1
    outer loop
      vertex 57.8648 32.4387 0.49
      vertex 54.9692 31.6656 0.49
      vertex 54.9692 32.4387 0.49
    endloop
  endfacet
  facet normal 0 0 -1
    outer loop
      vertex 58.865 31.6656 0.49
      vertex 57.8648 33.6966 0.49
      vertex 58.865 36.443 0.49
    endloop
  endfacet
  facet normal 0 0 -1
    outer loop
      vertex 57.8648 34.4697 0.49
      vertex 58.865 36.443 0.49
      vertex 57.8648 33.6966 0.49
    endloop
  endfacet
  facet normal 0 0 -1
    outer loop
      vertex 57.8648 35.67 0.49
      vertex 58.865 36.443 0.49
      vertex 57.8648 34.4697 0.49
    endloop
  endfacet
  facet normal 0 0 -1
    outer loop
      vertex 55.1082 36.443 0.49
      vertex 57.8648 35.67 0.49
      vertex 55.1082 35.67 0.49
    endloop
  endfacet
  facet normal 0 0 -1
    outer loop
      vertex 57.8648 35.67 0.49
      vertex 55.1082 36.443 0.49
      vertex 58.865 36.443 0.49
    endloop
  endfacet
  facet normal 0 0 -1
    outer loop
      vertex 59.6589 31.6656 0.49
      vertex 60.5472 34.5612 0.49
      vertex 60.5472 31.6656 0.49
    endloop
  endfacet
  facet normal 0 0 -1
    outer loop
      vertex 59.6589 36.443 0.49
      vertex 60.5472 34.5612 0.49
      vertex 59.6589 31.6656 0.49
    endloop
  endfacet
  facet normal 0 0 -1
    outer loop
      vertex 60.5472 34.5612 0.49
      vertex 59.6589 36.443 0.49
      vertex 60.5472 34.5893 0.49
    endloop
  endfacet
  facet normal 0 0 -1
    outer loop
      vertex 60.5472 34.5893 0.49
      vertex 59.6589 36.443 0.49
      vertex 60.5471 34.6174 0.49
    endloop
  endfacet
  facet normal 0 0 -1
    outer loop
      vertex 60.5471 34.6174 0.49
      vertex 59.6589 36.443 0.49
      vertex 60.5469 34.6455 0.49
    endloop
  endfacet
  facet normal 0 0 -1
    outer loop
      vertex 60.5469 34.6455 0.49
      vertex 59.6589 36.443 0.49
      vertex 60.5466 34.6736 0.49
    endloop
  endfacet
  facet normal 0 0 -1
    outer loop
      vertex 60.5466 34.6736 0.49
      vertex 59.6589 36.443 0.49
      vertex 60.5463 34.7017 0.49
    endloop
  endfacet
  facet normal 0 0 -1
    outer loop
      vertex 60.5463 34.7017 0.49
      vertex 59.6589 36.443 0.49
      vertex 60.546 34.7298 0.49
    endloop
  endfacet
  facet normal 0 0 -1
    outer loop
      vertex 60.546 34.7298 0.49
      vertex 59.6589 36.443 0.49
      vertex 60.5455 34.7579 0.49
    endloop
  endfacet
  facet normal 0 0 -1
    outer loop
      vertex 60.5455 34.7579 0.49
      vertex 59.6589 36.443 0.49
      vertex 60.5444 34.7992 0.49
    endloop
  endfacet
  facet normal 0 0 -1
    outer loop
      vertex 60.5444 34.7992 0.49
      vertex 59.6589 36.443 0.49
      vertex 60.5422 34.8669 0.49
    endloop
  endfacet
  facet normal 0 0 -1
    outer loop
      vertex 60.5422 34.8669 0.49
      vertex 59.6589 36.443 0.49
      vertex 60.5388 34.9611 0.49
    endloop
  endfacet
  facet normal 0 0 -1
    outer loop
      vertex 60.5388 34.9611 0.49
      vertex 59.6589 36.443 0.49
      vertex 60.5341 35.0817 0.49
    endloop
  endfacet
  facet normal 0 0 -1
    outer loop
      vertex 60.5341 35.0817 0.49
      vertex 59.6589 36.443 0.49
      vertex 60.5284 35.2287 0.49
    endloop
  endfacet
  facet normal 0 0 -1
    outer loop
      vertex 60.5284 35.2287 0.49
      vertex 59.6589 36.443 0.49
      vertex 60.5214 35.4022 0.49
    endloop
  endfacet
  facet normal 0 0 -1
    outer loop
      vertex 63.6259 34.5612 0.49
      vertex 64.5143 36.443 0.49
      vertex 64.5143 31.6656 0.49
    endloop
  endfacet
  facet normal 0 0 -1
    outer loop
      vertex 64.5143 36.443 0.49
      vertex 63.6558 35.3882 0.49
      vertex 63.6666 35.6021 0.49
    endloop
  endfacet
  facet normal 0 0 -1
    outer loop
      vertex 64.5143 36.443 0.49
      vertex 63.6467 35.1961 0.49
      vertex 63.6558 35.3882 0.49
    endloop
  endfacet
  facet normal 0 0 -1
    outer loop
      vertex 64.5143 36.443 0.49
      vertex 63.6392 35.0257 0.49
      vertex 63.6467 35.1961 0.49
    endloop
  endfacet
  facet normal 0 0 -1
    outer loop
      vertex 64.5143 36.443 0.49
      vertex 63.6334 34.877 0.49
      vertex 63.6392 35.0257 0.49
    endloop
  endfacet
  facet normal 0 0 -1
    outer loop
      vertex 64.5143 36.443 0.49
      vertex 63.6292 34.75 0.49
      vertex 63.6334 34.877 0.49
    endloop
  endfacet
  facet normal 0 0 -1
    outer loop
      vertex 64.5143 36.443 0.49
      vertex 63.6267 34.6447 0.49
      vertex 63.6292 34.75 0.49
    endloop
  endfacet
  facet normal 0 0 -1
    outer loop
      vertex 63.6259 34.5612 0.49
      vertex 64.5143 31.6656 0.49
      vertex 63.6259 31.6656 0.49
    endloop
  endfacet
  facet normal 0 0 -1
    outer loop
      vertex 64.5143 36.443 0.49
      vertex 63.6259 34.5612 0.49
      vertex 63.6267 34.6447 0.49
    endloop
  endfacet
  facet normal 0 0 -1
    outer loop
      vertex 63.6666 35.6021 0.49
      vertex 63.175 36.443 0.49
      vertex 64.5143 36.443 0.49
    endloop
  endfacet
  facet normal 0 0 -1
    outer loop
      vertex 63.3038 34.3307 0.49
      vertex 63.175 36.443 0.49
      vertex 63.6666 35.6021 0.49
    endloop
  endfacet
  facet normal 0 0 -1
    outer loop
      vertex 62.0831 32.8727 0.49
      vertex 63.3038 34.3307 0.49
      vertex 62.4426 31.6656 0.49
    endloop
  endfacet
  facet normal -0 0 -1
    outer loop
      vertex 63.3038 34.3307 0.49
      vertex 62.3205 33.7712 0.49
      vertex 63.175 36.443 0.49
    endloop
  endfacet
  facet normal 0 0 -1
    outer loop
      vertex 63.3038 34.3307 0.49
      vertex 62.2459 33.5135 0.49
      vertex 62.3205 33.7712 0.49
    endloop
  endfacet
  facet normal 0 0 -1
    outer loop
      vertex 63.3038 34.3307 0.49
      vertex 62.0831 32.8727 0.49
      vertex 62.2459 33.5135 0.49
    endloop
  endfacet
  facet normal 0 0 -1
    outer loop
      vertex 61.7305 31.6656 0.49
      vertex 62.0831 32.8727 0.49
      vertex 62.4426 31.6656 0.49
    endloop
  endfacet
  facet normal 0 0 -1
    outer loop
      vertex 60.8693 34.3307 0.49
      vertex 62.0831 32.8727 0.49
      vertex 61.7305 31.6656 0.49
    endloop
  endfacet
  facet normal 0 0 -1
    outer loop
      vertex 62.0831 32.8727 0.49
      vertex 60.8693 34.3307 0.49
      vertex 61.8696 33.639 0.49
    endloop
  endfacet
  facet normal 0 0 -1
    outer loop
      vertex 60.8338 34.4446 0.49
      vertex 61.8696 33.639 0.49
      vertex 60.8693 34.3307 0.49
    endloop
  endfacet
  facet normal 0 0 -1
    outer loop
      vertex 60.7932 34.5811 0.49
      vertex 61.8696 33.639 0.49
      vertex 60.8338 34.4446 0.49
    endloop
  endfacet
  facet normal 0 0 -1
    outer loop
      vertex 60.7475 34.7402 0.49
      vertex 61.8696 33.639 0.49
      vertex 60.7932 34.5811 0.49
    endloop
  endfacet
  facet normal 0 0 -1
    outer loop
      vertex 60.6966 34.9219 0.49
      vertex 61.8696 33.639 0.49
      vertex 60.7475 34.7402 0.49
    endloop
  endfacet
  facet normal 0 0 -1
    outer loop
      vertex 61.8696 33.639 0.49
      vertex 60.6966 34.9219 0.49
      vertex 60.9913 36.443 0.49
    endloop
  endfacet
  facet normal 0 0 -1
    outer loop
      vertex 60.6406 35.1261 0.49
      vertex 60.9913 36.443 0.49
      vertex 60.6966 34.9219 0.49
    endloop
  endfacet
  facet normal 0 0 -1
    outer loop
      vertex 60.5795 35.3528 0.49
      vertex 60.9913 36.443 0.49
      vertex 60.6406 35.1261 0.49
    endloop
  endfacet
  facet normal 0 0 -1
    outer loop
      vertex 60.5133 35.6021 0.49
      vertex 60.9913 36.443 0.49
      vertex 60.5795 35.3528 0.49
    endloop
  endfacet
  facet normal 0 0 -1
    outer loop
      vertex 60.5133 35.6021 0.49
      vertex 59.6589 36.443 0.49
      vertex 60.9913 36.443 0.49
    endloop
  endfacet
  facet normal 0 0 -1
    outer loop
      vertex 60.5214 35.4022 0.49
      vertex 59.6589 36.443 0.49
      vertex 60.5133 35.6021 0.49
    endloop
  endfacet
  facet normal -0 0 -1
    outer loop
      vertex 45.3425 33.4559 0.49
      vertex 44.3367 33.3777 0.49
      vertex 44.3422 33.5339 0.49
    endloop
  endfacet
  facet normal 0 0 -1
    outer loop
      vertex 44.6595 31.9516 0.49
      vertex 44.3202 33.2326 0.49
      vertex 44.3367 33.3777 0.49
    endloop
  endfacet
  facet normal 0 0 -1
    outer loop
      vertex 44.6595 31.9516 0.49
      vertex 44.2927 33.0987 0.49
      vertex 44.3202 33.2326 0.49
    endloop
  endfacet
  facet normal 0 0 -1
    outer loop
      vertex 43.9905 32.5965 0.49
      vertex 44.4815 31.8435 0.49
      vertex 44.2846 31.755 0.49
    endloop
  endfacet
  facet normal 0 0 -1
    outer loop
      vertex 44.6595 31.9516 0.49
      vertex 44.2542 32.9759 0.49
      vertex 44.2927 33.0987 0.49
    endloop
  endfacet
  facet normal 0 0 -1
    outer loop
      vertex 44.6595 31.9516 0.49
      vertex 44.2047 32.8642 0.49
      vertex 44.2542 32.9759 0.49
    endloop
  endfacet
  facet normal 0 0 -1
    outer loop
      vertex 44.6595 31.9516 0.49
      vertex 44.1442 32.7637 0.49
      vertex 44.2047 32.8642 0.49
    endloop
  endfacet
  facet normal 0 0 -1
    outer loop
      vertex 44.6595 31.9516 0.49
      vertex 44.0727 32.6743 0.49
      vertex 44.1442 32.7637 0.49
    endloop
  endfacet
  facet normal 0 0 -1
    outer loop
      vertex 43.898 32.5307 0.49
      vertex 44.2846 31.755 0.49
      vertex 44.0688 31.6863 0.49
    endloop
  endfacet
  facet normal 0 0 -1
    outer loop
      vertex 44.6595 31.9516 0.49
      vertex 43.9905 32.5965 0.49
      vertex 44.0727 32.6743 0.49
    endloop
  endfacet
  facet normal 0 0 -1
    outer loop
      vertex 44.2846 31.755 0.49
      vertex 43.898 32.5307 0.49
      vertex 43.9905 32.5965 0.49
    endloop
  endfacet
  facet normal 0 0 -1
    outer loop
      vertex 43.6821 32.4349 0.49
      vertex 44.0688 31.6863 0.49
      vertex 43.8342 31.6371 0.49
    endloop
  endfacet
  facet normal 0 0 -1
    outer loop
      vertex 44.0688 31.6863 0.49
      vertex 43.7952 32.4768 0.49
      vertex 43.898 32.5307 0.49
    endloop
  endfacet
  facet normal 0 0 -1
    outer loop
      vertex 44.0688 31.6863 0.49
      vertex 43.6821 32.4349 0.49
      vertex 43.7952 32.4768 0.49
    endloop
  endfacet
  facet normal 0 0 -1
    outer loop
      vertex 43.5587 32.405 0.49
      vertex 43.8342 31.6371 0.49
      vertex 43.5806 31.6077 0.49
    endloop
  endfacet
  facet normal 0 0 -1
    outer loop
      vertex 43.8342 31.6371 0.49
      vertex 43.5587 32.405 0.49
      vertex 43.6821 32.4349 0.49
    endloop
  endfacet
  facet normal 0 0 -1
    outer loop
      vertex 43.5806 31.6077 0.49
      vertex 43.425 32.387 0.49
      vertex 43.5587 32.405 0.49
    endloop
  endfacet
  facet normal 0 0 -1
    outer loop
      vertex 43.3081 31.5978 0.49
      vertex 43.425 32.387 0.49
      vertex 43.5806 31.6077 0.49
    endloop
  endfacet
  facet normal 0 0 -1
    outer loop
      vertex 43.3081 31.5978 0.49
      vertex 43.281 32.381 0.49
      vertex 43.425 32.387 0.49
    endloop
  endfacet
  facet normal 0 0 -1
    outer loop
      vertex 43.3081 31.5978 0.49
      vertex 43.133 32.3873 0.49
      vertex 43.281 32.381 0.49
    endloop
  endfacet
  facet normal 0 0 -1
    outer loop
      vertex 43.0268 31.608 0.49
      vertex 43.133 32.3873 0.49
      vertex 43.3081 31.5978 0.49
    endloop
  endfacet
  facet normal 0 0 -1
    outer loop
      vertex 43.0268 31.608 0.49
      vertex 42.9951 32.4061 0.49
      vertex 43.133 32.3873 0.49
    endloop
  endfacet
  facet normal 0 0 -1
    outer loop
      vertex 42.7641 31.6387 0.49
      vertex 42.9951 32.4061 0.49
      vertex 43.0268 31.608 0.49
    endloop
  endfacet
  facet normal -0 0 -1
    outer loop
      vertex 42.9951 32.4061 0.49
      vertex 42.7641 31.6387 0.49
      vertex 42.8673 32.4374 0.49
    endloop
  endfacet
  facet normal 0 0 -1
    outer loop
      vertex 42.52 31.6897 0.49
      vertex 42.8673 32.4374 0.49
      vertex 42.7641 31.6387 0.49
    endloop
  endfacet
  facet normal -0 0 -1
    outer loop
      vertex 42.8673 32.4374 0.49
      vertex 42.52 31.6897 0.49
      vertex 42.7496 32.4812 0.49
    endloop
  endfacet
  facet normal 0 0 -1
    outer loop
      vertex 42.2945 31.7611 0.49
      vertex 42.7496 32.4812 0.49
      vertex 42.52 31.6897 0.49
    endloop
  endfacet
  facet normal -0 0 -1
    outer loop
      vertex 42.7496 32.4812 0.49
      vertex 42.2945 31.7611 0.49
      vertex 42.642 32.5376 0.49
    endloop
  endfacet
  facet normal 0 0 -1
    outer loop
      vertex 42.0877 31.853 0.49
      vertex 42.642 32.5376 0.49
      vertex 42.2945 31.7611 0.49
    endloop
  endfacet
  facet normal -0 0 -1
    outer loop
      vertex 42.642 32.5376 0.49
      vertex 42.0877 31.853 0.49
      vertex 42.5445 32.6065 0.49
    endloop
  endfacet
  facet normal 0 0 -1
    outer loop
      vertex 41.8994 31.9653 0.49
      vertex 42.5445 32.6065 0.49
      vertex 42.0877 31.853 0.49
    endloop
  endfacet
  facet normal -0 0 -1
    outer loop
      vertex 42.5445 32.6065 0.49
      vertex 41.8994 31.9653 0.49
      vertex 42.4571 32.6879 0.49
    endloop
  endfacet
  facet normal 0 0 -1
    outer loop
      vertex 41.7298 32.0979 0.49
      vertex 42.4571 32.6879 0.49
      vertex 41.8994 31.9653 0.49
    endloop
  endfacet
  facet normal -0 0 -1
    outer loop
      vertex 42.4571 32.6879 0.49
      vertex 41.7298 32.0979 0.49
      vertex 42.3806 32.781 0.49
    endloop
  endfacet
  facet normal 0 0 -1
    outer loop
      vertex 41.5809 32.2492 0.49
      vertex 42.3806 32.781 0.49
      vertex 41.7298 32.0979 0.49
    endloop
  endfacet
  facet normal -0 0 -1
    outer loop
      vertex 42.3806 32.781 0.49
      vertex 41.5809 32.2492 0.49
      vertex 42.3159 32.885 0.49
    endloop
  endfacet
  facet normal 0 0 -1
    outer loop
      vertex 41.4549 32.4171 0.49
      vertex 42.3159 32.885 0.49
      vertex 41.5809 32.2492 0.49
    endloop
  endfacet
  facet normal -0 0 -1
    outer loop
      vertex 42.3159 32.885 0.49
      vertex 41.4549 32.4171 0.49
      vertex 42.263 32.9998 0.49
    endloop
  endfacet
  facet normal 0 0 -1
    outer loop
      vertex 41.3519 32.6016 0.49
      vertex 42.263 32.9998 0.49
      vertex 41.4549 32.4171 0.49
    endloop
  endfacet
  facet normal 0 0 -1
    outer loop
      vertex 41.2717 32.8029 0.49
      vertex 42.263 32.9998 0.49
      vertex 41.3519 32.6016 0.49
    endloop
  endfacet
  facet normal -0 0 -1
    outer loop
      vertex 42.263 32.9998 0.49
      vertex 41.2717 32.8029 0.49
      vertex 42.2218 33.1255 0.49
    endloop
  endfacet
  facet normal 0 0 -1
    outer loop
      vertex 41.2144 33.0208 0.49
      vertex 42.2218 33.1255 0.49
      vertex 41.2717 32.8029 0.49
    endloop
  endfacet
  facet normal -0 0 -1
    outer loop
      vertex 42.2218 33.1255 0.49
      vertex 41.2144 33.0208 0.49
      vertex 42.1924 33.2621 0.49
    endloop
  endfacet
  facet normal 0 0 -1
    outer loop
      vertex 41.1801 33.2554 0.49
      vertex 42.1924 33.2621 0.49
      vertex 41.2144 33.0208 0.49
    endloop
  endfacet
  facet normal -0 0 -1
    outer loop
      vertex 42.1924 33.2621 0.49
      vertex 41.1801 33.2554 0.49
      vertex 42.1748 33.4095 0.49
    endloop
  endfacet
  facet normal 0 0 -1
    outer loop
      vertex 41.1686 33.5067 0.49
      vertex 42.1748 33.4095 0.49
      vertex 41.1801 33.2554 0.49
    endloop
  endfacet
  facet normal 0 0 -1
    outer loop
      vertex 42.1748 33.4095 0.49
      vertex 41.1686 33.5067 0.49
      vertex 42.1689 33.5678 0.49
    endloop
  endfacet
  facet normal 0 0 -1
    outer loop
      vertex 41.1686 36.443 0.49
      vertex 42.1689 33.5678 0.49
      vertex 41.1686 33.5067 0.49
    endloop
  endfacet
  facet normal 0 0 -1
    outer loop
      vertex 42.1689 33.5678 0.49
      vertex 41.1686 36.443 0.49
      vertex 42.1689 36.443 0.49
    endloop
  endfacet
  facet normal 0 0 -1
    outer loop
      vertex 44.3367 33.3777 0.49
      vertex 45.3425 33.4559 0.49
      vertex 45.3318 33.2086 0.49
    endloop
  endfacet
  facet normal 0 0 -1
    outer loop
      vertex 44.3367 33.3777 0.49
      vertex 45.3318 33.2086 0.49
      vertex 45.2997 32.9782 0.49
    endloop
  endfacet
  facet normal 0 0 -1
    outer loop
      vertex 44.3367 33.3777 0.49
      vertex 45.2997 32.9782 0.49
      vertex 45.2463 32.7646 0.49
    endloop
  endfacet
  facet normal 0 0 -1
    outer loop
      vertex 44.3367 33.3777 0.49
      vertex 45.2463 32.7646 0.49
      vertex 45.1714 32.568 0.49
    endloop
  endfacet
  facet normal 0 0 -1
    outer loop
      vertex 44.3367 33.3777 0.49
      vertex 45.1714 32.568 0.49
      vertex 45.0752 32.3882 0.49
    endloop
  endfacet
  facet normal 0 0 -1
    outer loop
      vertex 44.3367 33.3777 0.49
      vertex 45.0752 32.3882 0.49
      vertex 44.9576 32.2253 0.49
    endloop
  endfacet
  facet normal 0 0 -1
    outer loop
      vertex 44.3367 33.3777 0.49
      vertex 44.9576 32.2253 0.49
      vertex 44.8186 32.0793 0.49
    endloop
  endfacet
  facet normal 0 0 -1
    outer loop
      vertex 44.3367 33.3777 0.49
      vertex 44.8186 32.0793 0.49
      vertex 44.6595 31.9516 0.49
    endloop
  endfacet
  facet normal 0 0 -1
    outer loop
      vertex 43.9905 32.5965 0.49
      vertex 44.6595 31.9516 0.49
      vertex 44.4815 31.8435 0.49
    endloop
  endfacet
  facet normal 0 0 -1
    outer loop
      vertex 45.3425 33.4559 0.49
      vertex 44.3422 33.5339 0.49
      vertex 45.3425 36.443 0.49
    endloop
  endfacet
  facet normal -0 0 -1
    outer loop
      vertex 45.3425 36.443 0.49
      vertex 44.3422 33.5339 0.49
      vertex 44.3422 36.443 0.49
    endloop
  endfacet
  facet normal 0 0 -1
    outer loop
      vertex 39.5092 34.4832 0.49
      vertex 40.3975 36.443 0.49
      vertex 40.3975 31.6656 0.49
    endloop
  endfacet
  facet normal 0 0 -1
    outer loop
      vertex 40.3975 36.443 0.49
      vertex 39.554 35.1957 0.49
      vertex 39.5702 35.3445 0.49
    endloop
  endfacet
  facet normal 0 0 -1
    outer loop
      vertex 40.3975 36.443 0.49
      vertex 39.5403 35.0555 0.49
      vertex 39.554 35.1957 0.49
    endloop
  endfacet
  facet normal 0 0 -1
    outer loop
      vertex 40.3975 36.443 0.49
      vertex 39.5291 34.9239 0.49
      vertex 39.5403 35.0555 0.49
    endloop
  endfacet
  facet normal 0 0 -1
    outer loop
      vertex 40.3975 36.443 0.49
      vertex 39.5204 34.8008 0.49
      vertex 39.5291 34.9239 0.49
    endloop
  endfacet
  facet normal 0 0 -1
    outer loop
      vertex 40.3975 36.443 0.49
      vertex 39.5141 34.6864 0.49
      vertex 39.5204 34.8008 0.49
    endloop
  endfacet
  facet normal 0 0 -1
    outer loop
      vertex 40.3975 36.443 0.49
      vertex 39.5104 34.5805 0.49
      vertex 39.5141 34.6864 0.49
    endloop
  endfacet
  facet normal 0 0 -1
    outer loop
      vertex 39.5092 34.4832 0.49
      vertex 40.3975 31.6656 0.49
      vertex 39.5092 31.6656 0.49
    endloop
  endfacet
  facet normal 0 0 -1
    outer loop
      vertex 40.3975 36.443 0.49
      vertex 39.5092 34.4832 0.49
      vertex 39.5104 34.5805 0.49
    endloop
  endfacet
  facet normal 0 0 -1
    outer loop
      vertex 39.5702 35.3445 0.49
      vertex 39.2549 36.443 0.49
      vertex 40.3975 36.443 0.49
    endloop
  endfacet
  facet normal 0 0 -1
    outer loop
      vertex 37.1425 32.7337 0.49
      vertex 39.5702 35.3445 0.49
      vertex 37.4884 31.6656 0.49
    endloop
  endfacet
  facet normal -0 0 -1
    outer loop
      vertex 39.5702 35.3445 0.49
      vertex 37.1425 32.7337 0.49
      vertex 39.2549 36.443 0.49
    endloop
  endfacet
  facet normal 0 -0 -1
    outer loop
      vertex 37.1425 32.7337 0.49
      vertex 37.4884 31.6656 0.49
      vertex 36.3152 31.6656 0.49
    endloop
  endfacet
  facet normal 0 0 -1
    outer loop
      vertex 36.3152 31.6656 0.49
      vertex 37.2035 33.6661 0.49
      vertex 37.2023 33.5441 0.49
    endloop
  endfacet
  facet normal 0 0 -1
    outer loop
      vertex 36.3152 31.6656 0.49
      vertex 37.2023 33.5441 0.49
      vertex 37.1985 33.4184 0.49
    endloop
  endfacet
  facet normal 0 0 -1
    outer loop
      vertex 36.3152 31.6656 0.49
      vertex 37.1985 33.4184 0.49
      vertex 37.1923 33.2889 0.49
    endloop
  endfacet
  facet normal 0 0 -1
    outer loop
      vertex 36.3152 31.6656 0.49
      vertex 37.1923 33.2889 0.49
      vertex 37.1836 33.1557 0.49
    endloop
  endfacet
  facet normal 0 0 -1
    outer loop
      vertex 36.3152 31.6656 0.49
      vertex 37.1836 33.1557 0.49
      vertex 37.1724 33.0188 0.49
    endloop
  endfacet
  facet normal 0 0 -1
    outer loop
      vertex 36.3152 31.6656 0.49
      vertex 37.1724 33.0188 0.49
      vertex 37.1587 32.8781 0.49
    endloop
  endfacet
  facet normal 0 0 -1
    outer loop
      vertex 36.3152 31.6656 0.49
      vertex 37.1587 32.8781 0.49
      vertex 37.1425 32.7337 0.49
    endloop
  endfacet
  facet normal -0 0 -1
    outer loop
      vertex 37.2035 33.6661 0.49
      vertex 36.3152 31.6656 0.49
      vertex 36.3152 36.443 0.49
    endloop
  endfacet
  facet normal 0 0 -1
    outer loop
      vertex 37.2035 33.6661 0.49
      vertex 36.3152 36.443 0.49
      vertex 37.2035 36.443 0.49
    endloop
  endfacet
  facet normal 0 0 -1
    outer loop
      vertex 73.4209 34.4832 0.49
      vertex 74.3093 36.443 0.49
      vertex 74.3093 31.6656 0.49
    endloop
  endfacet
  facet normal 0 0 -1
    outer loop
      vertex 74.3093 36.443 0.49
      vertex 73.4657 35.1957 0.49
      vertex 73.4819 35.3445 0.49
    endloop
  endfacet
  facet normal 0 0 -1
    outer loop
      vertex 74.3093 36.443 0.49
      vertex 73.452 35.0555 0.49
      vertex 73.4657 35.1957 0.49
    endloop
  endfacet
  facet normal 0 0 -1
    outer loop
      vertex 74.3093 36.443 0.49
      vertex 73.4408 34.9239 0.49
      vertex 73.452 35.0555 0.49
    endloop
  endfacet
  facet normal 0 0 -1
    outer loop
      vertex 74.3093 36.443 0.49
      vertex 73.4321 34.8008 0.49
      vertex 73.4408 34.9239 0.49
    endloop
  endfacet
  facet normal 0 0 -1
    outer loop
      vertex 74.3093 36.443 0.49
      vertex 73.4259 34.6864 0.49
      vertex 73.4321 34.8008 0.49
    endloop
  endfacet
  facet normal 0 0 -1
    outer loop
      vertex 74.3093 36.443 0.49
      vertex 73.4222 34.5805 0.49
      vertex 73.4259 34.6864 0.49
    endloop
  endfacet
  facet normal 0 0 -1
    outer loop
      vertex 73.4209 34.4832 0.49
      vertex 74.3093 31.6656 0.49
      vertex 73.4209 31.6656 0.49
    endloop
  endfacet
  facet normal 0 0 -1
    outer loop
      vertex 74.3093 36.443 0.49
      vertex 73.4209 34.4832 0.49
      vertex 73.4222 34.5805 0.49
    endloop
  endfacet
  facet normal 0 0 -1
    outer loop
      vertex 73.4819 35.3445 0.49
      vertex 73.1666 36.443 0.49
      vertex 74.3093 36.443 0.49
    endloop
  endfacet
  facet normal 0 0 -1
    outer loop
      vertex 71.0543 32.7337 0.49
      vertex 73.4819 35.3445 0.49
      vertex 71.4001 31.6656 0.49
    endloop
  endfacet
  facet normal -0 0 -1
    outer loop
      vertex 73.4819 35.3445 0.49
      vertex 71.0543 32.7337 0.49
      vertex 73.1666 36.443 0.49
    endloop
  endfacet
  facet normal 0 -0 -1
    outer loop
      vertex 71.0543 32.7337 0.49
      vertex 71.4001 31.6656 0.49
      vertex 70.2269 31.6656 0.49
    endloop
  endfacet
  facet normal 0 0 -1
    outer loop
      vertex 70.2269 31.6656 0.49
      vertex 71.1153 33.6661 0.49
      vertex 71.114 33.5441 0.49
    endloop
  endfacet
  facet normal 0 0 -1
    outer loop
      vertex 70.2269 31.6656 0.49
      vertex 71.114 33.5441 0.49
      vertex 71.1103 33.4184 0.49
    endloop
  endfacet
  facet normal 0 0 -1
    outer loop
      vertex 70.2269 31.6656 0.49
      vertex 71.1103 33.4184 0.49
      vertex 71.1041 33.2889 0.49
    endloop
  endfacet
  facet normal 0 0 -1
    outer loop
      vertex 70.2269 31.6656 0.49
      vertex 71.1041 33.2889 0.49
      vertex 71.0954 33.1557 0.49
    endloop
  endfacet
  facet normal 0 0 -1
    outer loop
      vertex 70.2269 31.6656 0.49
      vertex 71.0954 33.1557 0.49
      vertex 71.0842 33.0188 0.49
    endloop
  endfacet
  facet normal 0 0 -1
    outer loop
      vertex 70.2269 31.6656 0.49
      vertex 71.0842 33.0188 0.49
      vertex 71.0704 32.8781 0.49
    endloop
  endfacet
  facet normal 0 0 -1
    outer loop
      vertex 70.2269 31.6656 0.49
      vertex 71.0704 32.8781 0.49
      vertex 71.0543 32.7337 0.49
    endloop
  endfacet
  facet normal -0 0 -1
    outer loop
      vertex 71.1153 33.6661 0.49
      vertex 70.2269 31.6656 0.49
      vertex 70.2269 36.443 0.49
    endloop
  endfacet
  facet normal 0 0 -1
    outer loop
      vertex 71.1153 33.6661 0.49
      vertex 70.2269 36.443 0.49
      vertex 71.1153 36.443 0.49
    endloop
  endfacet
  facet normal 0 0 -1
    outer loop
      vertex 78.0743 32.8863 0.49
      vertex 76.4773 33.639 0.49
      vertex 77.8505 33.639 0.49
    endloop
  endfacet
  facet normal 0 -0 -1
    outer loop
      vertex 76.4773 33.639 0.49
      vertex 78.0743 32.8863 0.49
      vertex 76.2535 32.8863 0.49
    endloop
  endfacet
  facet normal 0 0 -1
    outer loop
      vertex 78.0743 32.8863 0.49
      vertex 79.4984 31.6656 0.49
      vertex 78.4981 31.6656 0.49
    endloop
  endfacet
  facet normal 0 0 -1
    outer loop
      vertex 77.8505 33.639 0.49
      vertex 79.4984 31.6656 0.49
      vertex 78.0743 32.8863 0.49
    endloop
  endfacet
  facet normal 0 0 -1
    outer loop
      vertex 77.8505 33.639 0.49
      vertex 77.7556 36.443 0.49
      vertex 79.4984 31.6656 0.49
    endloop
  endfacet
  facet normal 0 0 -1
    outer loop
      vertex 77.7074 34.056 0.49
      vertex 77.7556 36.443 0.49
      vertex 77.8505 33.639 0.49
    endloop
  endfacet
  facet normal 0 0 -1
    outer loop
      vertex 77.5842 34.4156 0.49
      vertex 77.7556 36.443 0.49
      vertex 77.7074 34.056 0.49
    endloop
  endfacet
  facet normal 0 0 -1
    outer loop
      vertex 77.481 34.718 0.49
      vertex 77.7556 36.443 0.49
      vertex 77.5842 34.4156 0.49
    endloop
  endfacet
  facet normal 0 0 -1
    outer loop
      vertex 77.3977 34.9631 0.49
      vertex 77.7556 36.443 0.49
      vertex 77.481 34.718 0.49
    endloop
  endfacet
  facet normal 0 0 -1
    outer loop
      vertex 77.3343 35.1509 0.49
      vertex 77.7556 36.443 0.49
      vertex 77.3977 34.9631 0.49
    endloop
  endfacet
  facet normal 0 0 -1
    outer loop
      vertex 77.2908 35.2814 0.49
      vertex 77.7556 36.443 0.49
      vertex 77.3343 35.1509 0.49
    endloop
  endfacet
  facet normal 0 0 -1
    outer loop
      vertex 77.2673 35.3546 0.49
      vertex 77.7556 36.443 0.49
      vertex 77.2908 35.2814 0.49
    endloop
  endfacet
  facet normal 0 0 -1
    outer loop
      vertex 77.254 35.3985 0.49
      vertex 77.7556 36.443 0.49
      vertex 77.2673 35.3546 0.49
    endloop
  endfacet
  facet normal 0 0 -1
    outer loop
      vertex 77.2413 35.441 0.49
      vertex 77.7556 36.443 0.49
      vertex 77.254 35.3985 0.49
    endloop
  endfacet
  facet normal 0 0 -1
    outer loop
      vertex 77.2291 35.4821 0.49
      vertex 77.7556 36.443 0.49
      vertex 77.2413 35.441 0.49
    endloop
  endfacet
  facet normal 0 0 -1
    outer loop
      vertex 77.2175 35.5218 0.49
      vertex 77.7556 36.443 0.49
      vertex 77.2291 35.4821 0.49
    endloop
  endfacet
  facet normal 0 0 -1
    outer loop
      vertex 77.2064 35.5601 0.49
      vertex 77.7556 36.443 0.49
      vertex 77.2175 35.5218 0.49
    endloop
  endfacet
  facet normal 0 0 -1
    outer loop
      vertex 77.1959 35.5971 0.49
      vertex 77.7556 36.443 0.49
      vertex 77.2064 35.5601 0.49
    endloop
  endfacet
  facet normal 0 0 -1
    outer loop
      vertex 77.1859 35.6327 0.49
      vertex 77.7556 36.443 0.49
      vertex 77.1959 35.5971 0.49
    endloop
  endfacet
  facet normal 0 0 -1
    outer loop
      vertex 77.1656 35.7073 0.49
      vertex 77.7556 36.443 0.49
      vertex 77.1859 35.6327 0.49
    endloop
  endfacet
  facet normal 0 0 -1
    outer loop
      vertex 76.5756 36.443 0.49
      vertex 77.0944 35.4733 0.49
      vertex 76.9486 35.0122 0.49
    endloop
  endfacet
  facet normal 0 0 -1
    outer loop
      vertex 77.1656 35.7073 0.49
      vertex 76.5756 36.443 0.49
      vertex 77.7556 36.443 0.49
    endloop
  endfacet
  facet normal 0 0 -1
    outer loop
      vertex 77.0944 35.4733 0.49
      vertex 76.5756 36.443 0.49
      vertex 77.1656 35.7073 0.49
    endloop
  endfacet
  facet normal 0 0 -1
    outer loop
      vertex 76.4773 33.639 0.49
      vertex 76.5756 36.443 0.49
      vertex 76.9486 35.0122 0.49
    endloop
  endfacet
  facet normal 0 0 -1
    outer loop
      vertex 74.8396 31.6656 0.49
      vertex 76.4773 33.639 0.49
      vertex 76.2535 32.8863 0.49
    endloop
  endfacet
  facet normal 0 0 -1
    outer loop
      vertex 74.8396 31.6656 0.49
      vertex 76.2535 32.8863 0.49
      vertex 75.8297 31.6656 0.49
    endloop
  endfacet
  facet normal -0 0 -1
    outer loop
      vertex 76.4773 33.639 0.49
      vertex 74.8396 31.6656 0.49
      vertex 76.5756 36.443 0.49
    endloop
  endfacet
  facet normal 0 0 -1
    outer loop
      vertex 81.6898 31.6656 0.49
      vertex 80.6895 31.6656 0.49
      vertex 81.6898 35.67 0.49
    endloop
  endfacet
  facet normal 0 0 -1
    outer loop
      vertex 81.6898 35.67 0.49
      vertex 83.2325 36.443 0.49
      vertex 83.2325 35.67 0.49
    endloop
  endfacet
  facet normal 0 0 -1
    outer loop
      vertex 80.6895 35.67 0.49
      vertex 81.6898 35.67 0.49
      vertex 80.6895 31.6656 0.49
    endloop
  endfacet
  facet normal 0 0 -1
    outer loop
      vertex 80.6895 35.67 0.49
      vertex 83.2325 36.443 0.49
      vertex 81.6898 35.67 0.49
    endloop
  endfacet
  facet normal 0 0 -1
    outer loop
      vertex 79.1434 36.443 0.49
      vertex 80.6895 35.67 0.49
      vertex 79.1434 35.67 0.49
    endloop
  endfacet
  facet normal 0 0 -1
    outer loop
      vertex 80.6895 35.67 0.49
      vertex 79.1434 36.443 0.49
      vertex 83.2325 36.443 0.49
    endloop
  endfacet
  facet normal 0.0876796 0.996149 -0
    outer loop
      vertex 47.6927 31.6054 0
      vertex 47.4348 31.6281 0.49
      vertex 47.6927 31.6054 0.49
    endloop
  endfacet
  facet normal 0.0876796 0.996149 0
    outer loop
      vertex 47.4348 31.6281 0.49
      vertex 47.6927 31.6054 0
      vertex 47.4348 31.6281 0
    endloop
  endfacet
  facet normal 0.157198 0.987567 -0
    outer loop
      vertex 47.4348 31.6281 0
      vertex 47.1967 31.666 0.49
      vertex 47.4348 31.6281 0.49
    endloop
  endfacet
  facet normal 0.157198 0.987567 0
    outer loop
      vertex 47.1967 31.666 0.49
      vertex 47.4348 31.6281 0
      vertex 47.1967 31.666 0
    endloop
  endfacet
  facet normal 0.236454 0.971643 -0
    outer loop
      vertex 47.1967 31.666 0
      vertex 46.9785 31.7191 0.49
      vertex 47.1967 31.666 0.49
    endloop
  endfacet
  facet normal 0.236454 0.971643 0
    outer loop
      vertex 46.9785 31.7191 0.49
      vertex 47.1967 31.666 0
      vertex 46.9785 31.7191 0
    endloop
  endfacet
  facet normal 0.324653 0.945833 -0
    outer loop
      vertex 46.9785 31.7191 0
      vertex 46.7801 31.7872 0.49
      vertex 46.9785 31.7191 0.49
    endloop
  endfacet
  facet normal 0.324653 0.945833 0
    outer loop
      vertex 46.7801 31.7872 0.49
      vertex 46.9785 31.7191 0
      vertex 46.7801 31.7872 0
    endloop
  endfacet
  facet normal 0.423497 0.905898 -0
    outer loop
      vertex 46.7801 31.7872 0
      vertex 46.6017 31.8706 0.49
      vertex 46.7801 31.7872 0.49
    endloop
  endfacet
  facet normal 0.423497 0.905898 0
    outer loop
      vertex 46.6017 31.8706 0.49
      vertex 46.7801 31.7872 0
      vertex 46.6017 31.8706 0
    endloop
  endfacet
  facet normal 0.52735 0.849648 -0
    outer loop
      vertex 46.6017 31.8706 0
      vertex 46.443 31.9691 0.49
      vertex 46.6017 31.8706 0.49
    endloop
  endfacet
  facet normal 0.52735 0.849648 0
    outer loop
      vertex 46.443 31.9691 0.49
      vertex 46.6017 31.8706 0
      vertex 46.443 31.9691 0
    endloop
  endfacet
  facet normal 0.632596 0.774482 -0
    outer loop
      vertex 46.443 31.9691 0
      vertex 46.3049 32.0819 0.49
      vertex 46.443 31.9691 0.49
    endloop
  endfacet
  facet normal 0.632596 0.774482 0
    outer loop
      vertex 46.3049 32.0819 0.49
      vertex 46.443 31.9691 0
      vertex 46.3049 32.0819 0
    endloop
  endfacet
  facet normal 0.734179 0.678956 0
    outer loop
      vertex 46.3049 32.0819 0.49
      vertex 46.1881 32.2082 0
      vertex 46.1881 32.2082 0.49
    endloop
  endfacet
  facet normal 0.734179 0.678956 0
    outer loop
      vertex 46.1881 32.2082 0
      vertex 46.3049 32.0819 0.49
      vertex 46.3049 32.0819 0
    endloop
  endfacet
  facet normal 0.82564 0.564197 0
    outer loop
      vertex 46.1881 32.2082 0.49
      vertex 46.0925 32.3481 0
      vertex 46.0925 32.3481 0.49
    endloop
  endfacet
  facet normal 0.82564 0.564197 0
    outer loop
      vertex 46.0925 32.3481 0
      vertex 46.1881 32.2082 0.49
      vertex 46.1881 32.2082 0
    endloop
  endfacet
  facet normal 0.899646 0.436619 0
    outer loop
      vertex 46.0925 32.3481 0.49
      vertex 46.0181 32.5014 0
      vertex 46.0181 32.5014 0.49
    endloop
  endfacet
  facet normal 0.899646 0.436619 0
    outer loop
      vertex 46.0181 32.5014 0
      vertex 46.0925 32.3481 0.49
      vertex 46.0925 32.3481 0
    endloop
  endfacet
  facet normal 0.952881 0.303345 0
    outer loop
      vertex 46.0181 32.5014 0.49
      vertex 45.965 32.6682 0
      vertex 45.965 32.6682 0.49
    endloop
  endfacet
  facet normal 0.952881 0.303345 0
    outer loop
      vertex 45.965 32.6682 0
      vertex 46.0181 32.5014 0.49
      vertex 46.0181 32.5014 0
    endloop
  endfacet
  facet normal 0.98469 0.174315 0
    outer loop
      vertex 45.965 32.6682 0.49
      vertex 45.9331 32.8484 0
      vertex 45.9331 32.8484 0.49
    endloop
  endfacet
  facet normal 0.98469 0.174315 0
    outer loop
      vertex 45.9331 32.8484 0
      vertex 45.965 32.6682 0.49
      vertex 45.965 32.6682 0
    endloop
  endfacet
  facet normal 0.998508 0.0546139 0
    outer loop
      vertex 45.9331 32.8484 0.49
      vertex 45.9225 33.0422 0
      vertex 45.9225 33.0422 0.49
    endloop
  endfacet
  facet normal 0.998508 0.0546139 0
    outer loop
      vertex 45.9225 33.0422 0
      vertex 45.9331 32.8484 0.49
      vertex 45.9331 32.8484 0
    endloop
  endfacet
  facet normal 0.999744 -0.0226402 0
    outer loop
      vertex 45.9225 33.0422 0.49
      vertex 45.9244 33.1261 0
      vertex 45.9244 33.1261 0.49
    endloop
  endfacet
  facet normal 0.999744 -0.0226402 0
    outer loop
      vertex 45.9244 33.1261 0
      vertex 45.9225 33.0422 0.49
      vertex 45.9225 33.0422 0
    endloop
  endfacet
  facet normal 0.997613 -0.069056 0
    outer loop
      vertex 45.9244 33.1261 0.49
      vertex 45.93 33.207 0
      vertex 45.93 33.207 0.49
    endloop
  endfacet
  facet normal 0.997613 -0.069056 0
    outer loop
      vertex 45.93 33.207 0
      vertex 45.9244 33.1261 0.49
      vertex 45.9244 33.1261 0
    endloop
  endfacet
  facet normal 0.993002 -0.118094 0
    outer loop
      vertex 45.93 33.207 0.49
      vertex 45.9393 33.2852 0
      vertex 45.9393 33.2852 0.49
    endloop
  endfacet
  facet normal 0.993002 -0.118094 0
    outer loop
      vertex 45.9393 33.2852 0
      vertex 45.93 33.207 0.49
      vertex 45.93 33.207 0
    endloop
  endfacet
  facet normal 0.985202 -0.171396 0
    outer loop
      vertex 45.9393 33.2852 0.49
      vertex 45.9524 33.3605 0
      vertex 45.9524 33.3605 0.49
    endloop
  endfacet
  facet normal 0.985202 -0.171396 0
    outer loop
      vertex 45.9524 33.3605 0
      vertex 45.9393 33.2852 0.49
      vertex 45.9393 33.2852 0
    endloop
  endfacet
  facet normal 0.974187 -0.225743 0
    outer loop
      vertex 45.9524 33.3605 0.49
      vertex 45.9692 33.433 0
      vertex 45.9692 33.433 0.49
    endloop
  endfacet
  facet normal 0.974187 -0.225743 0
    outer loop
      vertex 45.9692 33.433 0
      vertex 45.9524 33.3605 0.49
      vertex 45.9524 33.3605 0
    endloop
  endfacet
  facet normal 0.958881 -0.283807 0
    outer loop
      vertex 45.9692 33.433 0.49
      vertex 45.9898 33.5026 0
      vertex 45.9898 33.5026 0.49
    endloop
  endfacet
  facet normal 0.958881 -0.283807 0
    outer loop
      vertex 45.9898 33.5026 0
      vertex 45.9692 33.433 0.49
      vertex 45.9692 33.433 0
    endloop
  endfacet
  facet normal 0.939752 -0.341856 0
    outer loop
      vertex 45.9898 33.5026 0.49
      vertex 46.0141 33.5694 0
      vertex 46.0141 33.5694 0.49
    endloop
  endfacet
  facet normal 0.939752 -0.341856 0
    outer loop
      vertex 46.0141 33.5694 0
      vertex 45.9898 33.5026 0.49
      vertex 45.9898 33.5026 0
    endloop
  endfacet
  facet normal 0.917434 -0.397889 0
    outer loop
      vertex 46.0141 33.5694 0.49
      vertex 46.0419 33.6335 0
      vertex 46.0419 33.6335 0.49
    endloop
  endfacet
  facet normal 0.917434 -0.397889 0
    outer loop
      vertex 46.0419 33.6335 0
      vertex 46.0141 33.5694 0.49
      vertex 46.0141 33.5694 0
    endloop
  endfacet
  facet normal 0.892387 -0.451272 0
    outer loop
      vertex 46.0419 33.6335 0.49
      vertex 46.073 33.695 0
      vertex 46.073 33.695 0.49
    endloop
  endfacet
  facet normal 0.892387 -0.451272 0
    outer loop
      vertex 46.073 33.695 0
      vertex 46.0419 33.6335 0.49
      vertex 46.0419 33.6335 0
    endloop
  endfacet
  facet normal 0.862499 -0.506058 0
    outer loop
      vertex 46.073 33.695 0.49
      vertex 46.1075 33.7538 0
      vertex 46.1075 33.7538 0.49
    endloop
  endfacet
  facet normal 0.862499 -0.506058 0
    outer loop
      vertex 46.1075 33.7538 0
      vertex 46.073 33.695 0.49
      vertex 46.073 33.695 0
    endloop
  endfacet
  facet normal 0.829772 -0.558103 0
    outer loop
      vertex 46.1075 33.7538 0.49
      vertex 46.1453 33.81 0
      vertex 46.1453 33.81 0.49
    endloop
  endfacet
  facet normal 0.829772 -0.558103 0
    outer loop
      vertex 46.1453 33.81 0
      vertex 46.1075 33.7538 0.49
      vertex 46.1075 33.7538 0
    endloop
  endfacet
  facet normal 0.793559 -0.608494 0
    outer loop
      vertex 46.1453 33.81 0.49
      vertex 46.1864 33.8636 0
      vertex 46.1864 33.8636 0.49
    endloop
  endfacet
  facet normal 0.793559 -0.608494 0
    outer loop
      vertex 46.1864 33.8636 0
      vertex 46.1453 33.81 0.49
      vertex 46.1453 33.81 0
    endloop
  endfacet
  facet normal 0.753585 -0.657351 0
    outer loop
      vertex 46.1864 33.8636 0.49
      vertex 46.2308 33.9145 0
      vertex 46.2308 33.9145 0.49
    endloop
  endfacet
  facet normal 0.753585 -0.657351 0
    outer loop
      vertex 46.2308 33.9145 0
      vertex 46.1864 33.8636 0.49
      vertex 46.1864 33.8636 0
    endloop
  endfacet
  facet normal 0.710776 -0.703418 0
    outer loop
      vertex 46.2308 33.9145 0.49
      vertex 46.2786 33.9628 0
      vertex 46.2786 33.9628 0.49
    endloop
  endfacet
  facet normal 0.710776 -0.703418 0
    outer loop
      vertex 46.2786 33.9628 0
      vertex 46.2308 33.9145 0.49
      vertex 46.2308 33.9145 0
    endloop
  endfacet
  facet normal 0.664096 -0.747648 0
    outer loop
      vertex 46.2786 33.9628 0
      vertex 46.3305 34.0089 0.49
      vertex 46.2786 33.9628 0.49
    endloop
  endfacet
  facet normal 0.664096 -0.747648 0
    outer loop
      vertex 46.3305 34.0089 0.49
      vertex 46.2786 33.9628 0
      vertex 46.3305 34.0089 0
    endloop
  endfacet
  facet normal 0.615376 -0.788234 0
    outer loop
      vertex 46.3305 34.0089 0
      vertex 46.3875 34.0534 0.49
      vertex 46.3305 34.0089 0.49
    endloop
  endfacet
  facet normal 0.615376 -0.788234 0
    outer loop
      vertex 46.3875 34.0534 0.49
      vertex 46.3305 34.0089 0
      vertex 46.3875 34.0534 0
    endloop
  endfacet
  facet normal 0.569003 -0.822335 0
    outer loop
      vertex 46.3875 34.0534 0
      vertex 46.4495 34.0963 0.49
      vertex 46.3875 34.0534 0.49
    endloop
  endfacet
  facet normal 0.569003 -0.822335 0
    outer loop
      vertex 46.4495 34.0963 0.49
      vertex 46.3875 34.0534 0
      vertex 46.4495 34.0963 0
    endloop
  endfacet
  facet normal 0.522324 -0.852747 0
    outer loop
      vertex 46.4495 34.0963 0
      vertex 46.5166 34.1374 0.49
      vertex 46.4495 34.0963 0.49
    endloop
  endfacet
  facet normal 0.522324 -0.852747 0
    outer loop
      vertex 46.5166 34.1374 0.49
      vertex 46.4495 34.0963 0
      vertex 46.5166 34.1374 0
    endloop
  endfacet
  facet normal 0.480471 -0.877011 0
    outer loop
      vertex 46.5166 34.1374 0
      vertex 46.5887 34.1769 0.49
      vertex 46.5166 34.1374 0.49
    endloop
  endfacet
  facet normal 0.480471 -0.877011 0
    outer loop
      vertex 46.5887 34.1769 0.49
      vertex 46.5166 34.1374 0
      vertex 46.5887 34.1769 0
    endloop
  endfacet
  facet normal 0.44069 -0.897659 0
    outer loop
      vertex 46.5887 34.1769 0
      vertex 46.6659 34.2148 0.49
      vertex 46.5887 34.1769 0.49
    endloop
  endfacet
  facet normal 0.44069 -0.897659 0
    outer loop
      vertex 46.6659 34.2148 0.49
      vertex 46.5887 34.1769 0
      vertex 46.6659 34.2148 0
    endloop
  endfacet
  facet normal 0.402627 -0.915364 0
    outer loop
      vertex 46.6659 34.2148 0
      vertex 46.7482 34.251 0.49
      vertex 46.6659 34.2148 0.49
    endloop
  endfacet
  facet normal 0.402627 -0.915364 0
    outer loop
      vertex 46.7482 34.251 0.49
      vertex 46.6659 34.2148 0
      vertex 46.7482 34.251 0
    endloop
  endfacet
  facet normal 0.36026 -0.932852 0
    outer loop
      vertex 46.7482 34.251 0
      vertex 46.8409 34.2868 0.49
      vertex 46.7482 34.251 0.49
    endloop
  endfacet
  facet normal 0.36026 -0.932852 0
    outer loop
      vertex 46.8409 34.2868 0.49
      vertex 46.7482 34.251 0
      vertex 46.8409 34.2868 0
    endloop
  endfacet
  facet normal 0.319622 -0.947545 0
    outer loop
      vertex 46.8409 34.2868 0
      vertex 46.9497 34.3235 0.49
      vertex 46.8409 34.2868 0.49
    endloop
  endfacet
  facet normal 0.319622 -0.947545 0
    outer loop
      vertex 46.9497 34.3235 0.49
      vertex 46.8409 34.2868 0
      vertex 46.9497 34.3235 0
    endloop
  endfacet
  facet normal 0.288686 -0.957424 0
    outer loop
      vertex 46.9497 34.3235 0
      vertex 47.0744 34.3611 0.49
      vertex 46.9497 34.3235 0.49
    endloop
  endfacet
  facet normal 0.288686 -0.957424 0
    outer loop
      vertex 47.0744 34.3611 0.49
      vertex 46.9497 34.3235 0
      vertex 47.0744 34.3611 0
    endloop
  endfacet
  facet normal 0.263929 -0.964542 0
    outer loop
      vertex 47.0744 34.3611 0
      vertex 47.2151 34.3996 0.49
      vertex 47.0744 34.3611 0.49
    endloop
  endfacet
  facet normal 0.263929 -0.964542 0
    outer loop
      vertex 47.2151 34.3996 0.49
      vertex 47.0744 34.3611 0
      vertex 47.2151 34.3996 0
    endloop
  endfacet
  facet normal 0.243846 -0.969814 0
    outer loop
      vertex 47.2151 34.3996 0
      vertex 47.3718 34.439 0.49
      vertex 47.2151 34.3996 0.49
    endloop
  endfacet
  facet normal 0.243846 -0.969814 0
    outer loop
      vertex 47.3718 34.439 0.49
      vertex 47.2151 34.3996 0
      vertex 47.3718 34.439 0
    endloop
  endfacet
  facet normal 0.227372 -0.973808 0
    outer loop
      vertex 47.3718 34.439 0
      vertex 47.5444 34.4793 0.49
      vertex 47.3718 34.439 0.49
    endloop
  endfacet
  facet normal 0.227372 -0.973808 0
    outer loop
      vertex 47.5444 34.4793 0.49
      vertex 47.3718 34.439 0
      vertex 47.5444 34.4793 0
    endloop
  endfacet
  facet normal 0.213311 -0.976984 0
    outer loop
      vertex 47.5444 34.4793 0
      vertex 47.7331 34.5205 0.49
      vertex 47.5444 34.4793 0.49
    endloop
  endfacet
  facet normal 0.213311 -0.976984 0
    outer loop
      vertex 47.7331 34.5205 0.49
      vertex 47.5444 34.4793 0
      vertex 47.7331 34.5205 0
    endloop
  endfacet
  facet normal 0.216668 -0.976245 0
    outer loop
      vertex 47.7331 34.5205 0
      vertex 47.8908 34.5555 0.49
      vertex 47.7331 34.5205 0.49
    endloop
  endfacet
  facet normal 0.216668 -0.976245 0
    outer loop
      vertex 47.8908 34.5555 0.49
      vertex 47.7331 34.5205 0
      vertex 47.8908 34.5555 0
    endloop
  endfacet
  facet normal 0.227968 -0.973669 0
    outer loop
      vertex 47.8908 34.5555 0
      vertex 48.0326 34.5887 0.49
      vertex 47.8908 34.5555 0.49
    endloop
  endfacet
  facet normal 0.227968 -0.973669 0
    outer loop
      vertex 48.0326 34.5887 0.49
      vertex 47.8908 34.5555 0
      vertex 48.0326 34.5887 0
    endloop
  endfacet
  facet normal 0.243442 -0.969915 0
    outer loop
      vertex 48.0326 34.5887 0
      vertex 48.1585 34.6203 0.49
      vertex 48.0326 34.5887 0.49
    endloop
  endfacet
  facet normal 0.243442 -0.969915 0
    outer loop
      vertex 48.1585 34.6203 0.49
      vertex 48.0326 34.5887 0
      vertex 48.1585 34.6203 0
    endloop
  endfacet
  facet normal 0.260887 -0.965369 0
    outer loop
      vertex 48.1585 34.6203 0
      vertex 48.2684 34.65 0.49
      vertex 48.1585 34.6203 0.49
    endloop
  endfacet
  facet normal 0.260887 -0.965369 0
    outer loop
      vertex 48.2684 34.65 0.49
      vertex 48.1585 34.6203 0
      vertex 48.2684 34.65 0
    endloop
  endfacet
  facet normal 0.286133 -0.95819 0
    outer loop
      vertex 48.2684 34.65 0
      vertex 48.3625 34.6781 0.49
      vertex 48.2684 34.65 0.49
    endloop
  endfacet
  facet normal 0.286133 -0.95819 0
    outer loop
      vertex 48.3625 34.6781 0.49
      vertex 48.2684 34.65 0
      vertex 48.3625 34.6781 0
    endloop
  endfacet
  facet normal 0.319139 -0.947708 0
    outer loop
      vertex 48.3625 34.6781 0
      vertex 48.4406 34.7044 0.49
      vertex 48.3625 34.6781 0.49
    endloop
  endfacet
  facet normal 0.319139 -0.947708 0
    outer loop
      vertex 48.4406 34.7044 0.49
      vertex 48.3625 34.6781 0
      vertex 48.4406 34.7044 0
    endloop
  endfacet
  facet normal 0.367779 -0.929913 0
    outer loop
      vertex 48.4406 34.7044 0
      vertex 48.5028 34.729 0.49
      vertex 48.4406 34.7044 0.49
    endloop
  endfacet
  facet normal 0.367779 -0.929913 0
    outer loop
      vertex 48.5028 34.729 0.49
      vertex 48.4406 34.7044 0
      vertex 48.5028 34.729 0
    endloop
  endfacet
  facet normal 0.423548 -0.905874 0
    outer loop
      vertex 48.5028 34.729 0
      vertex 48.5552 34.7535 0.49
      vertex 48.5028 34.729 0.49
    endloop
  endfacet
  facet normal 0.423548 -0.905874 0
    outer loop
      vertex 48.5552 34.7535 0.49
      vertex 48.5028 34.729 0
      vertex 48.5552 34.7535 0
    endloop
  endfacet
  facet normal 0.47106 -0.882101 0
    outer loop
      vertex 48.5552 34.7535 0
      vertex 48.6037 34.7794 0.49
      vertex 48.5552 34.7535 0.49
    endloop
  endfacet
  facet normal 0.47106 -0.882101 0
    outer loop
      vertex 48.6037 34.7794 0.49
      vertex 48.5552 34.7535 0
      vertex 48.6037 34.7794 0
    endloop
  endfacet
  facet normal 0.522607 -0.852574 0
    outer loop
      vertex 48.6037 34.7794 0
      vertex 48.6484 34.8068 0.49
      vertex 48.6037 34.7794 0.49
    endloop
  endfacet
  facet normal 0.522607 -0.852574 0
    outer loop
      vertex 48.6484 34.8068 0.49
      vertex 48.6037 34.7794 0
      vertex 48.6484 34.8068 0
    endloop
  endfacet
  facet normal 0.574801 -0.818293 0
    outer loop
      vertex 48.6484 34.8068 0
      vertex 48.6894 34.8356 0.49
      vertex 48.6484 34.8068 0.49
    endloop
  endfacet
  facet normal 0.574801 -0.818293 0
    outer loop
      vertex 48.6894 34.8356 0.49
      vertex 48.6484 34.8068 0
      vertex 48.6894 34.8356 0
    endloop
  endfacet
  facet normal 0.632555 -0.774515 0
    outer loop
      vertex 48.6894 34.8356 0
      vertex 48.7265 34.8659 0.49
      vertex 48.6894 34.8356 0.49
    endloop
  endfacet
  facet normal 0.632555 -0.774515 0
    outer loop
      vertex 48.7265 34.8659 0.49
      vertex 48.6894 34.8356 0
      vertex 48.7265 34.8659 0
    endloop
  endfacet
  facet normal 0.689492 -0.724293 0
    outer loop
      vertex 48.7265 34.8659 0
      vertex 48.7598 34.8976 0.49
      vertex 48.7265 34.8659 0.49
    endloop
  endfacet
  facet normal 0.689492 -0.724293 0
    outer loop
      vertex 48.7598 34.8976 0.49
      vertex 48.7265 34.8659 0
      vertex 48.7598 34.8976 0
    endloop
  endfacet
  facet normal 0.747534 -0.664224 0
    outer loop
      vertex 48.7598 34.8976 0.49
      vertex 48.7893 34.9308 0
      vertex 48.7893 34.9308 0.49
    endloop
  endfacet
  facet normal 0.747534 -0.664224 0
    outer loop
      vertex 48.7893 34.9308 0
      vertex 48.7598 34.8976 0.49
      vertex 48.7598 34.8976 0
    endloop
  endfacet
  facet normal 0.809529 -0.58708 0
    outer loop
      vertex 48.7893 34.9308 0.49
      vertex 48.8149 34.9661 0
      vertex 48.8149 34.9661 0.49
    endloop
  endfacet
  facet normal 0.809529 -0.58708 0
    outer loop
      vertex 48.8149 34.9661 0
      vertex 48.7893 34.9308 0.49
      vertex 48.7893 34.9308 0
    endloop
  endfacet
  facet normal 0.868384 -0.495893 0
    outer loop
      vertex 48.8149 34.9661 0.49
      vertex 48.8366 35.0041 0
      vertex 48.8366 35.0041 0.49
    endloop
  endfacet
  facet normal 0.868384 -0.495893 0
    outer loop
      vertex 48.8366 35.0041 0
      vertex 48.8149 34.9661 0.49
      vertex 48.8149 34.9661 0
    endloop
  endfacet
  facet normal 0.916927 -0.399054 0
    outer loop
      vertex 48.8366 35.0041 0.49
      vertex 48.8544 35.045 0
      vertex 48.8544 35.045 0.49
    endloop
  endfacet
  facet normal 0.916927 -0.399054 0
    outer loop
      vertex 48.8544 35.045 0
      vertex 48.8366 35.0041 0.49
      vertex 48.8366 35.0041 0
    endloop
  endfacet
  facet normal 0.953384 -0.301759 0
    outer loop
      vertex 48.8544 35.045 0.49
      vertex 48.8682 35.0886 0
      vertex 48.8682 35.0886 0.49
    endloop
  endfacet
  facet normal 0.953384 -0.301759 0
    outer loop
      vertex 48.8682 35.0886 0
      vertex 48.8544 35.045 0.49
      vertex 48.8544 35.045 0
    endloop
  endfacet
  facet normal 0.978325 -0.207075 0
    outer loop
      vertex 48.8682 35.0886 0.49
      vertex 48.878 35.1349 0
      vertex 48.878 35.1349 0.49
    endloop
  endfacet
  facet normal 0.978325 -0.207075 0
    outer loop
      vertex 48.878 35.1349 0
      vertex 48.8682 35.0886 0.49
      vertex 48.8682 35.0886 0
    endloop
  endfacet
  facet normal 0.992886 -0.119066 0
    outer loop
      vertex 48.878 35.1349 0.49
      vertex 48.8839 35.1841 0
      vertex 48.8839 35.1841 0.49
    endloop
  endfacet
  facet normal 0.992886 -0.119066 0
    outer loop
      vertex 48.8839 35.1841 0
      vertex 48.878 35.1349 0.49
      vertex 48.878 35.1349 0
    endloop
  endfacet
  facet normal 0.999258 -0.0385071 0
    outer loop
      vertex 48.8839 35.1841 0.49
      vertex 48.8859 35.236 0
      vertex 48.8859 35.236 0.49
    endloop
  endfacet
  facet normal 0.999258 -0.0385071 0
    outer loop
      vertex 48.8859 35.236 0
      vertex 48.8839 35.1841 0.49
      vertex 48.8839 35.1841 0
    endloop
  endfacet
  facet normal 0.992588 0.121528 0
    outer loop
      vertex 48.8859 35.236 0.49
      vertex 48.8674 35.3871 0
      vertex 48.8674 35.3871 0.49
    endloop
  endfacet
  facet normal 0.992588 0.121528 0
    outer loop
      vertex 48.8674 35.3871 0
      vertex 48.8859 35.236 0.49
      vertex 48.8859 35.236 0
    endloop
  endfacet
  facet normal 0.916831 0.399276 0
    outer loop
      vertex 48.8674 35.3871 0.49
      vertex 48.8117 35.515 0
      vertex 48.8117 35.515 0.49
    endloop
  endfacet
  facet normal 0.916831 0.399276 0
    outer loop
      vertex 48.8117 35.515 0
      vertex 48.8674 35.3871 0.49
      vertex 48.8674 35.3871 0
    endloop
  endfacet
  facet normal 0.748395 0.663253 0
    outer loop
      vertex 48.8117 35.515 0.49
      vertex 48.719 35.6196 0
      vertex 48.719 35.6196 0.49
    endloop
  endfacet
  facet normal 0.748395 0.663253 0
    outer loop
      vertex 48.719 35.6196 0
      vertex 48.8117 35.515 0.49
      vertex 48.8117 35.515 0
    endloop
  endfacet
  facet normal 0.53082 0.847484 -0
    outer loop
      vertex 48.719 35.6196 0
      vertex 48.5892 35.7009 0.49
      vertex 48.719 35.6196 0.49
    endloop
  endfacet
  facet normal 0.53082 0.847484 0
    outer loop
      vertex 48.5892 35.7009 0.49
      vertex 48.719 35.6196 0
      vertex 48.5892 35.7009 0
    endloop
  endfacet
  facet normal 0.329267 0.944237 -0
    outer loop
      vertex 48.5892 35.7009 0
      vertex 48.4223 35.7591 0.49
      vertex 48.5892 35.7009 0.49
    endloop
  endfacet
  facet normal 0.329267 0.944237 0
    outer loop
      vertex 48.4223 35.7591 0.49
      vertex 48.5892 35.7009 0
      vertex 48.4223 35.7591 0
    endloop
  endfacet
  facet normal 0.168159 0.98576 -0
    outer loop
      vertex 48.4223 35.7591 0
      vertex 48.2183 35.7939 0.49
      vertex 48.4223 35.7591 0.49
    endloop
  endfacet
  facet normal 0.168159 0.98576 0
    outer loop
      vertex 48.2183 35.7939 0.49
      vertex 48.4223 35.7591 0
      vertex 48.2183 35.7939 0
    endloop
  endfacet
  facet normal 0.0484705 0.998825 -0
    outer loop
      vertex 48.2183 35.7939 0
      vertex 47.9772 35.8056 0.49
      vertex 48.2183 35.7939 0.49
    endloop
  endfacet
  facet normal 0.0484705 0.998825 0
    outer loop
      vertex 47.9772 35.8056 0.49
      vertex 48.2183 35.7939 0
      vertex 47.9772 35.8056 0
    endloop
  endfacet
  facet normal -0.0271087 0.999632 0
    outer loop
      vertex 47.9772 35.8056 0
      vertex 47.8592 35.8024 0.49
      vertex 47.9772 35.8056 0.49
    endloop
  endfacet
  facet normal -0.0271087 0.999632 0
    outer loop
      vertex 47.8592 35.8024 0.49
      vertex 47.9772 35.8056 0
      vertex 47.8592 35.8024 0
    endloop
  endfacet
  facet normal -0.0870208 0.996206 0
    outer loop
      vertex 47.8592 35.8024 0
      vertex 47.7493 35.7928 0.49
      vertex 47.8592 35.8024 0.49
    endloop
  endfacet
  facet normal -0.0870208 0.996206 0
    outer loop
      vertex 47.7493 35.7928 0.49
      vertex 47.8592 35.8024 0
      vertex 47.7493 35.7928 0
    endloop
  endfacet
  facet normal -0.154318 0.988021 0
    outer loop
      vertex 47.7493 35.7928 0
      vertex 47.6475 35.7769 0.49
      vertex 47.7493 35.7928 0.49
    endloop
  endfacet
  facet normal -0.154318 0.988021 0
    outer loop
      vertex 47.6475 35.7769 0.49
      vertex 47.7493 35.7928 0
      vertex 47.6475 35.7769 0
    endloop
  endfacet
  facet normal -0.231527 0.972828 0
    outer loop
      vertex 47.6475 35.7769 0
      vertex 47.5538 35.7546 0.49
      vertex 47.6475 35.7769 0.49
    endloop
  endfacet
  facet normal -0.231527 0.972828 0
    outer loop
      vertex 47.5538 35.7546 0.49
      vertex 47.6475 35.7769 0
      vertex 47.5538 35.7546 0
    endloop
  endfacet
  facet normal -0.31656 0.948573 0
    outer loop
      vertex 47.5538 35.7546 0
      vertex 47.4681 35.726 0.49
      vertex 47.5538 35.7546 0.49
    endloop
  endfacet
  facet normal -0.31656 0.948573 0
    outer loop
      vertex 47.4681 35.726 0.49
      vertex 47.5538 35.7546 0
      vertex 47.4681 35.726 0
    endloop
  endfacet
  facet normal -0.412563 0.910929 0
    outer loop
      vertex 47.4681 35.726 0
      vertex 47.3906 35.6909 0.49
      vertex 47.4681 35.726 0.49
    endloop
  endfacet
  facet normal -0.412563 0.910929 0
    outer loop
      vertex 47.3906 35.6909 0.49
      vertex 47.4681 35.726 0
      vertex 47.3906 35.6909 0
    endloop
  endfacet
  facet normal -0.511397 0.859345 0
    outer loop
      vertex 47.3906 35.6909 0
      vertex 47.3212 35.6496 0.49
      vertex 47.3906 35.6909 0.49
    endloop
  endfacet
  facet normal -0.511397 0.859345 0
    outer loop
      vertex 47.3212 35.6496 0.49
      vertex 47.3906 35.6909 0
      vertex 47.3212 35.6496 0
    endloop
  endfacet
  facet normal -0.607923 0.793996 0
    outer loop
      vertex 47.3212 35.6496 0
      vertex 47.2589 35.6019 0.49
      vertex 47.3212 35.6496 0.49
    endloop
  endfacet
  facet normal -0.607923 0.793996 0
    outer loop
      vertex 47.2589 35.6019 0.49
      vertex 47.3212 35.6496 0
      vertex 47.2589 35.6019 0
    endloop
  endfacet
  facet normal -0.694112 0.719867 0
    outer loop
      vertex 47.2589 35.6019 0
      vertex 47.203 35.548 0.49
      vertex 47.2589 35.6019 0.49
    endloop
  endfacet
  facet normal -0.694112 0.719867 0
    outer loop
      vertex 47.203 35.548 0.49
      vertex 47.2589 35.6019 0
      vertex 47.203 35.548 0
    endloop
  endfacet
  facet normal -0.770633 0.637279 0
    outer loop
      vertex 47.1533 35.4879 0
      vertex 47.203 35.548 0.49
      vertex 47.203 35.548 0
    endloop
  endfacet
  facet normal -0.770633 0.637279 0
    outer loop
      vertex 47.203 35.548 0.49
      vertex 47.1533 35.4879 0
      vertex 47.1533 35.4879 0.49
    endloop
  endfacet
  facet normal -0.837636 0.546229 0
    outer loop
      vertex 47.11 35.4215 0
      vertex 47.1533 35.4879 0.49
      vertex 47.1533 35.4879 0
    endloop
  endfacet
  facet normal -0.837636 0.546229 0
    outer loop
      vertex 47.1533 35.4879 0.49
      vertex 47.11 35.4215 0
      vertex 47.11 35.4215 0.49
    endloop
  endfacet
  facet normal -0.890468 0.455046 0
    outer loop
      vertex 47.0729 35.3489 0
      vertex 47.11 35.4215 0.49
      vertex 47.11 35.4215 0
    endloop
  endfacet
  facet normal -0.890468 0.455046 0
    outer loop
      vertex 47.11 35.4215 0.49
      vertex 47.0729 35.3489 0
      vertex 47.0729 35.3489 0.49
    endloop
  endfacet
  facet normal -0.931783 0.363017 0
    outer loop
      vertex 47.0422 35.2701 0
      vertex 47.0729 35.3489 0.49
      vertex 47.0729 35.3489 0
    endloop
  endfacet
  facet normal -0.931783 0.363017 0
    outer loop
      vertex 47.0729 35.3489 0.49
      vertex 47.0422 35.2701 0
      vertex 47.0422 35.2701 0.49
    endloop
  endfacet
  facet normal -0.960881 0.27696 0
    outer loop
      vertex 47.0177 35.1851 0
      vertex 47.0422 35.2701 0.49
      vertex 47.0422 35.2701 0
    endloop
  endfacet
  facet normal -0.960881 0.27696 0
    outer loop
      vertex 47.0422 35.2701 0.49
      vertex 47.0177 35.1851 0
      vertex 47.0177 35.1851 0.49
    endloop
  endfacet
  facet normal 0.135081 0.990835 -0
    outer loop
      vertex 47.0177 35.1851 0
      vertex 46.048 35.3173 0.49
      vertex 47.0177 35.1851 0.49
    endloop
  endfacet
  facet normal 0.135081 0.990835 0
    outer loop
      vertex 46.048 35.3173 0.49
      vertex 47.0177 35.1851 0
      vertex 46.048 35.3173 0
    endloop
  endfacet
  facet normal 0.971078 -0.238762 0
    outer loop
      vertex 46.048 35.3173 0.49
      vertex 46.0912 35.493 0
      vertex 46.0912 35.493 0.49
    endloop
  endfacet
  facet normal 0.971078 -0.238762 0
    outer loop
      vertex 46.0912 35.493 0
      vertex 46.048 35.3173 0.49
      vertex 46.048 35.3173 0
    endloop
  endfacet
  facet normal 0.943886 -0.330272 0
    outer loop
      vertex 46.0912 35.493 0.49
      vertex 46.1475 35.6539 0
      vertex 46.1475 35.6539 0.49
    endloop
  endfacet
  facet normal 0.943886 -0.330272 0
    outer loop
      vertex 46.1475 35.6539 0
      vertex 46.0912 35.493 0.49
      vertex 46.0912 35.493 0
    endloop
  endfacet
  facet normal 0.90399 -0.427554 0
    outer loop
      vertex 46.1475 35.6539 0.49
      vertex 46.2166 35.8 0
      vertex 46.2166 35.8 0.49
    endloop
  endfacet
  facet normal 0.90399 -0.427554 0
    outer loop
      vertex 46.2166 35.8 0
      vertex 46.1475 35.6539 0.49
      vertex 46.1475 35.6539 0
    endloop
  endfacet
  facet normal 0.847417 -0.530928 0
    outer loop
      vertex 46.2166 35.8 0.49
      vertex 46.2988 35.9312 0
      vertex 46.2988 35.9312 0.49
    endloop
  endfacet
  facet normal 0.847417 -0.530928 0
    outer loop
      vertex 46.2988 35.9312 0
      vertex 46.2166 35.8 0.49
      vertex 46.2166 35.8 0
    endloop
  endfacet
  facet normal 0.774994 -0.631969 0
    outer loop
      vertex 46.2988 35.9312 0.49
      vertex 46.3938 36.0477 0
      vertex 46.3938 36.0477 0.49
    endloop
  endfacet
  facet normal 0.774994 -0.631969 0
    outer loop
      vertex 46.3938 36.0477 0
      vertex 46.2988 35.9312 0.49
      vertex 46.2988 35.9312 0
    endloop
  endfacet
  facet normal 0.685196 -0.728358 0
    outer loop
      vertex 46.3938 36.0477 0
      vertex 46.5018 36.1493 0.49
      vertex 46.3938 36.0477 0.49
    endloop
  endfacet
  facet normal 0.685196 -0.728358 0
    outer loop
      vertex 46.5018 36.1493 0.49
      vertex 46.3938 36.0477 0
      vertex 46.5018 36.1493 0
    endloop
  endfacet
  facet normal 0.58365 -0.812005 0
    outer loop
      vertex 46.5018 36.1493 0
      vertex 46.6227 36.2362 0.49
      vertex 46.5018 36.1493 0.49
    endloop
  endfacet
  facet normal 0.58365 -0.812005 0
    outer loop
      vertex 46.6227 36.2362 0.49
      vertex 46.5018 36.1493 0
      vertex 46.6227 36.2362 0
    endloop
  endfacet
  facet normal 0.475369 -0.879787 0
    outer loop
      vertex 46.6227 36.2362 0
      vertex 46.7591 36.3099 0.49
      vertex 46.6227 36.2362 0.49
    endloop
  endfacet
  facet normal 0.475369 -0.879787 0
    outer loop
      vertex 46.7591 36.3099 0.49
      vertex 46.6227 36.2362 0
      vertex 46.7591 36.3099 0
    endloop
  endfacet
  facet normal 0.375009 -0.927021 0
    outer loop
      vertex 46.7591 36.3099 0
      vertex 46.9136 36.3724 0.49
      vertex 46.7591 36.3099 0.49
    endloop
  endfacet
  facet normal 0.375009 -0.927021 0
    outer loop
      vertex 46.9136 36.3724 0.49
      vertex 46.7591 36.3099 0
      vertex 46.9136 36.3724 0
    endloop
  endfacet
  facet normal 0.283369 -0.959011 0
    outer loop
      vertex 46.9136 36.3724 0
      vertex 47.0862 36.4234 0.49
      vertex 46.9136 36.3724 0.49
    endloop
  endfacet
  facet normal 0.283369 -0.959011 0
    outer loop
      vertex 47.0862 36.4234 0.49
      vertex 46.9136 36.3724 0
      vertex 47.0862 36.4234 0
    endloop
  endfacet
  facet normal 0.204508 -0.978865 0
    outer loop
      vertex 47.0862 36.4234 0
      vertex 47.2767 36.4632 0.49
      vertex 47.0862 36.4234 0.49
    endloop
  endfacet
  facet normal 0.204508 -0.978865 0
    outer loop
      vertex 47.2767 36.4632 0.49
      vertex 47.0862 36.4234 0
      vertex 47.2767 36.4632 0
    endloop
  endfacet
  facet normal 0.134372 -0.990931 0
    outer loop
      vertex 47.2767 36.4632 0
      vertex 47.4854 36.4915 0.49
      vertex 47.2767 36.4632 0.49
    endloop
  endfacet
  facet normal 0.134372 -0.990931 0
    outer loop
      vertex 47.4854 36.4915 0.49
      vertex 47.2767 36.4632 0
      vertex 47.4854 36.4915 0
    endloop
  endfacet
  facet normal 0.074779 -0.9972 0
    outer loop
      vertex 47.4854 36.4915 0
      vertex 47.7121 36.5085 0.49
      vertex 47.4854 36.4915 0.49
    endloop
  endfacet
  facet normal 0.074779 -0.9972 0
    outer loop
      vertex 47.7121 36.5085 0.49
      vertex 47.4854 36.4915 0
      vertex 47.7121 36.5085 0
    endloop
  endfacet
  facet normal 0.023278 -0.999729 0
    outer loop
      vertex 47.7121 36.5085 0
      vertex 47.9569 36.5142 0.49
      vertex 47.7121 36.5085 0.49
    endloop
  endfacet
  facet normal 0.023278 -0.999729 0
    outer loop
      vertex 47.9569 36.5142 0.49
      vertex 47.7121 36.5085 0
      vertex 47.9569 36.5142 0
    endloop
  endfacet
  facet normal -0.0272909 -0.999628 0
    outer loop
      vertex 47.9569 36.5142 0
      vertex 48.2133 36.5072 0.49
      vertex 47.9569 36.5142 0.49
    endloop
  endfacet
  facet normal -0.0272909 -0.999628 -0
    outer loop
      vertex 48.2133 36.5072 0.49
      vertex 47.9569 36.5142 0
      vertex 48.2133 36.5072 0
    endloop
  endfacet
  facet normal -0.0881621 -0.996106 0
    outer loop
      vertex 48.2133 36.5072 0
      vertex 48.4517 36.4861 0.49
      vertex 48.2133 36.5072 0.49
    endloop
  endfacet
  facet normal -0.0881621 -0.996106 -0
    outer loop
      vertex 48.4517 36.4861 0.49
      vertex 48.2133 36.5072 0
      vertex 48.4517 36.4861 0
    endloop
  endfacet
  facet normal -0.157413 -0.987533 0
    outer loop
      vertex 48.4517 36.4861 0
      vertex 48.6719 36.451 0.49
      vertex 48.4517 36.4861 0.49
    endloop
  endfacet
  facet normal -0.157413 -0.987533 -0
    outer loop
      vertex 48.6719 36.451 0.49
      vertex 48.4517 36.4861 0
      vertex 48.6719 36.451 0
    endloop
  endfacet
  facet normal -0.236315 -0.971677 0
    outer loop
      vertex 48.6719 36.451 0
      vertex 48.8742 36.4018 0.49
      vertex 48.6719 36.451 0.49
    endloop
  endfacet
  facet normal -0.236315 -0.971677 -0
    outer loop
      vertex 48.8742 36.4018 0.49
      vertex 48.6719 36.451 0
      vertex 48.8742 36.4018 0
    endloop
  endfacet
  facet normal -0.324692 -0.94582 0
    outer loop
      vertex 48.8742 36.4018 0
      vertex 49.0583 36.3386 0.49
      vertex 48.8742 36.4018 0.49
    endloop
  endfacet
  facet normal -0.324692 -0.94582 -0
    outer loop
      vertex 49.0583 36.3386 0.49
      vertex 48.8742 36.4018 0
      vertex 49.0583 36.3386 0
    endloop
  endfacet
  facet normal -0.42148 -0.906838 0
    outer loop
      vertex 49.0583 36.3386 0
      vertex 49.2244 36.2614 0.49
      vertex 49.0583 36.3386 0.49
    endloop
  endfacet
  facet normal -0.42148 -0.906838 -0
    outer loop
      vertex 49.2244 36.2614 0.49
      vertex 49.0583 36.3386 0
      vertex 49.2244 36.2614 0
    endloop
  endfacet
  facet normal -0.524771 -0.851244 0
    outer loop
      vertex 49.2244 36.2614 0
      vertex 49.3725 36.1701 0.49
      vertex 49.2244 36.2614 0.49
    endloop
  endfacet
  facet normal -0.524771 -0.851244 -0
    outer loop
      vertex 49.3725 36.1701 0.49
      vertex 49.2244 36.2614 0
      vertex 49.3725 36.1701 0
    endloop
  endfacet
  facet normal -0.629164 -0.777273 0
    outer loop
      vertex 49.3725 36.1701 0
      vertex 49.5016 36.0656 0.49
      vertex 49.3725 36.1701 0.49
    endloop
  endfacet
  facet normal -0.629164 -0.777273 -0
    outer loop
      vertex 49.5016 36.0656 0.49
      vertex 49.3725 36.1701 0
      vertex 49.5016 36.0656 0
    endloop
  endfacet
  facet normal -0.731055 -0.682318 0
    outer loop
      vertex 49.6108 35.9486 0
      vertex 49.5016 36.0656 0.49
      vertex 49.5016 36.0656 0
    endloop
  endfacet
  facet normal -0.731055 -0.682318 0
    outer loop
      vertex 49.5016 36.0656 0.49
      vertex 49.6108 35.9486 0
      vertex 49.6108 35.9486 0.49
    endloop
  endfacet
  facet normal -0.822627 -0.568581 0
    outer loop
      vertex 49.7001 35.8194 0
      vertex 49.6108 35.9486 0.49
      vertex 49.6108 35.9486 0
    endloop
  endfacet
  facet normal -0.822627 -0.568581 0
    outer loop
      vertex 49.6108 35.9486 0.49
      vertex 49.7001 35.8194 0
      vertex 49.7001 35.8194 0.49
    endloop
  endfacet
  facet normal -0.897572 -0.440868 0
    outer loop
      vertex 49.7697 35.6777 0
      vertex 49.7001 35.8194 0.49
      vertex 49.7001 35.8194 0
    endloop
  endfacet
  facet normal -0.897572 -0.440868 0
    outer loop
      vertex 49.7001 35.8194 0.49
      vertex 49.7697 35.6777 0
      vertex 49.7697 35.6777 0.49
    endloop
  endfacet
  facet normal -0.951906 -0.306389 0
    outer loop
      vertex 49.8193 35.5236 0
      vertex 49.7697 35.6777 0.49
      vertex 49.7697 35.6777 0
    endloop
  endfacet
  facet normal -0.951906 -0.306389 0
    outer loop
      vertex 49.7697 35.6777 0.49
      vertex 49.8193 35.5236 0
      vertex 49.8193 35.5236 0.49
    endloop
  endfacet
  facet normal -0.984358 -0.176179 0
    outer loop
      vertex 49.8491 35.3571 0
      vertex 49.8193 35.5236 0.49
      vertex 49.8193 35.5236 0
    endloop
  endfacet
  facet normal -0.984358 -0.176179 0
    outer loop
      vertex 49.8193 35.5236 0.49
      vertex 49.8491 35.3571 0
      vertex 49.8491 35.3571 0.49
    endloop
  endfacet
  facet normal -0.998471 -0.0552844 0
    outer loop
      vertex 49.859 35.1783 0
      vertex 49.8491 35.3571 0.49
      vertex 49.8491 35.3571 0
    endloop
  endfacet
  facet normal -0.998471 -0.0552844 0
    outer loop
      vertex 49.8491 35.3571 0.49
      vertex 49.859 35.1783 0
      vertex 49.859 35.1783 0.49
    endloop
  endfacet
  facet normal -0.999835 0.0181788 0
    outer loop
      vertex 49.8577 35.1068 0
      vertex 49.859 35.1783 0.49
      vertex 49.859 35.1783 0
    endloop
  endfacet
  facet normal -0.999835 0.0181788 0
    outer loop
      vertex 49.859 35.1783 0.49
      vertex 49.8577 35.1068 0
      vertex 49.8577 35.1068 0.49
    endloop
  endfacet
  facet normal -0.998244 0.0592301 0
    outer loop
      vertex 49.8536 35.0377 0
      vertex 49.8577 35.1068 0.49
      vertex 49.8577 35.1068 0
    endloop
  endfacet
  facet normal -0.998244 0.0592301 0
    outer loop
      vertex 49.8577 35.1068 0.49
      vertex 49.8536 35.0377 0
      vertex 49.8536 35.0377 0.49
    endloop
  endfacet
  facet normal -0.995008 0.0997987 0
    outer loop
      vertex 49.8469 34.9709 0
      vertex 49.8536 35.0377 0.49
      vertex 49.8536 35.0377 0
    endloop
  endfacet
  facet normal -0.995008 0.0997987 0
    outer loop
      vertex 49.8536 35.0377 0.49
      vertex 49.8469 34.9709 0
      vertex 49.8469 34.9709 0.49
    endloop
  endfacet
  facet normal -0.989294 0.145936 0
    outer loop
      vertex 49.8374 34.9065 0
      vertex 49.8469 34.9709 0.49
      vertex 49.8469 34.9709 0
    endloop
  endfacet
  facet normal -0.989294 0.145936 0
    outer loop
      vertex 49.8469 34.9709 0.49
      vertex 49.8374 34.9065 0
      vertex 49.8374 34.9065 0.49
    endloop
  endfacet
  facet normal -0.981483 0.191548 0
    outer loop
      vertex 49.8253 34.8445 0
      vertex 49.8374 34.9065 0.49
      vertex 49.8374 34.9065 0
    endloop
  endfacet
  facet normal -0.981483 0.191548 0
    outer loop
      vertex 49.8374 34.9065 0.49
      vertex 49.8253 34.8445 0
      vertex 49.8253 34.8445 0.49
    endloop
  endfacet
  facet normal -0.970713 0.240243 0
    outer loop
      vertex 49.8105 34.7847 0
      vertex 49.8253 34.8445 0.49
      vertex 49.8253 34.8445 0
    endloop
  endfacet
  facet normal -0.970713 0.240243 0
    outer loop
      vertex 49.8253 34.8445 0.49
      vertex 49.8105 34.7847 0
      vertex 49.8105 34.7847 0.49
    endloop
  endfacet
  facet normal -0.955923 0.293617 0
    outer loop
      vertex 49.7929 34.7274 0
      vertex 49.8105 34.7847 0.49
      vertex 49.8105 34.7847 0
    endloop
  endfacet
  facet normal -0.955923 0.293617 0
    outer loop
      vertex 49.8105 34.7847 0.49
      vertex 49.7929 34.7274 0
      vertex 49.7929 34.7274 0.49
    endloop
  endfacet
  facet normal -0.940735 0.339142 0
    outer loop
      vertex 49.773 34.6722 0
      vertex 49.7929 34.7274 0.49
      vertex 49.7929 34.7274 0
    endloop
  endfacet
  facet normal -0.940735 0.339142 0
    outer loop
      vertex 49.7929 34.7274 0.49
      vertex 49.773 34.6722 0
      vertex 49.773 34.6722 0.49
    endloop
  endfacet
  facet normal -0.923231 0.384245 0
    outer loop
      vertex 49.7509 34.6191 0
      vertex 49.773 34.6722 0.49
      vertex 49.773 34.6722 0
    endloop
  endfacet
  facet normal -0.923231 0.384245 0
    outer loop
      vertex 49.773 34.6722 0.49
      vertex 49.7509 34.6191 0
      vertex 49.7509 34.6191 0.49
    endloop
  endfacet
  facet normal -0.902762 0.43014 0
    outer loop
      vertex 49.7266 34.5681 0
      vertex 49.7509 34.6191 0.49
      vertex 49.7509 34.6191 0
    endloop
  endfacet
  facet normal -0.902762 0.43014 0
    outer loop
      vertex 49.7509 34.6191 0.49
      vertex 49.7266 34.5681 0
      vertex 49.7266 34.5681 0.49
    endloop
  endfacet
  facet normal -0.879951 0.475065 0
    outer loop
      vertex 49.7002 34.5192 0
      vertex 49.7266 34.5681 0.49
      vertex 49.7266 34.5681 0
    endloop
  endfacet
  facet normal -0.879951 0.475065 0
    outer loop
      vertex 49.7266 34.5681 0.49
      vertex 49.7002 34.5192 0
      vertex 49.7002 34.5192 0.49
    endloop
  endfacet
  facet normal -0.854093 0.520121 0
    outer loop
      vertex 49.6717 34.4724 0
      vertex 49.7002 34.5192 0.49
      vertex 49.7002 34.5192 0
    endloop
  endfacet
  facet normal -0.854093 0.520121 0
    outer loop
      vertex 49.7002 34.5192 0.49
      vertex 49.6717 34.4724 0
      vertex 49.6717 34.4724 0.49
    endloop
  endfacet
  facet normal -0.824901 0.565278 0
    outer loop
      vertex 49.641 34.4276 0
      vertex 49.6717 34.4724 0.49
      vertex 49.6717 34.4724 0
    endloop
  endfacet
  facet normal -0.824901 0.565278 0
    outer loop
      vertex 49.6717 34.4724 0.49
      vertex 49.641 34.4276 0
      vertex 49.641 34.4276 0.49
    endloop
  endfacet
  facet normal -0.793038 0.609172 0
    outer loop
      vertex 49.6082 34.3849 0
      vertex 49.641 34.4276 0.49
      vertex 49.641 34.4276 0
    endloop
  endfacet
  facet normal -0.793038 0.609172 0
    outer loop
      vertex 49.641 34.4276 0.49
      vertex 49.6082 34.3849 0
      vertex 49.6082 34.3849 0.49
    endloop
  endfacet
  facet normal -0.758994 0.651098 0
    outer loop
      vertex 49.5732 34.3441 0
      vertex 49.6082 34.3849 0.49
      vertex 49.6082 34.3849 0
    endloop
  endfacet
  facet normal -0.758994 0.651098 0
    outer loop
      vertex 49.6082 34.3849 0.49
      vertex 49.5732 34.3441 0
      vertex 49.5732 34.3441 0.49
    endloop
  endfacet
  facet normal -0.725464 0.68826 0
    outer loop
      vertex 49.5362 34.3051 0
      vertex 49.5732 34.3441 0.49
      vertex 49.5732 34.3441 0
    endloop
  endfacet
  facet normal -0.725464 0.68826 0
    outer loop
      vertex 49.5732 34.3441 0.49
      vertex 49.5362 34.3051 0
      vertex 49.5362 34.3051 0.49
    endloop
  endfacet
  facet normal -0.691223 0.722642 0
    outer loop
      vertex 49.5362 34.3051 0
      vertex 49.4971 34.2677 0.49
      vertex 49.5362 34.3051 0.49
    endloop
  endfacet
  facet normal -0.691223 0.722642 0
    outer loop
      vertex 49.4971 34.2677 0.49
      vertex 49.5362 34.3051 0
      vertex 49.4971 34.2677 0
    endloop
  endfacet
  facet normal -0.653811 0.756658 0
    outer loop
      vertex 49.4971 34.2677 0
      vertex 49.4559 34.2321 0.49
      vertex 49.4971 34.2677 0.49
    endloop
  endfacet
  facet normal -0.653811 0.756658 0
    outer loop
      vertex 49.4559 34.2321 0.49
      vertex 49.4971 34.2677 0
      vertex 49.4559 34.2321 0
    endloop
  endfacet
  facet normal -0.617339 0.786697 0
    outer loop
      vertex 49.4559 34.2321 0
      vertex 49.4127 34.1982 0.49
      vertex 49.4559 34.2321 0.49
    endloop
  endfacet
  facet normal -0.617339 0.786697 0
    outer loop
      vertex 49.4127 34.1982 0.49
      vertex 49.4559 34.2321 0
      vertex 49.4127 34.1982 0
    endloop
  endfacet
  facet normal -0.578167 0.815918 0
    outer loop
      vertex 49.4127 34.1982 0
      vertex 49.3674 34.1661 0.49
      vertex 49.4127 34.1982 0.49
    endloop
  endfacet
  facet normal -0.578167 0.815918 0
    outer loop
      vertex 49.3674 34.1661 0.49
      vertex 49.4127 34.1982 0
      vertex 49.3674 34.1661 0
    endloop
  endfacet
  facet normal -0.53986 0.841755 0
    outer loop
      vertex 49.3674 34.1661 0
      vertex 49.32 34.1357 0.49
      vertex 49.3674 34.1661 0.49
    endloop
  endfacet
  facet normal -0.53986 0.841755 0
    outer loop
      vertex 49.32 34.1357 0.49
      vertex 49.3674 34.1661 0
      vertex 49.32 34.1357 0
    endloop
  endfacet
  facet normal -0.50702 0.861934 0
    outer loop
      vertex 49.32 34.1357 0
      vertex 49.2707 34.1067 0.49
      vertex 49.32 34.1357 0.49
    endloop
  endfacet
  facet normal -0.50702 0.861934 0
    outer loop
      vertex 49.2707 34.1067 0.49
      vertex 49.32 34.1357 0
      vertex 49.2707 34.1067 0
    endloop
  endfacet
  facet normal -0.480662 0.876906 0
    outer loop
      vertex 49.2707 34.1067 0
      vertex 49.2198 34.0788 0.49
      vertex 49.2707 34.1067 0.49
    endloop
  endfacet
  facet normal -0.480662 0.876906 0
    outer loop
      vertex 49.2198 34.0788 0.49
      vertex 49.2707 34.1067 0
      vertex 49.2198 34.0788 0
    endloop
  endfacet
  facet normal -0.453977 0.891014 0
    outer loop
      vertex 49.2198 34.0788 0
      vertex 49.1672 34.052 0.49
      vertex 49.2198 34.0788 0.49
    endloop
  endfacet
  facet normal -0.453977 0.891014 0
    outer loop
      vertex 49.1672 34.052 0.49
      vertex 49.2198 34.0788 0
      vertex 49.1672 34.052 0
    endloop
  endfacet
  facet normal -0.426439 0.904516 0
    outer loop
      vertex 49.1672 34.052 0
      vertex 49.1129 34.0264 0.49
      vertex 49.1672 34.052 0.49
    endloop
  endfacet
  facet normal -0.426439 0.904516 0
    outer loop
      vertex 49.1129 34.0264 0.49
      vertex 49.1672 34.052 0
      vertex 49.1129 34.0264 0
    endloop
  endfacet
  facet normal -0.402793 0.915291 0
    outer loop
      vertex 49.1129 34.0264 0
      vertex 49.057 34.0018 0.49
      vertex 49.1129 34.0264 0.49
    endloop
  endfacet
  facet normal -0.402793 0.915291 0
    outer loop
      vertex 49.057 34.0018 0.49
      vertex 49.1129 34.0264 0
      vertex 49.057 34.0018 0
    endloop
  endfacet
  facet normal -0.378319 0.925675 0
    outer loop
      vertex 49.057 34.0018 0
      vertex 48.9995 33.9783 0.49
      vertex 49.057 34.0018 0.49
    endloop
  endfacet
  facet normal -0.378319 0.925675 0
    outer loop
      vertex 48.9995 33.9783 0.49
      vertex 49.057 34.0018 0
      vertex 48.9995 33.9783 0
    endloop
  endfacet
  facet normal -0.351988 0.936004 0
    outer loop
      vertex 48.9995 33.9783 0
      vertex 48.9402 33.956 0.49
      vertex 48.9995 33.9783 0.49
    endloop
  endfacet
  facet normal -0.351988 0.936004 0
    outer loop
      vertex 48.9402 33.956 0.49
      vertex 48.9995 33.9783 0
      vertex 48.9402 33.956 0
    endloop
  endfacet
  facet normal -0.323454 0.946244 0
    outer loop
      vertex 48.9402 33.956 0
      vertex 48.8735 33.9332 0.49
      vertex 48.9402 33.956 0.49
    endloop
  endfacet
  facet normal -0.323454 0.946244 0
    outer loop
      vertex 48.8735 33.9332 0.49
      vertex 48.9402 33.956 0
      vertex 48.8735 33.9332 0
    endloop
  endfacet
  facet normal -0.296099 0.955157 0
    outer loop
      vertex 48.8735 33.9332 0
      vertex 48.7935 33.9084 0.49
      vertex 48.8735 33.9332 0.49
    endloop
  endfacet
  facet normal -0.296099 0.955157 0
    outer loop
      vertex 48.7935 33.9084 0.49
      vertex 48.8735 33.9332 0
      vertex 48.7935 33.9084 0
    endloop
  endfacet
  facet normal -0.276081 0.961134 0
    outer loop
      vertex 48.7935 33.9084 0
      vertex 48.7002 33.8816 0.49
      vertex 48.7935 33.9084 0.49
    endloop
  endfacet
  facet normal -0.276081 0.961134 0
    outer loop
      vertex 48.7002 33.8816 0.49
      vertex 48.7935 33.9084 0
      vertex 48.7002 33.8816 0
    endloop
  endfacet
  facet normal -0.260818 0.965388 0
    outer loop
      vertex 48.7002 33.8816 0
      vertex 48.5936 33.8528 0.49
      vertex 48.7002 33.8816 0.49
    endloop
  endfacet
  facet normal -0.260818 0.965388 0
    outer loop
      vertex 48.5936 33.8528 0.49
      vertex 48.7002 33.8816 0
      vertex 48.5936 33.8528 0
    endloop
  endfacet
  facet normal -0.249756 0.968309 0
    outer loop
      vertex 48.5936 33.8528 0
      vertex 48.4738 33.8219 0.49
      vertex 48.5936 33.8528 0.49
    endloop
  endfacet
  facet normal -0.249756 0.968309 0
    outer loop
      vertex 48.4738 33.8219 0.49
      vertex 48.5936 33.8528 0
      vertex 48.4738 33.8219 0
    endloop
  endfacet
  facet normal -0.239273 0.970952 0
    outer loop
      vertex 48.4738 33.8219 0
      vertex 48.3407 33.7891 0.49
      vertex 48.4738 33.8219 0.49
    endloop
  endfacet
  facet normal -0.239273 0.970952 0
    outer loop
      vertex 48.3407 33.7891 0.49
      vertex 48.4738 33.8219 0
      vertex 48.3407 33.7891 0
    endloop
  endfacet
  facet normal -0.231112 0.972927 0
    outer loop
      vertex 48.3407 33.7891 0
      vertex 48.1942 33.7543 0.49
      vertex 48.3407 33.7891 0.49
    endloop
  endfacet
  facet normal -0.231112 0.972927 0
    outer loop
      vertex 48.1942 33.7543 0.49
      vertex 48.3407 33.7891 0
      vertex 48.1942 33.7543 0
    endloop
  endfacet
  facet normal -0.203237 0.979129 0
    outer loop
      vertex 48.1942 33.7543 0
      vertex 48.0251 33.7192 0.49
      vertex 48.1942 33.7543 0.49
    endloop
  endfacet
  facet normal -0.203237 0.979129 0
    outer loop
      vertex 48.0251 33.7192 0.49
      vertex 48.1942 33.7543 0
      vertex 48.0251 33.7192 0
    endloop
  endfacet
  facet normal -0.215033 0.976607 0
    outer loop
      vertex 48.0251 33.7192 0
      vertex 47.8725 33.6856 0.49
      vertex 48.0251 33.7192 0.49
    endloop
  endfacet
  facet normal -0.215033 0.976607 0
    outer loop
      vertex 47.8725 33.6856 0.49
      vertex 48.0251 33.7192 0
      vertex 47.8725 33.6856 0
    endloop
  endfacet
  facet normal -0.228562 0.973529 0
    outer loop
      vertex 47.8725 33.6856 0
      vertex 47.7362 33.6536 0.49
      vertex 47.8725 33.6856 0.49
    endloop
  endfacet
  facet normal -0.228562 0.973529 0
    outer loop
      vertex 47.7362 33.6536 0.49
      vertex 47.8725 33.6856 0
      vertex 47.7362 33.6536 0
    endloop
  endfacet
  facet normal -0.247286 0.968942 0
    outer loop
      vertex 47.7362 33.6536 0
      vertex 47.6163 33.623 0.49
      vertex 47.7362 33.6536 0.49
    endloop
  endfacet
  facet normal -0.247286 0.968942 0
    outer loop
      vertex 47.6163 33.623 0.49
      vertex 47.7362 33.6536 0
      vertex 47.6163 33.623 0
    endloop
  endfacet
  facet normal -0.26894 0.963157 0
    outer loop
      vertex 47.6163 33.623 0
      vertex 47.5128 33.5941 0.49
      vertex 47.6163 33.623 0.49
    endloop
  endfacet
  facet normal -0.26894 0.963157 0
    outer loop
      vertex 47.5128 33.5941 0.49
      vertex 47.6163 33.623 0
      vertex 47.5128 33.5941 0
    endloop
  endfacet
  facet normal -0.301394 0.9535 0
    outer loop
      vertex 47.5128 33.5941 0
      vertex 47.4258 33.5666 0.49
      vertex 47.5128 33.5941 0.49
    endloop
  endfacet
  facet normal -0.301394 0.9535 0
    outer loop
      vertex 47.4258 33.5666 0.49
      vertex 47.5128 33.5941 0
      vertex 47.4258 33.5666 0
    endloop
  endfacet
  facet normal -0.345152 0.938547 0
    outer loop
      vertex 47.4258 33.5666 0
      vertex 47.3551 33.5406 0.49
      vertex 47.4258 33.5666 0.49
    endloop
  endfacet
  facet normal -0.345152 0.938547 0
    outer loop
      vertex 47.3551 33.5406 0.49
      vertex 47.4258 33.5666 0
      vertex 47.3551 33.5406 0
    endloop
  endfacet
  facet normal -0.396116 0.9182 0
    outer loop
      vertex 47.3551 33.5406 0
      vertex 47.2946 33.5145 0.49
      vertex 47.3551 33.5406 0.49
    endloop
  endfacet
  facet normal -0.396116 0.9182 0
    outer loop
      vertex 47.2946 33.5145 0.49
      vertex 47.3551 33.5406 0
      vertex 47.2946 33.5145 0
    endloop
  endfacet
  facet normal -0.441487 0.897267 0
    outer loop
      vertex 47.2946 33.5145 0
      vertex 47.2381 33.4867 0.49
      vertex 47.2946 33.5145 0.49
    endloop
  endfacet
  facet normal -0.441487 0.897267 0
    outer loop
      vertex 47.2381 33.4867 0.49
      vertex 47.2946 33.5145 0
      vertex 47.2381 33.4867 0
    endloop
  endfacet
  facet normal -0.493096 0.869975 0
    outer loop
      vertex 47.2381 33.4867 0
      vertex 47.1857 33.457 0.49
      vertex 47.2381 33.4867 0.49
    endloop
  endfacet
  facet normal -0.493096 0.869975 0
    outer loop
      vertex 47.1857 33.457 0.49
      vertex 47.2381 33.4867 0
      vertex 47.1857 33.457 0
    endloop
  endfacet
  facet normal -0.544684 0.838641 0
    outer loop
      vertex 47.1857 33.457 0
      vertex 47.1372 33.4255 0.49
      vertex 47.1857 33.457 0.49
    endloop
  endfacet
  facet normal -0.544684 0.838641 0
    outer loop
      vertex 47.1372 33.4255 0.49
      vertex 47.1857 33.457 0
      vertex 47.1372 33.4255 0
    endloop
  endfacet
  facet normal -0.6 0.8 0
    outer loop
      vertex 47.1372 33.4255 0
      vertex 47.0928 33.3922 0.49
      vertex 47.1372 33.4255 0.49
    endloop
  endfacet
  facet normal -0.6 0.8 0
    outer loop
      vertex 47.0928 33.3922 0.49
      vertex 47.1372 33.4255 0
      vertex 47.0928 33.3922 0
    endloop
  endfacet
  facet normal -0.655855 0.754887 0
    outer loop
      vertex 47.0928 33.3922 0
      vertex 47.0524 33.3571 0.49
      vertex 47.0928 33.3922 0.49
    endloop
  endfacet
  facet normal -0.655855 0.754887 0
    outer loop
      vertex 47.0524 33.3571 0.49
      vertex 47.0928 33.3922 0
      vertex 47.0524 33.3571 0
    endloop
  endfacet
  facet normal -0.711914 0.702267 0
    outer loop
      vertex 47.016 33.3202 0
      vertex 47.0524 33.3571 0.49
      vertex 47.0524 33.3571 0
    endloop
  endfacet
  facet normal -0.711914 0.702267 0
    outer loop
      vertex 47.0524 33.3571 0.49
      vertex 47.016 33.3202 0
      vertex 47.016 33.3202 0.49
    endloop
  endfacet
  facet normal -0.77563 0.631188 0
    outer loop
      vertex 46.9841 33.281 0
      vertex 47.016 33.3202 0.49
      vertex 47.016 33.3202 0
    endloop
  endfacet
  facet normal -0.77563 0.631188 0
    outer loop
      vertex 47.016 33.3202 0.49
      vertex 46.9841 33.281 0
      vertex 46.9841 33.281 0.49
    endloop
  endfacet
  facet normal -0.840854 0.541262 0
    outer loop
      vertex 46.957 33.2389 0
      vertex 46.9841 33.281 0.49
      vertex 46.9841 33.281 0
    endloop
  endfacet
  facet normal -0.840854 0.541262 0
    outer loop
      vertex 46.9841 33.281 0.49
      vertex 46.957 33.2389 0
      vertex 46.957 33.2389 0.49
    endloop
  endfacet
  facet normal -0.897982 0.440031 0
    outer loop
      vertex 46.9349 33.1938 0
      vertex 46.957 33.2389 0.49
      vertex 46.957 33.2389 0
    endloop
  endfacet
  facet normal -0.897982 0.440031 0
    outer loop
      vertex 46.957 33.2389 0.49
      vertex 46.9349 33.1938 0
      vertex 46.9349 33.1938 0.49
    endloop
  endfacet
  facet normal -0.941163 0.337954 0
    outer loop
      vertex 46.9177 33.1459 0
      vertex 46.9349 33.1938 0.49
      vertex 46.9349 33.1938 0
    endloop
  endfacet
  facet normal -0.941163 0.337954 0
    outer loop
      vertex 46.9349 33.1938 0.49
      vertex 46.9177 33.1459 0
      vertex 46.9177 33.1459 0.49
    endloop
  endfacet
  facet normal -0.972022 0.234889 0
    outer loop
      vertex 46.9054 33.095 0
      vertex 46.9177 33.1459 0.49
      vertex 46.9177 33.1459 0
    endloop
  endfacet
  facet normal -0.972022 0.234889 0
    outer loop
      vertex 46.9177 33.1459 0.49
      vertex 46.9054 33.095 0
      vertex 46.9054 33.095 0.49
    endloop
  endfacet
  facet normal -0.990886 0.134701 0
    outer loop
      vertex 46.8981 33.0413 0
      vertex 46.9054 33.095 0.49
      vertex 46.9054 33.095 0
    endloop
  endfacet
  facet normal -0.990886 0.134701 0
    outer loop
      vertex 46.9054 33.095 0.49
      vertex 46.8981 33.0413 0
      vertex 46.8981 33.0413 0.49
    endloop
  endfacet
  facet normal -0.999029 0.0440489 0
    outer loop
      vertex 46.8956 32.9846 0
      vertex 46.8981 33.0413 0.49
      vertex 46.8981 33.0413 0
    endloop
  endfacet
  facet normal -0.999029 0.0440489 0
    outer loop
      vertex 46.8981 33.0413 0.49
      vertex 46.8956 32.9846 0
      vertex 46.8956 32.9846 0.49
    endloop
  endfacet
  facet normal -0.992087 -0.125551 0
    outer loop
      vertex 46.917 32.8155 0
      vertex 46.8956 32.9846 0.49
      vertex 46.8956 32.9846 0
    endloop
  endfacet
  facet normal -0.992087 -0.125551 0
    outer loop
      vertex 46.8956 32.9846 0.49
      vertex 46.917 32.8155 0
      vertex 46.917 32.8155 0.49
    endloop
  endfacet
  facet normal -0.912624 -0.4088 0
    outer loop
      vertex 46.9811 32.6724 0
      vertex 46.917 32.8155 0.49
      vertex 46.917 32.8155 0
    endloop
  endfacet
  facet normal -0.912624 -0.4088 0
    outer loop
      vertex 46.917 32.8155 0.49
      vertex 46.9811 32.6724 0
      vertex 46.9811 32.6724 0.49
    endloop
  endfacet
  facet normal -0.738226 -0.674553 0
    outer loop
      vertex 47.0881 32.5553 0
      vertex 46.9811 32.6724 0.49
      vertex 46.9811 32.6724 0
    endloop
  endfacet
  facet normal -0.738226 -0.674553 0
    outer loop
      vertex 46.9811 32.6724 0.49
      vertex 47.0881 32.5553 0
      vertex 47.0881 32.5553 0.49
    endloop
  endfacet
  facet normal -0.52011 -0.854099 0
    outer loop
      vertex 47.0881 32.5553 0
      vertex 47.2377 32.4642 0.49
      vertex 47.0881 32.5553 0.49
    endloop
  endfacet
  facet normal -0.52011 -0.854099 -0
    outer loop
      vertex 47.2377 32.4642 0.49
      vertex 47.0881 32.5553 0
      vertex 47.2377 32.4642 0
    endloop
  endfacet
  facet normal -0.319917 -0.947446 0
    outer loop
      vertex 47.2377 32.4642 0
      vertex 47.4302 32.3992 0.49
      vertex 47.2377 32.4642 0.49
    endloop
  endfacet
  facet normal -0.319917 -0.947446 -0
    outer loop
      vertex 47.4302 32.3992 0.49
      vertex 47.2377 32.4642 0
      vertex 47.4302 32.3992 0
    endloop
  endfacet
  facet normal -0.163991 -0.986462 0
    outer loop
      vertex 47.4302 32.3992 0
      vertex 47.6654 32.3601 0.49
      vertex 47.4302 32.3992 0.49
    endloop
  endfacet
  facet normal -0.163991 -0.986462 -0
    outer loop
      vertex 47.6654 32.3601 0.49
      vertex 47.4302 32.3992 0
      vertex 47.6654 32.3601 0
    endloop
  endfacet
  facet normal -0.0467283 -0.998908 0
    outer loop
      vertex 47.6654 32.3601 0
      vertex 47.9433 32.3471 0.49
      vertex 47.6654 32.3601 0.49
    endloop
  endfacet
  facet normal -0.0467283 -0.998908 -0
    outer loop
      vertex 47.9433 32.3471 0.49
      vertex 47.6654 32.3601 0
      vertex 47.9433 32.3471 0
    endloop
  endfacet
  facet normal 0.02501 -0.999687 0
    outer loop
      vertex 47.9433 32.3471 0
      vertex 48.0832 32.3506 0.49
      vertex 47.9433 32.3471 0.49
    endloop
  endfacet
  facet normal 0.02501 -0.999687 0
    outer loop
      vertex 48.0832 32.3506 0.49
      vertex 47.9433 32.3471 0
      vertex 48.0832 32.3506 0
    endloop
  endfacet
  facet normal 0.0800178 -0.996793 0
    outer loop
      vertex 48.0832 32.3506 0
      vertex 48.214 32.3611 0.49
      vertex 48.0832 32.3506 0.49
    endloop
  endfacet
  facet normal 0.0800178 -0.996793 0
    outer loop
      vertex 48.214 32.3611 0.49
      vertex 48.0832 32.3506 0
      vertex 48.214 32.3611 0
    endloop
  endfacet
  facet normal 0.142103 -0.989852 0
    outer loop
      vertex 48.214 32.3611 0
      vertex 48.3359 32.3786 0.49
      vertex 48.214 32.3611 0.49
    endloop
  endfacet
  facet normal 0.142103 -0.989852 0
    outer loop
      vertex 48.3359 32.3786 0.49
      vertex 48.214 32.3611 0
      vertex 48.3359 32.3786 0
    endloop
  endfacet
  facet normal 0.211422 -0.977395 0
    outer loop
      vertex 48.3359 32.3786 0
      vertex 48.4487 32.403 0.49
      vertex 48.3359 32.3786 0.49
    endloop
  endfacet
  facet normal 0.211422 -0.977395 0
    outer loop
      vertex 48.4487 32.403 0.49
      vertex 48.3359 32.3786 0
      vertex 48.4487 32.403 0
    endloop
  endfacet
  facet normal 0.290135 -0.956986 0
    outer loop
      vertex 48.4487 32.403 0
      vertex 48.5526 32.4345 0.49
      vertex 48.4487 32.403 0.49
    endloop
  endfacet
  facet normal 0.290135 -0.956986 0
    outer loop
      vertex 48.5526 32.4345 0.49
      vertex 48.4487 32.403 0
      vertex 48.5526 32.4345 0
    endloop
  endfacet
  facet normal 0.375093 -0.926987 0
    outer loop
      vertex 48.5526 32.4345 0
      vertex 48.6475 32.4729 0.49
      vertex 48.5526 32.4345 0.49
    endloop
  endfacet
  facet normal 0.375093 -0.926987 0
    outer loop
      vertex 48.6475 32.4729 0.49
      vertex 48.5526 32.4345 0
      vertex 48.6475 32.4729 0
    endloop
  endfacet
  facet normal 0.467273 -0.884113 0
    outer loop
      vertex 48.6475 32.4729 0
      vertex 48.7334 32.5183 0.49
      vertex 48.6475 32.4729 0.49
    endloop
  endfacet
  facet normal 0.467273 -0.884113 0
    outer loop
      vertex 48.7334 32.5183 0.49
      vertex 48.6475 32.4729 0
      vertex 48.7334 32.5183 0
    endloop
  endfacet
  facet normal 0.565942 -0.824445 0
    outer loop
      vertex 48.7334 32.5183 0
      vertex 48.8109 32.5715 0.49
      vertex 48.7334 32.5183 0.49
    endloop
  endfacet
  facet normal 0.565942 -0.824445 0
    outer loop
      vertex 48.8109 32.5715 0.49
      vertex 48.7334 32.5183 0
      vertex 48.8109 32.5715 0
    endloop
  endfacet
  facet normal 0.661232 -0.750182 0
    outer loop
      vertex 48.8109 32.5715 0
      vertex 48.8809 32.6332 0.49
      vertex 48.8109 32.5715 0.49
    endloop
  endfacet
  facet normal 0.661232 -0.750182 0
    outer loop
      vertex 48.8809 32.6332 0.49
      vertex 48.8109 32.5715 0
      vertex 48.8809 32.6332 0
    endloop
  endfacet
  facet normal 0.747938 -0.663768 0
    outer loop
      vertex 48.8809 32.6332 0.49
      vertex 48.9432 32.7034 0
      vertex 48.9432 32.7034 0.49
    endloop
  endfacet
  facet normal 0.747938 -0.663768 0
    outer loop
      vertex 48.9432 32.7034 0
      vertex 48.8809 32.6332 0.49
      vertex 48.8809 32.6332 0
    endloop
  endfacet
  facet normal 0.82065 -0.571431 0
    outer loop
      vertex 48.9432 32.7034 0.49
      vertex 48.998 32.7821 0
      vertex 48.998 32.7821 0.49
    endloop
  endfacet
  facet normal 0.82065 -0.571431 0
    outer loop
      vertex 48.998 32.7821 0
      vertex 48.9432 32.7034 0.49
      vertex 48.9432 32.7034 0
    endloop
  endfacet
  facet normal 0.880082 -0.474821 0
    outer loop
      vertex 48.998 32.7821 0.49
      vertex 49.0451 32.8694 0
      vertex 49.0451 32.8694 0.49
    endloop
  endfacet
  facet normal 0.880082 -0.474821 0
    outer loop
      vertex 49.0451 32.8694 0
      vertex 48.998 32.7821 0.49
      vertex 48.998 32.7821 0
    endloop
  endfacet
  facet normal 0.924358 -0.381527 0
    outer loop
      vertex 49.0451 32.8694 0.49
      vertex 49.0846 32.9651 0
      vertex 49.0846 32.9651 0.49
    endloop
  endfacet
  facet normal 0.924358 -0.381527 0
    outer loop
      vertex 49.0846 32.9651 0
      vertex 49.0451 32.8694 0.49
      vertex 49.0451 32.8694 0
    endloop
  endfacet
  facet normal 0.956195 -0.292731 0
    outer loop
      vertex 49.0846 32.9651 0.49
      vertex 49.1165 33.0693 0
      vertex 49.1165 33.0693 0.49
    endloop
  endfacet
  facet normal 0.956195 -0.292731 0
    outer loop
      vertex 49.1165 33.0693 0
      vertex 49.0846 32.9651 0.49
      vertex 49.0846 32.9651 0
    endloop
  endfacet
  facet normal -0.16266 -0.986682 0
    outer loop
      vertex 49.1165 33.0693 0
      vertex 50.0828 32.91 0.49
      vertex 49.1165 33.0693 0.49
    endloop
  endfacet
  facet normal -0.16266 -0.986682 -0
    outer loop
      vertex 50.0828 32.91 0.49
      vertex 49.1165 33.0693 0
      vertex 50.0828 32.91 0
    endloop
  endfacet
  facet normal -0.964039 0.265759 0
    outer loop
      vertex 50.0326 32.7279 0
      vertex 50.0828 32.91 0.49
      vertex 50.0828 32.91 0
    endloop
  endfacet
  facet normal -0.964039 0.265759 0
    outer loop
      vertex 50.0828 32.91 0.49
      vertex 50.0326 32.7279 0
      vertex 50.0326 32.7279 0.49
    endloop
  endfacet
  facet normal -0.931911 0.362687 0
    outer loop
      vertex 49.9671 32.5596 0
      vertex 50.0326 32.7279 0.49
      vertex 50.0326 32.7279 0
    endloop
  endfacet
  facet normal -0.931911 0.362687 0
    outer loop
      vertex 50.0326 32.7279 0.49
      vertex 49.9671 32.5596 0
      vertex 49.9671 32.5596 0.49
    endloop
  endfacet
  facet normal -0.886616 0.462507 0
    outer loop
      vertex 49.8864 32.4049 0
      vertex 49.9671 32.5596 0.49
      vertex 49.9671 32.5596 0
    endloop
  endfacet
  facet normal -0.886616 0.462507 0
    outer loop
      vertex 49.9671 32.5596 0.49
      vertex 49.8864 32.4049 0
      vertex 49.8864 32.4049 0.49
    endloop
  endfacet
  facet normal -0.826686 0.562663 0
    outer loop
      vertex 49.7905 32.264 0
      vertex 49.8864 32.4049 0.49
      vertex 49.8864 32.4049 0
    endloop
  endfacet
  facet normal -0.826686 0.562663 0
    outer loop
      vertex 49.8864 32.4049 0.49
      vertex 49.7905 32.264 0
      vertex 49.7905 32.264 0.49
    endloop
  endfacet
  facet normal -0.753419 0.65754 0
    outer loop
      vertex 49.6794 32.1367 0
      vertex 49.7905 32.264 0.49
      vertex 49.7905 32.264 0
    endloop
  endfacet
  facet normal -0.753419 0.65754 0
    outer loop
      vertex 49.7905 32.264 0.49
      vertex 49.6794 32.1367 0
      vertex 49.6794 32.1367 0.49
    endloop
  endfacet
  facet normal -0.668119 0.744055 0
    outer loop
      vertex 49.6794 32.1367 0
      vertex 49.553 32.0232 0.49
      vertex 49.6794 32.1367 0.49
    endloop
  endfacet
  facet normal -0.668119 0.744055 0
    outer loop
      vertex 49.553 32.0232 0.49
      vertex 49.6794 32.1367 0
      vertex 49.553 32.0232 0
    endloop
  endfacet
  facet normal -0.576751 0.81692 0
    outer loop
      vertex 49.553 32.0232 0
      vertex 49.4115 31.9233 0.49
      vertex 49.553 32.0232 0.49
    endloop
  endfacet
  facet normal -0.576751 0.81692 0
    outer loop
      vertex 49.4115 31.9233 0.49
      vertex 49.553 32.0232 0
      vertex 49.4115 31.9233 0
    endloop
  endfacet
  facet normal -0.480998 0.876721 0
    outer loop
      vertex 49.4115 31.9233 0
      vertex 49.2542 31.837 0.49
      vertex 49.4115 31.9233 0.49
    endloop
  endfacet
  facet normal -0.480998 0.876721 0
    outer loop
      vertex 49.2542 31.837 0.49
      vertex 49.4115 31.9233 0
      vertex 49.2542 31.837 0
    endloop
  endfacet
  facet normal -0.388271 0.921545 0
    outer loop
      vertex 49.2542 31.837 0
      vertex 49.0807 31.7639 0.49
      vertex 49.2542 31.837 0.49
    endloop
  endfacet
  facet normal -0.388271 0.921545 0
    outer loop
      vertex 49.0807 31.7639 0.49
      vertex 49.2542 31.837 0
      vertex 49.0807 31.7639 0
    endloop
  endfacet
  facet normal -0.300794 0.953689 0
    outer loop
      vertex 49.0807 31.7639 0
      vertex 48.8911 31.7041 0.49
      vertex 49.0807 31.7639 0.49
    endloop
  endfacet
  facet normal -0.300794 0.953689 0
    outer loop
      vertex 48.8911 31.7041 0.49
      vertex 49.0807 31.7639 0
      vertex 48.8911 31.7041 0
    endloop
  endfacet
  facet normal -0.22029 0.975434 0
    outer loop
      vertex 48.8911 31.7041 0
      vertex 48.6852 31.6576 0.49
      vertex 48.8911 31.7041 0.49
    endloop
  endfacet
  facet normal -0.22029 0.975434 0
    outer loop
      vertex 48.6852 31.6576 0.49
      vertex 48.8911 31.7041 0
      vertex 48.6852 31.6576 0
    endloop
  endfacet
  facet normal -0.147905 0.989002 0
    outer loop
      vertex 48.6852 31.6576 0
      vertex 48.4632 31.6244 0.49
      vertex 48.6852 31.6576 0.49
    endloop
  endfacet
  facet normal -0.147905 0.989002 0
    outer loop
      vertex 48.4632 31.6244 0.49
      vertex 48.6852 31.6576 0
      vertex 48.4632 31.6244 0
    endloop
  endfacet
  facet normal -0.0832185 0.996531 0
    outer loop
      vertex 48.4632 31.6244 0
      vertex 48.2249 31.6045 0.49
      vertex 48.4632 31.6244 0.49
    endloop
  endfacet
  facet normal -0.0832185 0.996531 0
    outer loop
      vertex 48.2249 31.6045 0.49
      vertex 48.4632 31.6244 0
      vertex 48.2249 31.6045 0
    endloop
  endfacet
  facet normal -0.0263273 0.999653 0
    outer loop
      vertex 48.2249 31.6045 0
      vertex 47.9705 31.5978 0.49
      vertex 48.2249 31.6045 0.49
    endloop
  endfacet
  facet normal -0.0263273 0.999653 0
    outer loop
      vertex 47.9705 31.5978 0.49
      vertex 48.2249 31.6045 0
      vertex 47.9705 31.5978 0
    endloop
  endfacet
  facet normal 0.0273476 0.999626 -0
    outer loop
      vertex 47.9705 31.5978 0
      vertex 47.6927 31.6054 0.49
      vertex 47.9705 31.5978 0.49
    endloop
  endfacet
  facet normal 0.0273476 0.999626 0
    outer loop
      vertex 47.6927 31.6054 0.49
      vertex 47.9705 31.5978 0
      vertex 47.6927 31.6054 0
    endloop
  endfacet
  facet normal 0.0876796 0.996149 -0
    outer loop
      vertex 52.216 31.6054 0
      vertex 51.9581 31.6281 0.49
      vertex 52.216 31.6054 0.49
    endloop
  endfacet
  facet normal 0.0876796 0.996149 0
    outer loop
      vertex 51.9581 31.6281 0.49
      vertex 52.216 31.6054 0
      vertex 51.9581 31.6281 0
    endloop
  endfacet
  facet normal 0.157198 0.987567 -0
    outer loop
      vertex 51.9581 31.6281 0
      vertex 51.72 31.666 0.49
      vertex 51.9581 31.6281 0.49
    endloop
  endfacet
  facet normal 0.157198 0.987567 0
    outer loop
      vertex 51.72 31.666 0.49
      vertex 51.9581 31.6281 0
      vertex 51.72 31.666 0
    endloop
  endfacet
  facet normal 0.236454 0.971643 -0
    outer loop
      vertex 51.72 31.666 0
      vertex 51.5018 31.7191 0.49
      vertex 51.72 31.666 0.49
    endloop
  endfacet
  facet normal 0.236454 0.971643 0
    outer loop
      vertex 51.5018 31.7191 0.49
      vertex 51.72 31.666 0
      vertex 51.5018 31.7191 0
    endloop
  endfacet
  facet normal 0.3248 0.945783 -0
    outer loop
      vertex 51.5018 31.7191 0
      vertex 51.3035 31.7872 0.49
      vertex 51.5018 31.7191 0.49
    endloop
  endfacet
  facet normal 0.3248 0.945783 0
    outer loop
      vertex 51.3035 31.7872 0.49
      vertex 51.5018 31.7191 0
      vertex 51.3035 31.7872 0
    endloop
  endfacet
  facet normal 0.423302 0.905989 -0
    outer loop
      vertex 51.3035 31.7872 0
      vertex 51.125 31.8706 0.49
      vertex 51.3035 31.7872 0.49
    endloop
  endfacet
  facet normal 0.423302 0.905989 0
    outer loop
      vertex 51.125 31.8706 0.49
      vertex 51.3035 31.7872 0
      vertex 51.125 31.8706 0
    endloop
  endfacet
  facet normal 0.52759 0.849499 -0
    outer loop
      vertex 51.125 31.8706 0
      vertex 50.9664 31.9691 0.49
      vertex 51.125 31.8706 0.49
    endloop
  endfacet
  facet normal 0.52759 0.849499 0
    outer loop
      vertex 50.9664 31.9691 0.49
      vertex 51.125 31.8706 0
      vertex 50.9664 31.9691 0
    endloop
  endfacet
  facet normal 0.632596 0.774482 -0
    outer loop
      vertex 50.9664 31.9691 0
      vertex 50.8283 32.0819 0.49
      vertex 50.9664 31.9691 0.49
    endloop
  endfacet
  facet normal 0.632596 0.774482 0
    outer loop
      vertex 50.8283 32.0819 0.49
      vertex 50.9664 31.9691 0
      vertex 50.8283 32.0819 0
    endloop
  endfacet
  facet normal 0.733889 0.679269 0
    outer loop
      vertex 50.8283 32.0819 0.49
      vertex 50.7114 32.2082 0
      vertex 50.7114 32.2082 0.49
    endloop
  endfacet
  facet normal 0.733889 0.679269 0
    outer loop
      vertex 50.7114 32.2082 0
      vertex 50.8283 32.0819 0.49
      vertex 50.8283 32.0819 0
    endloop
  endfacet
  facet normal 0.82564 0.564197 0
    outer loop
      vertex 50.7114 32.2082 0.49
      vertex 50.6158 32.3481 0
      vertex 50.6158 32.3481 0.49
    endloop
  endfacet
  facet normal 0.82564 0.564197 0
    outer loop
      vertex 50.6158 32.3481 0
      vertex 50.7114 32.2082 0.49
      vertex 50.7114 32.2082 0
    endloop
  endfacet
  facet normal 0.899877 0.436144 0
    outer loop
      vertex 50.6158 32.3481 0.49
      vertex 50.5415 32.5014 0
      vertex 50.5415 32.5014 0.49
    endloop
  endfacet
  facet normal 0.899877 0.436144 0
    outer loop
      vertex 50.5415 32.5014 0
      vertex 50.6158 32.3481 0.49
      vertex 50.6158 32.3481 0
    endloop
  endfacet
  facet normal 0.952716 0.303864 0
    outer loop
      vertex 50.5415 32.5014 0.49
      vertex 50.4883 32.6682 0
      vertex 50.4883 32.6682 0.49
    endloop
  endfacet
  facet normal 0.952716 0.303864 0
    outer loop
      vertex 50.4883 32.6682 0
      vertex 50.5415 32.5014 0.49
      vertex 50.5415 32.5014 0
    endloop
  endfacet
  facet normal 0.984784 0.173785 0
    outer loop
      vertex 50.4883 32.6682 0.49
      vertex 50.4565 32.8484 0
      vertex 50.4565 32.8484 0.49
    endloop
  endfacet
  facet normal 0.984784 0.173785 0
    outer loop
      vertex 50.4565 32.8484 0
      vertex 50.4883 32.6682 0.49
      vertex 50.4883 32.6682 0
    endloop
  endfacet
  facet normal 0.998508 0.0546139 0
    outer loop
      vertex 50.4565 32.8484 0.49
      vertex 50.4459 33.0422 0
      vertex 50.4459 33.0422 0.49
    endloop
  endfacet
  facet normal 0.998508 0.0546139 0
    outer loop
      vertex 50.4459 33.0422 0
      vertex 50.4565 32.8484 0.49
      vertex 50.4565 32.8484 0
    endloop
  endfacet
  facet normal 0.99977 -0.0214492 0
    outer loop
      vertex 50.4459 33.0422 0.49
      vertex 50.4477 33.1261 0
      vertex 50.4477 33.1261 0.49
    endloop
  endfacet
  facet normal 0.99977 -0.0214492 0
    outer loop
      vertex 50.4477 33.1261 0
      vertex 50.4459 33.0422 0.49
      vertex 50.4459 33.0422 0
    endloop
  endfacet
  facet normal 0.997613 -0.069056 0
    outer loop
      vertex 50.4477 33.1261 0.49
      vertex 50.4533 33.207 0
      vertex 50.4533 33.207 0.49
    endloop
  endfacet
  facet normal 0.997613 -0.069056 0
    outer loop
      vertex 50.4533 33.207 0
      vertex 50.4477 33.1261 0.49
      vertex 50.4477 33.1261 0
    endloop
  endfacet
  facet normal 0.992853 -0.119345 0
    outer loop
      vertex 50.4533 33.207 0.49
      vertex 50.4627 33.2852 0
      vertex 50.4627 33.2852 0.49
    endloop
  endfacet
  facet normal 0.992853 -0.119345 0
    outer loop
      vertex 50.4627 33.2852 0
      vertex 50.4533 33.207 0.49
      vertex 50.4533 33.207 0
    endloop
  endfacet
  facet normal 0.985202 -0.171396 0
    outer loop
      vertex 50.4627 33.2852 0.49
      vertex 50.4758 33.3605 0
      vertex 50.4758 33.3605 0.49
    endloop
  endfacet
  facet normal 0.985202 -0.171396 0
    outer loop
      vertex 50.4758 33.3605 0
      vertex 50.4627 33.2852 0.49
      vertex 50.4627 33.2852 0
    endloop
  endfacet
  facet normal 0.974187 -0.225743 0
    outer loop
      vertex 50.4758 33.3605 0.49
      vertex 50.4926 33.433 0
      vertex 50.4926 33.433 0.49
    endloop
  endfacet
  facet normal 0.974187 -0.225743 0
    outer loop
      vertex 50.4926 33.433 0
      vertex 50.4758 33.3605 0.49
      vertex 50.4758 33.3605 0
    endloop
  endfacet
  facet normal 0.959256 -0.282539 0
    outer loop
      vertex 50.4926 33.433 0.49
      vertex 50.5131 33.5026 0
      vertex 50.5131 33.5026 0.49
    endloop
  endfacet
  facet normal 0.959256 -0.282539 0
    outer loop
      vertex 50.5131 33.5026 0
      vertex 50.4926 33.433 0.49
      vertex 50.4926 33.433 0
    endloop
  endfacet
  facet normal 0.939752 -0.341856 0
    outer loop
      vertex 50.5131 33.5026 0.49
      vertex 50.5374 33.5694 0
      vertex 50.5374 33.5694 0.49
    endloop
  endfacet
  facet normal 0.939752 -0.341856 0
    outer loop
      vertex 50.5374 33.5694 0
      vertex 50.5131 33.5026 0.49
      vertex 50.5131 33.5026 0
    endloop
  endfacet
  facet normal 0.917434 -0.397889 0
    outer loop
      vertex 50.5374 33.5694 0.49
      vertex 50.5652 33.6335 0
      vertex 50.5652 33.6335 0.49
    endloop
  endfacet
  facet normal 0.917434 -0.397889 0
    outer loop
      vertex 50.5652 33.6335 0
      vertex 50.5374 33.5694 0.49
      vertex 50.5374 33.5694 0
    endloop
  endfacet
  facet normal 0.891802 -0.452426 0
    outer loop
      vertex 50.5652 33.6335 0.49
      vertex 50.5964 33.695 0
      vertex 50.5964 33.695 0.49
    endloop
  endfacet
  facet normal 0.891802 -0.452426 0
    outer loop
      vertex 50.5964 33.695 0
      vertex 50.5652 33.6335 0.49
      vertex 50.5652 33.6335 0
    endloop
  endfacet
  facet normal 0.863139 -0.504966 0
    outer loop
      vertex 50.5964 33.695 0.49
      vertex 50.6308 33.7538 0
      vertex 50.6308 33.7538 0.49
    endloop
  endfacet
  facet normal 0.863139 -0.504966 0
    outer loop
      vertex 50.6308 33.7538 0
      vertex 50.5964 33.695 0.49
      vertex 50.5964 33.695 0
    endloop
  endfacet
  facet normal 0.829772 -0.558103 0
    outer loop
      vertex 50.6308 33.7538 0.49
      vertex 50.6686 33.81 0
      vertex 50.6686 33.81 0.49
    endloop
  endfacet
  facet normal 0.829772 -0.558103 0
    outer loop
      vertex 50.6686 33.81 0
      vertex 50.6308 33.7538 0.49
      vertex 50.6308 33.7538 0
    endloop
  endfacet
  facet normal 0.793559 -0.608494 0
    outer loop
      vertex 50.6686 33.81 0.49
      vertex 50.7097 33.8636 0
      vertex 50.7097 33.8636 0.49
    endloop
  endfacet
  facet normal 0.793559 -0.608494 0
    outer loop
      vertex 50.7097 33.8636 0
      vertex 50.6686 33.81 0.49
      vertex 50.6686 33.81 0
    endloop
  endfacet
  facet normal 0.752852 -0.65819 0
    outer loop
      vertex 50.7097 33.8636 0.49
      vertex 50.7542 33.9145 0
      vertex 50.7542 33.9145 0.49
    endloop
  endfacet
  facet normal 0.752852 -0.65819 0
    outer loop
      vertex 50.7542 33.9145 0
      vertex 50.7097 33.8636 0.49
      vertex 50.7097 33.8636 0
    endloop
  endfacet
  facet normal 0.711512 -0.702674 0
    outer loop
      vertex 50.7542 33.9145 0.49
      vertex 50.8019 33.9628 0
      vertex 50.8019 33.9628 0.49
    endloop
  endfacet
  facet normal 0.711512 -0.702674 0
    outer loop
      vertex 50.8019 33.9628 0
      vertex 50.7542 33.9145 0.49
      vertex 50.7542 33.9145 0
    endloop
  endfacet
  facet normal 0.664096 -0.747648 0
    outer loop
      vertex 50.8019 33.9628 0
      vertex 50.8538 34.0089 0.49
      vertex 50.8019 33.9628 0.49
    endloop
  endfacet
  facet normal 0.664096 -0.747648 0
    outer loop
      vertex 50.8538 34.0089 0.49
      vertex 50.8019 33.9628 0
      vertex 50.8538 34.0089 0
    endloop
  endfacet
  facet normal 0.615376 -0.788234 0
    outer loop
      vertex 50.8538 34.0089 0
      vertex 50.9108 34.0534 0.49
      vertex 50.8538 34.0089 0.49
    endloop
  endfacet
  facet normal 0.615376 -0.788234 0
    outer loop
      vertex 50.9108 34.0534 0.49
      vertex 50.8538 34.0089 0
      vertex 50.9108 34.0534 0
    endloop
  endfacet
  facet normal 0.568383 -0.822764 0
    outer loop
      vertex 50.9108 34.0534 0
      vertex 50.9729 34.0963 0.49
      vertex 50.9108 34.0534 0.49
    endloop
  endfacet
  facet normal 0.568383 -0.822764 0
    outer loop
      vertex 50.9729 34.0963 0.49
      vertex 50.9108 34.0534 0
      vertex 50.9729 34.0963 0
    endloop
  endfacet
  facet normal 0.52289 -0.8524 0
    outer loop
      vertex 50.9729 34.0963 0
      vertex 51.0399 34.1374 0.49
      vertex 50.9729 34.0963 0.49
    endloop
  endfacet
  facet normal 0.52289 -0.8524 0
    outer loop
      vertex 51.0399 34.1374 0.49
      vertex 50.9729 34.0963 0
      vertex 51.0399 34.1374 0
    endloop
  endfacet
  facet normal 0.479958 -0.877291 0
    outer loop
      vertex 51.0399 34.1374 0
      vertex 51.1121 34.1769 0.49
      vertex 51.0399 34.1374 0.49
    endloop
  endfacet
  facet normal 0.479958 -0.877291 0
    outer loop
      vertex 51.1121 34.1769 0.49
      vertex 51.0399 34.1374 0
      vertex 51.1121 34.1769 0
    endloop
  endfacet
  facet normal 0.44069 -0.897659 0
    outer loop
      vertex 51.1121 34.1769 0
      vertex 51.1893 34.2148 0.49
      vertex 51.1121 34.1769 0.49
    endloop
  endfacet
  facet normal 0.44069 -0.897659 0
    outer loop
      vertex 51.1893 34.2148 0.49
      vertex 51.1121 34.1769 0
      vertex 51.1893 34.2148 0
    endloop
  endfacet
  facet normal 0.403037 -0.915184 0
    outer loop
      vertex 51.1893 34.2148 0
      vertex 51.2715 34.251 0.49
      vertex 51.1893 34.2148 0.49
    endloop
  endfacet
  facet normal 0.403037 -0.915184 0
    outer loop
      vertex 51.2715 34.251 0.49
      vertex 51.1893 34.2148 0
      vertex 51.2715 34.251 0
    endloop
  endfacet
  facet normal 0.359922 -0.932982 0
    outer loop
      vertex 51.2715 34.251 0
      vertex 51.3643 34.2868 0.49
      vertex 51.2715 34.251 0.49
    endloop
  endfacet
  facet normal 0.359922 -0.932982 0
    outer loop
      vertex 51.3643 34.2868 0.49
      vertex 51.2715 34.251 0
      vertex 51.3643 34.2868 0
    endloop
  endfacet
  facet normal 0.319886 -0.947456 0
    outer loop
      vertex 51.3643 34.2868 0
      vertex 51.473 34.3235 0.49
      vertex 51.3643 34.2868 0.49
    endloop
  endfacet
  facet normal 0.319886 -0.947456 0
    outer loop
      vertex 51.473 34.3235 0.49
      vertex 51.3643 34.2868 0
      vertex 51.473 34.3235 0
    endloop
  endfacet
  facet normal 0.288686 -0.957424 0
    outer loop
      vertex 51.473 34.3235 0
      vertex 51.5977 34.3611 0.49
      vertex 51.473 34.3235 0.49
    endloop
  endfacet
  facet normal 0.288686 -0.957424 0
    outer loop
      vertex 51.5977 34.3611 0.49
      vertex 51.473 34.3235 0
      vertex 51.5977 34.3611 0
    endloop
  endfacet
  facet normal 0.263929 -0.964542 0
    outer loop
      vertex 51.5977 34.3611 0
      vertex 51.7384 34.3996 0.49
      vertex 51.5977 34.3611 0.49
    endloop
  endfacet
  facet normal 0.263929 -0.964542 0
    outer loop
      vertex 51.7384 34.3996 0.49
      vertex 51.5977 34.3611 0
      vertex 51.7384 34.3996 0
    endloop
  endfacet
  facet normal 0.243846 -0.969814 0
    outer loop
      vertex 51.7384 34.3996 0
      vertex 51.8951 34.439 0.49
      vertex 51.7384 34.3996 0.49
    endloop
  endfacet
  facet normal 0.243846 -0.969814 0
    outer loop
      vertex 51.8951 34.439 0.49
      vertex 51.7384 34.3996 0
      vertex 51.8951 34.439 0
    endloop
  endfacet
  facet normal 0.227247 -0.973837 0
    outer loop
      vertex 51.8951 34.439 0
      vertex 52.0678 34.4793 0.49
      vertex 51.8951 34.439 0.49
    endloop
  endfacet
  facet normal 0.227247 -0.973837 0
    outer loop
      vertex 52.0678 34.4793 0.49
      vertex 51.8951 34.439 0
      vertex 52.0678 34.4793 0
    endloop
  endfacet
  facet normal 0.213311 -0.976984 0
    outer loop
      vertex 52.0678 34.4793 0
      vertex 52.2565 34.5205 0.49
      vertex 52.0678 34.4793 0.49
    endloop
  endfacet
  facet normal 0.213311 -0.976984 0
    outer loop
      vertex 52.2565 34.5205 0.49
      vertex 52.0678 34.4793 0
      vertex 52.2565 34.5205 0
    endloop
  endfacet
  facet normal 0.216668 -0.976245 0
    outer loop
      vertex 52.2565 34.5205 0
      vertex 52.4142 34.5555 0.49
      vertex 52.2565 34.5205 0.49
    endloop
  endfacet
  facet normal 0.216668 -0.976245 0
    outer loop
      vertex 52.4142 34.5555 0.49
      vertex 52.2565 34.5205 0
      vertex 52.4142 34.5555 0
    endloop
  endfacet
  facet normal 0.22812 -0.973633 0
    outer loop
      vertex 52.4142 34.5555 0
      vertex 52.5559 34.5887 0.49
      vertex 52.4142 34.5555 0.49
    endloop
  endfacet
  facet normal 0.22812 -0.973633 0
    outer loop
      vertex 52.5559 34.5887 0.49
      vertex 52.4142 34.5555 0
      vertex 52.5559 34.5887 0
    endloop
  endfacet
  facet normal 0.243442 -0.969915 0
    outer loop
      vertex 52.5559 34.5887 0
      vertex 52.6818 34.6203 0.49
      vertex 52.5559 34.5887 0.49
    endloop
  endfacet
  facet normal 0.243442 -0.969915 0
    outer loop
      vertex 52.6818 34.6203 0.49
      vertex 52.5559 34.5887 0
      vertex 52.6818 34.6203 0
    endloop
  endfacet
  facet normal 0.260666 -0.965429 0
    outer loop
      vertex 52.6818 34.6203 0
      vertex 52.7918 34.65 0.49
      vertex 52.6818 34.6203 0.49
    endloop
  endfacet
  facet normal 0.260666 -0.965429 0
    outer loop
      vertex 52.7918 34.65 0.49
      vertex 52.6818 34.6203 0
      vertex 52.7918 34.65 0
    endloop
  endfacet
  facet normal 0.286413 -0.958106 0
    outer loop
      vertex 52.7918 34.65 0
      vertex 52.8858 34.6781 0.49
      vertex 52.7918 34.65 0.49
    endloop
  endfacet
  facet normal 0.286413 -0.958106 0
    outer loop
      vertex 52.8858 34.6781 0.49
      vertex 52.7918 34.65 0
      vertex 52.8858 34.6781 0
    endloop
  endfacet
  facet normal 0.319139 -0.947708 0
    outer loop
      vertex 52.8858 34.6781 0
      vertex 52.9639 34.7044 0.49
      vertex 52.8858 34.6781 0.49
    endloop
  endfacet
  facet normal 0.319139 -0.947708 0
    outer loop
      vertex 52.9639 34.7044 0.49
      vertex 52.8858 34.6781 0
      vertex 52.9639 34.7044 0
    endloop
  endfacet
  facet normal 0.367269 -0.930115 0
    outer loop
      vertex 52.9639 34.7044 0
      vertex 53.0262 34.729 0.49
      vertex 52.9639 34.7044 0.49
    endloop
  endfacet
  facet normal 0.367269 -0.930115 0
    outer loop
      vertex 53.0262 34.729 0.49
      vertex 52.9639 34.7044 0
      vertex 53.0262 34.729 0
    endloop
  endfacet
  facet normal 0.424212 -0.905563 0
    outer loop
      vertex 53.0262 34.729 0
      vertex 53.0785 34.7535 0.49
      vertex 53.0262 34.729 0.49
    endloop
  endfacet
  facet normal 0.424212 -0.905563 0
    outer loop
      vertex 53.0785 34.7535 0.49
      vertex 53.0262 34.729 0
      vertex 53.0785 34.7535 0
    endloop
  endfacet
  facet normal 0.47106 -0.882101 0
    outer loop
      vertex 53.0785 34.7535 0
      vertex 53.127 34.7794 0.49
      vertex 53.0785 34.7535 0.49
    endloop
  endfacet
  facet normal 0.47106 -0.882101 0
    outer loop
      vertex 53.127 34.7794 0.49
      vertex 53.0785 34.7535 0
      vertex 53.127 34.7794 0
    endloop
  endfacet
  facet normal 0.521758 -0.853093 0
    outer loop
      vertex 53.127 34.7794 0
      vertex 53.1718 34.8068 0.49
      vertex 53.127 34.7794 0.49
    endloop
  endfacet
  facet normal 0.521758 -0.853093 0
    outer loop
      vertex 53.1718 34.8068 0.49
      vertex 53.127 34.7794 0
      vertex 53.1718 34.8068 0
    endloop
  endfacet
  facet normal 0.575741 -0.817632 0
    outer loop
      vertex 53.1718 34.8068 0
      vertex 53.2127 34.8356 0.49
      vertex 53.1718 34.8068 0.49
    endloop
  endfacet
  facet normal 0.575741 -0.817632 0
    outer loop
      vertex 53.2127 34.8356 0.49
      vertex 53.1718 34.8068 0
      vertex 53.2127 34.8356 0
    endloop
  endfacet
  facet normal 0.632555 -0.774515 0
    outer loop
      vertex 53.2127 34.8356 0
      vertex 53.2498 34.8659 0.49
      vertex 53.2127 34.8356 0.49
    endloop
  endfacet
  facet normal 0.632555 -0.774515 0
    outer loop
      vertex 53.2498 34.8659 0.49
      vertex 53.2127 34.8356 0
      vertex 53.2498 34.8659 0
    endloop
  endfacet
  facet normal 0.689492 -0.724293 0
    outer loop
      vertex 53.2498 34.8659 0
      vertex 53.2831 34.8976 0.49
      vertex 53.2498 34.8659 0.49
    endloop
  endfacet
  facet normal 0.689492 -0.724293 0
    outer loop
      vertex 53.2831 34.8976 0.49
      vertex 53.2498 34.8659 0
      vertex 53.2831 34.8976 0
    endloop
  endfacet
  facet normal 0.746416 -0.665479 0
    outer loop
      vertex 53.2831 34.8976 0.49
      vertex 53.3127 34.9308 0
      vertex 53.3127 34.9308 0.49
    endloop
  endfacet
  facet normal 0.746416 -0.665479 0
    outer loop
      vertex 53.3127 34.9308 0
      vertex 53.2831 34.8976 0.49
      vertex 53.2831 34.8976 0
    endloop
  endfacet
  facet normal 0.809529 -0.58708 0
    outer loop
      vertex 53.3127 34.9308 0.49
      vertex 53.3383 34.9661 0
      vertex 53.3383 34.9661 0.49
    endloop
  endfacet
  facet normal 0.809529 -0.58708 0
    outer loop
      vertex 53.3383 34.9661 0
      vertex 53.3127 34.9308 0.49
      vertex 53.3127 34.9308 0
    endloop
  endfacet
  facet normal 0.868384 -0.495893 0
    outer loop
      vertex 53.3383 34.9661 0.49
      vertex 53.36 35.0041 0
      vertex 53.36 35.0041 0.49
    endloop
  endfacet
  facet normal 0.868384 -0.495893 0
    outer loop
      vertex 53.36 35.0041 0
      vertex 53.3383 34.9661 0.49
      vertex 53.3383 34.9661 0
    endloop
  endfacet
  facet normal 0.917747 -0.397167 0
    outer loop
      vertex 53.36 35.0041 0.49
      vertex 53.3777 35.045 0
      vertex 53.3777 35.045 0.49
    endloop
  endfacet
  facet normal 0.917747 -0.397167 0
    outer loop
      vertex 53.3777 35.045 0
      vertex 53.36 35.0041 0.49
      vertex 53.36 35.0041 0
    endloop
  endfacet
  facet normal 0.953384 -0.301759 0
    outer loop
      vertex 53.3777 35.045 0.49
      vertex 53.3915 35.0886 0
      vertex 53.3915 35.0886 0.49
    endloop
  endfacet
  facet normal 0.953384 -0.301759 0
    outer loop
      vertex 53.3915 35.0886 0
      vertex 53.3777 35.045 0.49
      vertex 53.3777 35.045 0
    endloop
  endfacet
  facet normal 0.977895 -0.209096 0
    outer loop
      vertex 53.3915 35.0886 0.49
      vertex 53.4014 35.1349 0
      vertex 53.4014 35.1349 0.49
    endloop
  endfacet
  facet normal 0.977895 -0.209096 0
    outer loop
      vertex 53.4014 35.1349 0
      vertex 53.3915 35.0886 0.49
      vertex 53.3915 35.0886 0
    endloop
  endfacet
  facet normal 0.992886 -0.119066 0
    outer loop
      vertex 53.4014 35.1349 0.49
      vertex 53.4073 35.1841 0
      vertex 53.4073 35.1841 0.49
    endloop
  endfacet
  facet normal 0.992886 -0.119066 0
    outer loop
      vertex 53.4073 35.1841 0
      vertex 53.4014 35.1349 0.49
      vertex 53.4014 35.1349 0
    endloop
  endfacet
  facet normal 0.999258 -0.0385071 0
    outer loop
      vertex 53.4073 35.1841 0.49
      vertex 53.4093 35.236 0
      vertex 53.4093 35.236 0.49
    endloop
  endfacet
  facet normal 0.999258 -0.0385071 0
    outer loop
      vertex 53.4093 35.236 0
      vertex 53.4073 35.1841 0.49
      vertex 53.4073 35.1841 0
    endloop
  endfacet
  facet normal 0.992509 0.122175 0
    outer loop
      vertex 53.4093 35.236 0.49
      vertex 53.3907 35.3871 0
      vertex 53.3907 35.3871 0.49
    endloop
  endfacet
  facet normal 0.992509 0.122175 0
    outer loop
      vertex 53.3907 35.3871 0
      vertex 53.4093 35.236 0.49
      vertex 53.4093 35.236 0
    endloop
  endfacet
  facet normal 0.917093 0.398674 0
    outer loop
      vertex 53.3907 35.3871 0.49
      vertex 53.3351 35.515 0
      vertex 53.3351 35.515 0.49
    endloop
  endfacet
  facet normal 0.917093 0.398674 0
    outer loop
      vertex 53.3351 35.515 0
      vertex 53.3907 35.3871 0.49
      vertex 53.3907 35.3871 0
    endloop
  endfacet
  facet normal 0.748395 0.663253 0
    outer loop
      vertex 53.3351 35.515 0.49
      vertex 53.2424 35.6196 0
      vertex 53.2424 35.6196 0.49
    endloop
  endfacet
  facet normal 0.748395 0.663253 0
    outer loop
      vertex 53.2424 35.6196 0
      vertex 53.3351 35.515 0.49
      vertex 53.3351 35.515 0
    endloop
  endfacet
  facet normal 0.530527 0.847668 -0
    outer loop
      vertex 53.2424 35.6196 0
      vertex 53.1125 35.7009 0.49
      vertex 53.2424 35.6196 0.49
    endloop
  endfacet
  facet normal 0.530527 0.847668 0
    outer loop
      vertex 53.1125 35.7009 0.49
      vertex 53.2424 35.6196 0
      vertex 53.1125 35.7009 0
    endloop
  endfacet
  facet normal 0.329267 0.944237 -0
    outer loop
      vertex 53.1125 35.7009 0
      vertex 52.9456 35.7591 0.49
      vertex 53.1125 35.7009 0.49
    endloop
  endfacet
  facet normal 0.329267 0.944237 0
    outer loop
      vertex 52.9456 35.7591 0.49
      vertex 53.1125 35.7009 0
      vertex 52.9456 35.7591 0
    endloop
  endfacet
  facet normal 0.168159 0.98576 -0
    outer loop
      vertex 52.9456 35.7591 0
      vertex 52.7416 35.7939 0.49
      vertex 52.9456 35.7591 0.49
    endloop
  endfacet
  facet normal 0.168159 0.98576 0
    outer loop
      vertex 52.7416 35.7939 0.49
      vertex 52.9456 35.7591 0
      vertex 52.7416 35.7939 0
    endloop
  endfacet
  facet normal 0.0484906 0.998824 -0
    outer loop
      vertex 52.7416 35.7939 0
      vertex 52.5006 35.8056 0.49
      vertex 52.7416 35.7939 0.49
    endloop
  endfacet
  facet normal 0.0484906 0.998824 0
    outer loop
      vertex 52.5006 35.8056 0.49
      vertex 52.7416 35.7939 0
      vertex 52.5006 35.8056 0
    endloop
  endfacet
  facet normal -0.0271087 0.999632 0
    outer loop
      vertex 52.5006 35.8056 0
      vertex 52.3826 35.8024 0.49
      vertex 52.5006 35.8056 0.49
    endloop
  endfacet
  facet normal -0.0271087 0.999632 0
    outer loop
      vertex 52.3826 35.8024 0.49
      vertex 52.5006 35.8056 0
      vertex 52.3826 35.8024 0
    endloop
  endfacet
  facet normal -0.0869423 0.996213 0
    outer loop
      vertex 52.3826 35.8024 0
      vertex 52.2726 35.7928 0.49
      vertex 52.3826 35.8024 0.49
    endloop
  endfacet
  facet normal -0.0869423 0.996213 0
    outer loop
      vertex 52.2726 35.7928 0.49
      vertex 52.3826 35.8024 0
      vertex 52.2726 35.7928 0
    endloop
  endfacet
  facet normal -0.154318 0.988021 0
    outer loop
      vertex 52.2726 35.7928 0
      vertex 52.1708 35.7769 0.49
      vertex 52.2726 35.7928 0.49
    endloop
  endfacet
  facet normal -0.154318 0.988021 0
    outer loop
      vertex 52.1708 35.7769 0.49
      vertex 52.2726 35.7928 0
      vertex 52.1708 35.7769 0
    endloop
  endfacet
  facet normal -0.231527 0.972828 0
    outer loop
      vertex 52.1708 35.7769 0
      vertex 52.0771 35.7546 0.49
      vertex 52.1708 35.7769 0.49
    endloop
  endfacet
  facet normal -0.231527 0.972828 0
    outer loop
      vertex 52.0771 35.7546 0.49
      vertex 52.1708 35.7769 0
      vertex 52.0771 35.7546 0
    endloop
  endfacet
  facet normal -0.316892 0.948461 0
    outer loop
      vertex 52.0771 35.7546 0
      vertex 51.9915 35.726 0.49
      vertex 52.0771 35.7546 0.49
    endloop
  endfacet
  facet normal -0.316892 0.948461 0
    outer loop
      vertex 51.9915 35.726 0.49
      vertex 52.0771 35.7546 0
      vertex 51.9915 35.726 0
    endloop
  endfacet
  facet normal -0.412121 0.911129 0
    outer loop
      vertex 51.9915 35.726 0
      vertex 51.9139 35.6909 0.49
      vertex 51.9915 35.726 0.49
    endloop
  endfacet
  facet normal -0.412121 0.911129 0
    outer loop
      vertex 51.9139 35.6909 0.49
      vertex 51.9915 35.726 0
      vertex 51.9139 35.6909 0
    endloop
  endfacet
  facet normal -0.511397 0.859345 0
    outer loop
      vertex 51.9139 35.6909 0
      vertex 51.8445 35.6496 0.49
      vertex 51.9139 35.6909 0.49
    endloop
  endfacet
  facet normal -0.511397 0.859345 0
    outer loop
      vertex 51.8445 35.6496 0.49
      vertex 51.9139 35.6909 0
      vertex 51.8445 35.6496 0
    endloop
  endfacet
  facet normal -0.608539 0.793524 0
    outer loop
      vertex 51.8445 35.6496 0
      vertex 51.7823 35.6019 0.49
      vertex 51.8445 35.6496 0.49
    endloop
  endfacet
  facet normal -0.608539 0.793524 0
    outer loop
      vertex 51.7823 35.6019 0.49
      vertex 51.8445 35.6496 0
      vertex 51.7823 35.6019 0
    endloop
  endfacet
  facet normal -0.693469 0.720487 0
    outer loop
      vertex 51.7823 35.6019 0
      vertex 51.7263 35.548 0.49
      vertex 51.7823 35.6019 0.49
    endloop
  endfacet
  facet normal -0.693469 0.720487 0
    outer loop
      vertex 51.7263 35.548 0.49
      vertex 51.7823 35.6019 0
      vertex 51.7263 35.548 0
    endloop
  endfacet
  facet normal -0.771263 0.636517 0
    outer loop
      vertex 51.6767 35.4879 0
      vertex 51.7263 35.548 0.49
      vertex 51.7263 35.548 0
    endloop
  endfacet
  facet normal -0.771263 0.636517 0
    outer loop
      vertex 51.7263 35.548 0.49
      vertex 51.6767 35.4879 0
      vertex 51.6767 35.4879 0.49
    endloop
  endfacet
  facet normal -0.837058 0.547113 0
    outer loop
      vertex 51.6333 35.4215 0
      vertex 51.6767 35.4879 0.49
      vertex 51.6767 35.4879 0
    endloop
  endfacet
  facet normal -0.837058 0.547113 0
    outer loop
      vertex 51.6767 35.4879 0.49
      vertex 51.6333 35.4215 0
      vertex 51.6333 35.4215 0.49
    endloop
  endfacet
  facet normal -0.890965 0.454073 0
    outer loop
      vertex 51.5963 35.3489 0
      vertex 51.6333 35.4215 0.49
      vertex 51.6333 35.4215 0
    endloop
  endfacet
  facet normal -0.890965 0.454073 0
    outer loop
      vertex 51.6333 35.4215 0.49
      vertex 51.5963 35.3489 0
      vertex 51.5963 35.3489 0.49
    endloop
  endfacet
  facet normal -0.931382 0.364043 0
    outer loop
      vertex 51.5655 35.2701 0
      vertex 51.5963 35.3489 0.49
      vertex 51.5963 35.3489 0
    endloop
  endfacet
  facet normal -0.931382 0.364043 0
    outer loop
      vertex 51.5963 35.3489 0.49
      vertex 51.5655 35.2701 0
      vertex 51.5655 35.2701 0.49
    endloop
  endfacet
  facet normal -0.961182 0.275916 0
    outer loop
      vertex 51.5411 35.1851 0
      vertex 51.5655 35.2701 0.49
      vertex 51.5655 35.2701 0
    endloop
  endfacet
  facet normal -0.961182 0.275916 0
    outer loop
      vertex 51.5655 35.2701 0.49
      vertex 51.5411 35.1851 0
      vertex 51.5411 35.1851 0.49
    endloop
  endfacet
  facet normal 0.135068 0.990836 -0
    outer loop
      vertex 51.5411 35.1851 0
      vertex 50.5713 35.3173 0.49
      vertex 51.5411 35.1851 0.49
    endloop
  endfacet
  facet normal 0.135068 0.990836 0
    outer loop
      vertex 50.5713 35.3173 0.49
      vertex 51.5411 35.1851 0
      vertex 50.5713 35.3173 0
    endloop
  endfacet
  facet normal 0.97095 -0.239284 0
    outer loop
      vertex 50.5713 35.3173 0.49
      vertex 50.6146 35.493 0
      vertex 50.6146 35.493 0.49
    endloop
  endfacet
  facet normal 0.97095 -0.239284 0
    outer loop
      vertex 50.6146 35.493 0
      vertex 50.5713 35.3173 0.49
      vertex 50.5713 35.3173 0
    endloop
  endfacet
  facet normal 0.944069 -0.329749 0
    outer loop
      vertex 50.6146 35.493 0.49
      vertex 50.6708 35.6539 0
      vertex 50.6708 35.6539 0.49
    endloop
  endfacet
  facet normal 0.944069 -0.329749 0
    outer loop
      vertex 50.6708 35.6539 0
      vertex 50.6146 35.493 0.49
      vertex 50.6146 35.493 0
    endloop
  endfacet
  facet normal 0.90375 -0.42806 0
    outer loop
      vertex 50.6708 35.6539 0.49
      vertex 50.74 35.8 0
      vertex 50.74 35.8 0.49
    endloop
  endfacet
  facet normal 0.90375 -0.42806 0
    outer loop
      vertex 50.74 35.8 0
      vertex 50.6708 35.6539 0.49
      vertex 50.6708 35.6539 0
    endloop
  endfacet
  facet normal 0.847708 -0.530463 0
    outer loop
      vertex 50.74 35.8 0.49
      vertex 50.8221 35.9312 0
      vertex 50.8221 35.9312 0.49
    endloop
  endfacet
  facet normal 0.847708 -0.530463 0
    outer loop
      vertex 50.8221 35.9312 0
      vertex 50.74 35.8 0.49
      vertex 50.74 35.8 0
    endloop
  endfacet
  facet normal 0.774994 -0.631969 0
    outer loop
      vertex 50.8221 35.9312 0.49
      vertex 50.9171 36.0477 0
      vertex 50.9171 36.0477 0.49
    endloop
  endfacet
  facet normal 0.774994 -0.631969 0
    outer loop
      vertex 50.9171 36.0477 0
      vertex 50.8221 35.9312 0.49
      vertex 50.8221 35.9312 0
    endloop
  endfacet
  facet normal 0.685196 -0.728358 0
    outer loop
      vertex 50.9171 36.0477 0
      vertex 51.0251 36.1493 0.49
      vertex 50.9171 36.0477 0.49
    endloop
  endfacet
  facet normal 0.685196 -0.728358 0
    outer loop
      vertex 51.0251 36.1493 0.49
      vertex 50.9171 36.0477 0
      vertex 51.0251 36.1493 0
    endloop
  endfacet
  facet normal 0.583332 -0.812234 0
    outer loop
      vertex 51.0251 36.1493 0
      vertex 51.1461 36.2362 0.49
      vertex 51.0251 36.1493 0.49
    endloop
  endfacet
  facet normal 0.583332 -0.812234 0
    outer loop
      vertex 51.1461 36.2362 0.49
      vertex 51.0251 36.1493 0
      vertex 51.1461 36.2362 0
    endloop
  endfacet
  facet normal 0.475369 -0.879787 0
    outer loop
      vertex 51.1461 36.2362 0
      vertex 51.2825 36.3099 0.49
      vertex 51.1461 36.2362 0.49
    endloop
  endfacet
  facet normal 0.475369 -0.879787 0
    outer loop
      vertex 51.2825 36.3099 0.49
      vertex 51.1461 36.2362 0
      vertex 51.2825 36.3099 0
    endloop
  endfacet
  facet normal 0.375009 -0.927021 0
    outer loop
      vertex 51.2825 36.3099 0
      vertex 51.437 36.3724 0.49
      vertex 51.2825 36.3099 0.49
    endloop
  endfacet
  facet normal 0.375009 -0.927021 0
    outer loop
      vertex 51.437 36.3724 0.49
      vertex 51.2825 36.3099 0
      vertex 51.437 36.3724 0
    endloop
  endfacet
  facet normal 0.28352 -0.958966 0
    outer loop
      vertex 51.437 36.3724 0
      vertex 51.6095 36.4234 0.49
      vertex 51.437 36.3724 0.49
    endloop
  endfacet
  facet normal 0.28352 -0.958966 0
    outer loop
      vertex 51.6095 36.4234 0.49
      vertex 51.437 36.3724 0
      vertex 51.6095 36.4234 0
    endloop
  endfacet
  facet normal 0.204405 -0.978886 0
    outer loop
      vertex 51.6095 36.4234 0
      vertex 51.8001 36.4632 0.49
      vertex 51.6095 36.4234 0.49
    endloop
  endfacet
  facet normal 0.204405 -0.978886 0
    outer loop
      vertex 51.8001 36.4632 0.49
      vertex 51.6095 36.4234 0
      vertex 51.8001 36.4632 0
    endloop
  endfacet
  facet normal 0.134372 -0.990931 0
    outer loop
      vertex 51.8001 36.4632 0
      vertex 52.0088 36.4915 0.49
      vertex 51.8001 36.4632 0.49
    endloop
  endfacet
  facet normal 0.134372 -0.990931 0
    outer loop
      vertex 52.0088 36.4915 0.49
      vertex 51.8001 36.4632 0
      vertex 52.0088 36.4915 0
    endloop
  endfacet
  facet normal 0.074779 -0.9972 0
    outer loop
      vertex 52.0088 36.4915 0
      vertex 52.2355 36.5085 0.49
      vertex 52.0088 36.4915 0.49
    endloop
  endfacet
  facet normal 0.074779 -0.9972 0
    outer loop
      vertex 52.2355 36.5085 0.49
      vertex 52.0088 36.4915 0
      vertex 52.2355 36.5085 0
    endloop
  endfacet
  facet normal 0.023278 -0.999729 0
    outer loop
      vertex 52.2355 36.5085 0
      vertex 52.4803 36.5142 0.49
      vertex 52.2355 36.5085 0.49
    endloop
  endfacet
  facet normal 0.023278 -0.999729 0
    outer loop
      vertex 52.4803 36.5142 0.49
      vertex 52.2355 36.5085 0
      vertex 52.4803 36.5142 0
    endloop
  endfacet
  facet normal -0.0272909 -0.999628 0
    outer loop
      vertex 52.4803 36.5142 0
      vertex 52.7367 36.5072 0.49
      vertex 52.4803 36.5142 0.49
    endloop
  endfacet
  facet normal -0.0272909 -0.999628 -0
    outer loop
      vertex 52.7367 36.5072 0.49
      vertex 52.4803 36.5142 0
      vertex 52.7367 36.5072 0
    endloop
  endfacet
  facet normal -0.0881988 -0.996103 0
    outer loop
      vertex 52.7367 36.5072 0
      vertex 52.975 36.4861 0.49
      vertex 52.7367 36.5072 0.49
    endloop
  endfacet
  facet normal -0.0881988 -0.996103 -0
    outer loop
      vertex 52.975 36.4861 0.49
      vertex 52.7367 36.5072 0
      vertex 52.975 36.4861 0
    endloop
  endfacet
  facet normal -0.157344 -0.987544 0
    outer loop
      vertex 52.975 36.4861 0
      vertex 53.1953 36.451 0.49
      vertex 52.975 36.4861 0.49
    endloop
  endfacet
  facet normal -0.157344 -0.987544 -0
    outer loop
      vertex 53.1953 36.451 0.49
      vertex 52.975 36.4861 0
      vertex 53.1953 36.451 0
    endloop
  endfacet
  facet normal -0.236425 -0.97165 0
    outer loop
      vertex 53.1953 36.451 0
      vertex 53.3975 36.4018 0.49
      vertex 53.1953 36.451 0.49
    endloop
  endfacet
  facet normal -0.236425 -0.97165 -0
    outer loop
      vertex 53.3975 36.4018 0.49
      vertex 53.1953 36.451 0
      vertex 53.3975 36.4018 0
    endloop
  endfacet
  facet normal -0.324534 -0.945874 0
    outer loop
      vertex 53.3975 36.4018 0
      vertex 53.5817 36.3386 0.49
      vertex 53.3975 36.4018 0.49
    endloop
  endfacet
  facet normal -0.324534 -0.945874 -0
    outer loop
      vertex 53.5817 36.3386 0.49
      vertex 53.3975 36.4018 0
      vertex 53.5817 36.3386 0
    endloop
  endfacet
  facet normal -0.42148 -0.906838 0
    outer loop
      vertex 53.5817 36.3386 0
      vertex 53.7478 36.2614 0.49
      vertex 53.5817 36.3386 0.49
    endloop
  endfacet
  facet normal -0.42148 -0.906838 -0
    outer loop
      vertex 53.7478 36.2614 0.49
      vertex 53.5817 36.3386 0
      vertex 53.7478 36.2614 0
    endloop
  endfacet
  facet normal -0.525028 -0.851085 0
    outer loop
      vertex 53.7478 36.2614 0
      vertex 53.8958 36.1701 0.49
      vertex 53.7478 36.2614 0.49
    endloop
  endfacet
  facet normal -0.525028 -0.851085 -0
    outer loop
      vertex 53.8958 36.1701 0.49
      vertex 53.7478 36.2614 0
      vertex 53.8958 36.1701 0
    endloop
  endfacet
  facet normal -0.629164 -0.777273 0
    outer loop
      vertex 53.8958 36.1701 0
      vertex 54.0249 36.0656 0.49
      vertex 53.8958 36.1701 0.49
    endloop
  endfacet
  facet normal -0.629164 -0.777273 -0
    outer loop
      vertex 54.0249 36.0656 0.49
      vertex 53.8958 36.1701 0
      vertex 54.0249 36.0656 0
    endloop
  endfacet
  facet normal -0.731055 -0.682318 0
    outer loop
      vertex 54.1341 35.9486 0
      vertex 54.0249 36.0656 0.49
      vertex 54.0249 36.0656 0
    endloop
  endfacet
  facet normal -0.731055 -0.682318 0
    outer loop
      vertex 54.0249 36.0656 0.49
      vertex 54.1341 35.9486 0
      vertex 54.1341 35.9486 0.49
    endloop
  endfacet
  facet normal -0.82233 -0.569011 0
    outer loop
      vertex 54.2235 35.8194 0
      vertex 54.1341 35.9486 0.49
      vertex 54.1341 35.9486 0
    endloop
  endfacet
  facet normal -0.82233 -0.569011 0
    outer loop
      vertex 54.1341 35.9486 0.49
      vertex 54.2235 35.8194 0
      vertex 54.2235 35.8194 0.49
    endloop
  endfacet
  facet normal -0.897822 -0.440358 0
    outer loop
      vertex 54.293 35.6777 0
      vertex 54.2235 35.8194 0.49
      vertex 54.2235 35.8194 0
    endloop
  endfacet
  facet normal -0.897822 -0.440358 0
    outer loop
      vertex 54.2235 35.8194 0.49
      vertex 54.293 35.6777 0
      vertex 54.293 35.6777 0.49
    endloop
  endfacet
  facet normal -0.951906 -0.306389 0
    outer loop
      vertex 54.3426 35.5236 0
      vertex 54.293 35.6777 0.49
      vertex 54.293 35.6777 0
    endloop
  endfacet
  facet normal -0.951906 -0.306389 0
    outer loop
      vertex 54.293 35.6777 0.49
      vertex 54.3426 35.5236 0
      vertex 54.3426 35.5236 0.49
    endloop
  endfacet
  facet normal -0.984358 -0.176179 0
    outer loop
      vertex 54.3724 35.3571 0
      vertex 54.3426 35.5236 0.49
      vertex 54.3426 35.5236 0
    endloop
  endfacet
  facet normal -0.984358 -0.176179 0
    outer loop
      vertex 54.3426 35.5236 0.49
      vertex 54.3724 35.3571 0
      vertex 54.3724 35.3571 0.49
    endloop
  endfacet
  facet normal -0.99844 -0.0558411 0
    outer loop
      vertex 54.3824 35.1783 0
      vertex 54.3724 35.3571 0.49
      vertex 54.3724 35.3571 0
    endloop
  endfacet
  facet normal -0.99844 -0.0558411 0
    outer loop
      vertex 54.3724 35.3571 0.49
      vertex 54.3824 35.1783 0
      vertex 54.3824 35.1783 0.49
    endloop
  endfacet
  facet normal -0.999808 0.0195767 0
    outer loop
      vertex 54.381 35.1068 0
      vertex 54.3824 35.1783 0.49
      vertex 54.3824 35.1783 0
    endloop
  endfacet
  facet normal -0.999808 0.0195767 0
    outer loop
      vertex 54.3824 35.1783 0.49
      vertex 54.381 35.1068 0
      vertex 54.381 35.1068 0.49
    endloop
  endfacet
  facet normal -0.998329 0.0577904 0
    outer loop
      vertex 54.377 35.0377 0
      vertex 54.381 35.1068 0.49
      vertex 54.381 35.1068 0
    endloop
  endfacet
  facet normal -0.998329 0.0577904 0
    outer loop
      vertex 54.381 35.1068 0.49
      vertex 54.377 35.0377 0
      vertex 54.377 35.0377 0.49
    endloop
  endfacet
  facet normal -0.994859 0.101273 0
    outer loop
      vertex 54.3702 34.9709 0
      vertex 54.377 35.0377 0.49
      vertex 54.377 35.0377 0
    endloop
  endfacet
  facet normal -0.994859 0.101273 0
    outer loop
      vertex 54.377 35.0377 0.49
      vertex 54.3702 34.9709 0
      vertex 54.3702 34.9709 0.49
    endloop
  endfacet
  facet normal -0.989515 0.144432 0
    outer loop
      vertex 54.3608 34.9065 0
      vertex 54.3702 34.9709 0.49
      vertex 54.3702 34.9709 0
    endloop
  endfacet
  facet normal -0.989515 0.144432 0
    outer loop
      vertex 54.3702 34.9709 0.49
      vertex 54.3608 34.9065 0
      vertex 54.3608 34.9065 0.49
    endloop
  endfacet
  facet normal -0.981185 0.193072 0
    outer loop
      vertex 54.3486 34.8445 0
      vertex 54.3608 34.9065 0.49
      vertex 54.3608 34.9065 0
    endloop
  endfacet
  facet normal -0.981185 0.193072 0
    outer loop
      vertex 54.3608 34.9065 0.49
      vertex 54.3486 34.8445 0
      vertex 54.3486 34.8445 0.49
    endloop
  endfacet
  facet normal -0.970713 0.240243 0
    outer loop
      vertex 54.3338 34.7847 0
      vertex 54.3486 34.8445 0.49
      vertex 54.3486 34.8445 0
    endloop
  endfacet
  facet normal -0.970713 0.240243 0
    outer loop
      vertex 54.3486 34.8445 0.49
      vertex 54.3338 34.7847 0
      vertex 54.3338 34.7847 0.49
    endloop
  endfacet
  facet normal -0.95639 0.292091 0
    outer loop
      vertex 54.3163 34.7274 0
      vertex 54.3338 34.7847 0.49
      vertex 54.3338 34.7847 0
    endloop
  endfacet
  facet normal -0.95639 0.292091 0
    outer loop
      vertex 54.3338 34.7847 0.49
      vertex 54.3163 34.7274 0
      vertex 54.3163 34.7274 0.49
    endloop
  endfacet
  facet normal -0.940191 0.340649 0
    outer loop
      vertex 54.2963 34.6722 0
      vertex 54.3163 34.7274 0.49
      vertex 54.3163 34.7274 0
    endloop
  endfacet
  facet normal -0.940191 0.340649 0
    outer loop
      vertex 54.3163 34.7274 0.49
      vertex 54.2963 34.6722 0
      vertex 54.2963 34.6722 0.49
    endloop
  endfacet
  facet normal -0.923231 0.384245 0
    outer loop
      vertex 54.2742 34.6191 0
      vertex 54.2963 34.6722 0.49
      vertex 54.2963 34.6722 0
    endloop
  endfacet
  facet normal -0.923231 0.384245 0
    outer loop
      vertex 54.2963 34.6722 0.49
      vertex 54.2742 34.6191 0
      vertex 54.2742 34.6191 0.49
    endloop
  endfacet
  facet normal -0.903449 0.428695 0
    outer loop
      vertex 54.25 34.5681 0
      vertex 54.2742 34.6191 0.49
      vertex 54.2742 34.6191 0
    endloop
  endfacet
  facet normal -0.903449 0.428695 0
    outer loop
      vertex 54.2742 34.6191 0.49
      vertex 54.25 34.5681 0
      vertex 54.25 34.5681 0.49
    endloop
  endfacet
  facet normal -0.879951 0.475065 0
    outer loop
      vertex 54.2236 34.5192 0
      vertex 54.25 34.5681 0.49
      vertex 54.25 34.5681 0
    endloop
  endfacet
  facet normal -0.879951 0.475065 0
    outer loop
      vertex 54.25 34.5681 0.49
      vertex 54.2236 34.5192 0
      vertex 54.2236 34.5192 0.49
    endloop
  endfacet
  facet normal -0.853282 0.52145 0
    outer loop
      vertex 54.195 34.4724 0
      vertex 54.2236 34.5192 0.49
      vertex 54.2236 34.5192 0
    endloop
  endfacet
  facet normal -0.853282 0.52145 0
    outer loop
      vertex 54.2236 34.5192 0.49
      vertex 54.195 34.4724 0
      vertex 54.195 34.4724 0.49
    endloop
  endfacet
  facet normal -0.824901 0.565278 0
    outer loop
      vertex 54.1643 34.4276 0
      vertex 54.195 34.4724 0.49
      vertex 54.195 34.4724 0
    endloop
  endfacet
  facet normal -0.824901 0.565278 0
    outer loop
      vertex 54.195 34.4724 0.49
      vertex 54.1643 34.4276 0
      vertex 54.1643 34.4276 0.49
    endloop
  endfacet
  facet normal -0.793038 0.609172 0
    outer loop
      vertex 54.1315 34.3849 0
      vertex 54.1643 34.4276 0.49
      vertex 54.1643 34.4276 0
    endloop
  endfacet
  facet normal -0.793038 0.609172 0
    outer loop
      vertex 54.1643 34.4276 0.49
      vertex 54.1315 34.3849 0
      vertex 54.1315 34.3849 0.49
    endloop
  endfacet
  facet normal -0.759914 0.650024 0
    outer loop
      vertex 54.0966 34.3441 0
      vertex 54.1315 34.3849 0.49
      vertex 54.1315 34.3849 0
    endloop
  endfacet
  facet normal -0.759914 0.650024 0
    outer loop
      vertex 54.1315 34.3849 0.49
      vertex 54.0966 34.3441 0
      vertex 54.0966 34.3441 0.49
    endloop
  endfacet
  facet normal -0.724535 0.689238 0
    outer loop
      vertex 54.0595 34.3051 0
      vertex 54.0966 34.3441 0.49
      vertex 54.0966 34.3441 0
    endloop
  endfacet
  facet normal -0.724535 0.689238 0
    outer loop
      vertex 54.0966 34.3441 0.49
      vertex 54.0595 34.3051 0
      vertex 54.0595 34.3051 0.49
    endloop
  endfacet
  facet normal -0.691223 0.722642 0
    outer loop
      vertex 54.0595 34.3051 0
      vertex 54.0204 34.2677 0.49
      vertex 54.0595 34.3051 0.49
    endloop
  endfacet
  facet normal -0.691223 0.722642 0
    outer loop
      vertex 54.0204 34.2677 0.49
      vertex 54.0595 34.3051 0
      vertex 54.0204 34.2677 0
    endloop
  endfacet
  facet normal -0.65472 0.755871 0
    outer loop
      vertex 54.0204 34.2677 0
      vertex 53.9793 34.2321 0.49
      vertex 54.0204 34.2677 0.49
    endloop
  endfacet
  facet normal -0.65472 0.755871 0
    outer loop
      vertex 53.9793 34.2321 0.49
      vertex 54.0204 34.2677 0
      vertex 53.9793 34.2321 0
    endloop
  endfacet
  facet normal -0.616455 0.78739 0
    outer loop
      vertex 53.9793 34.2321 0
      vertex 53.936 34.1982 0.49
      vertex 53.9793 34.2321 0.49
    endloop
  endfacet
  facet normal -0.616455 0.78739 0
    outer loop
      vertex 53.936 34.1982 0.49
      vertex 53.9793 34.2321 0
      vertex 53.936 34.1982 0
    endloop
  endfacet
  facet normal -0.578167 0.815918 0
    outer loop
      vertex 53.936 34.1982 0
      vertex 53.8907 34.1661 0.49
      vertex 53.936 34.1982 0.49
    endloop
  endfacet
  facet normal -0.578167 0.815918 0
    outer loop
      vertex 53.8907 34.1661 0.49
      vertex 53.936 34.1982 0
      vertex 53.8907 34.1661 0
    endloop
  endfacet
  facet normal -0.53986 0.841755 0
    outer loop
      vertex 53.8907 34.1661 0
      vertex 53.8433 34.1357 0.49
      vertex 53.8907 34.1661 0.49
    endloop
  endfacet
  facet normal -0.53986 0.841755 0
    outer loop
      vertex 53.8433 34.1357 0.49
      vertex 53.8907 34.1661 0
      vertex 53.8433 34.1357 0
    endloop
  endfacet
  facet normal -0.50702 0.861934 0
    outer loop
      vertex 53.8433 34.1357 0
      vertex 53.794 34.1067 0.49
      vertex 53.8433 34.1357 0.49
    endloop
  endfacet
  facet normal -0.50702 0.861934 0
    outer loop
      vertex 53.794 34.1067 0.49
      vertex 53.8433 34.1357 0
      vertex 53.794 34.1067 0
    endloop
  endfacet
  facet normal -0.480662 0.876906 0
    outer loop
      vertex 53.794 34.1067 0
      vertex 53.7431 34.0788 0.49
      vertex 53.794 34.1067 0.49
    endloop
  endfacet
  facet normal -0.480662 0.876906 0
    outer loop
      vertex 53.7431 34.0788 0.49
      vertex 53.794 34.1067 0
      vertex 53.7431 34.0788 0
    endloop
  endfacet
  facet normal -0.453977 0.891014 0
    outer loop
      vertex 53.7431 34.0788 0
      vertex 53.6905 34.052 0.49
      vertex 53.7431 34.0788 0.49
    endloop
  endfacet
  facet normal -0.453977 0.891014 0
    outer loop
      vertex 53.6905 34.052 0.49
      vertex 53.7431 34.0788 0
      vertex 53.6905 34.052 0
    endloop
  endfacet
  facet normal -0.427082 0.904213 0
    outer loop
      vertex 53.6905 34.052 0
      vertex 53.6363 34.0264 0.49
      vertex 53.6905 34.052 0.49
    endloop
  endfacet
  facet normal -0.427082 0.904213 0
    outer loop
      vertex 53.6363 34.0264 0.49
      vertex 53.6905 34.052 0
      vertex 53.6363 34.0264 0
    endloop
  endfacet
  facet normal -0.402793 0.915291 0
    outer loop
      vertex 53.6363 34.0264 0
      vertex 53.5804 34.0018 0.49
      vertex 53.6363 34.0264 0.49
    endloop
  endfacet
  facet normal -0.402793 0.915291 0
    outer loop
      vertex 53.5804 34.0018 0.49
      vertex 53.6363 34.0264 0
      vertex 53.5804 34.0018 0
    endloop
  endfacet
  facet normal -0.377756 0.925905 0
    outer loop
      vertex 53.5804 34.0018 0
      vertex 53.5228 33.9783 0.49
      vertex 53.5804 34.0018 0.49
    endloop
  endfacet
  facet normal -0.377756 0.925905 0
    outer loop
      vertex 53.5228 33.9783 0.49
      vertex 53.5804 34.0018 0
      vertex 53.5228 33.9783 0
    endloop
  endfacet
  facet normal -0.352509 0.935808 0
    outer loop
      vertex 53.5228 33.9783 0
      vertex 53.4636 33.956 0.49
      vertex 53.5228 33.9783 0.49
    endloop
  endfacet
  facet normal -0.352509 0.935808 0
    outer loop
      vertex 53.4636 33.956 0.49
      vertex 53.5228 33.9783 0
      vertex 53.4636 33.956 0
    endloop
  endfacet
  facet normal -0.323454 0.946244 0
    outer loop
      vertex 53.4636 33.956 0
      vertex 53.3969 33.9332 0.49
      vertex 53.4636 33.956 0.49
    endloop
  endfacet
  facet normal -0.323454 0.946244 0
    outer loop
      vertex 53.3969 33.9332 0.49
      vertex 53.4636 33.956 0
      vertex 53.3969 33.9332 0
    endloop
  endfacet
  facet normal -0.295761 0.955262 0
    outer loop
      vertex 53.3969 33.9332 0
      vertex 53.3168 33.9084 0.49
      vertex 53.3969 33.9332 0.49
    endloop
  endfacet
  facet normal -0.295761 0.955262 0
    outer loop
      vertex 53.3168 33.9084 0.49
      vertex 53.3969 33.9332 0
      vertex 53.3168 33.9084 0
    endloop
  endfacet
  facet normal -0.276355 0.961056 0
    outer loop
      vertex 53.3168 33.9084 0
      vertex 53.2236 33.8816 0.49
      vertex 53.3168 33.9084 0.49
    endloop
  endfacet
  facet normal -0.276355 0.961056 0
    outer loop
      vertex 53.2236 33.8816 0.49
      vertex 53.3168 33.9084 0
      vertex 53.2236 33.8816 0
    endloop
  endfacet
  facet normal -0.260818 0.965388 0
    outer loop
      vertex 53.2236 33.8816 0
      vertex 53.117 33.8528 0.49
      vertex 53.2236 33.8816 0.49
    endloop
  endfacet
  facet normal -0.260818 0.965388 0
    outer loop
      vertex 53.117 33.8528 0.49
      vertex 53.2236 33.8816 0
      vertex 53.117 33.8528 0
    endloop
  endfacet
  facet normal -0.24956 0.968359 0
    outer loop
      vertex 53.117 33.8528 0
      vertex 52.9971 33.8219 0.49
      vertex 53.117 33.8528 0.49
    endloop
  endfacet
  facet normal -0.24956 0.968359 0
    outer loop
      vertex 52.9971 33.8219 0.49
      vertex 53.117 33.8528 0
      vertex 52.9971 33.8219 0
    endloop
  endfacet
  facet normal -0.239273 0.970952 0
    outer loop
      vertex 52.9971 33.8219 0
      vertex 52.864 33.7891 0.49
      vertex 52.9971 33.8219 0.49
    endloop
  endfacet
  facet normal -0.239273 0.970952 0
    outer loop
      vertex 52.864 33.7891 0.49
      vertex 52.9971 33.8219 0
      vertex 52.864 33.7891 0
    endloop
  endfacet
  facet normal -0.231261 0.972892 0
    outer loop
      vertex 52.864 33.7891 0
      vertex 52.7176 33.7543 0.49
      vertex 52.864 33.7891 0.49
    endloop
  endfacet
  facet normal -0.231261 0.972892 0
    outer loop
      vertex 52.7176 33.7543 0.49
      vertex 52.864 33.7891 0
      vertex 52.7176 33.7543 0
    endloop
  endfacet
  facet normal -0.203237 0.979129 0
    outer loop
      vertex 52.7176 33.7543 0
      vertex 52.5485 33.7192 0.49
      vertex 52.7176 33.7543 0.49
    endloop
  endfacet
  facet normal -0.203237 0.979129 0
    outer loop
      vertex 52.5485 33.7192 0.49
      vertex 52.7176 33.7543 0
      vertex 52.5485 33.7192 0
    endloop
  endfacet
  facet normal -0.214898 0.976636 0
    outer loop
      vertex 52.5485 33.7192 0
      vertex 52.3958 33.6856 0.49
      vertex 52.5485 33.7192 0.49
    endloop
  endfacet
  facet normal -0.214898 0.976636 0
    outer loop
      vertex 52.3958 33.6856 0.49
      vertex 52.5485 33.7192 0
      vertex 52.3958 33.6856 0
    endloop
  endfacet
  facet normal -0.228562 0.973529 0
    outer loop
      vertex 52.3958 33.6856 0
      vertex 52.2595 33.6536 0.49
      vertex 52.3958 33.6856 0.49
    endloop
  endfacet
  facet normal -0.228562 0.973529 0
    outer loop
      vertex 52.2595 33.6536 0.49
      vertex 52.3958 33.6856 0
      vertex 52.2595 33.6536 0
    endloop
  endfacet
  facet normal -0.24748 0.968893 0
    outer loop
      vertex 52.2595 33.6536 0
      vertex 52.1397 33.623 0.49
      vertex 52.2595 33.6536 0.49
    endloop
  endfacet
  facet normal -0.24748 0.968893 0
    outer loop
      vertex 52.1397 33.623 0.49
      vertex 52.2595 33.6536 0
      vertex 52.1397 33.623 0
    endloop
  endfacet
  facet normal -0.26894 0.963157 0
    outer loop
      vertex 52.1397 33.623 0
      vertex 52.0362 33.5941 0.49
      vertex 52.1397 33.623 0.49
    endloop
  endfacet
  facet normal -0.26894 0.963157 0
    outer loop
      vertex 52.0362 33.5941 0.49
      vertex 52.1397 33.623 0
      vertex 52.0362 33.5941 0
    endloop
  endfacet
  facet normal -0.301079 0.953599 0
    outer loop
      vertex 52.0362 33.5941 0
      vertex 51.9491 33.5666 0.49
      vertex 52.0362 33.5941 0.49
    endloop
  endfacet
  facet normal -0.301079 0.953599 0
    outer loop
      vertex 51.9491 33.5666 0.49
      vertex 52.0362 33.5941 0
      vertex 51.9491 33.5666 0
    endloop
  endfacet
  facet normal -0.345152 0.938547 0
    outer loop
      vertex 51.9491 33.5666 0
      vertex 51.8784 33.5406 0.49
      vertex 51.9491 33.5666 0.49
    endloop
  endfacet
  facet normal -0.345152 0.938547 0
    outer loop
      vertex 51.8784 33.5406 0.49
      vertex 51.9491 33.5666 0
      vertex 51.8784 33.5406 0
    endloop
  endfacet
  facet normal -0.396116 0.9182 0
    outer loop
      vertex 51.8784 33.5406 0
      vertex 51.8179 33.5145 0.49
      vertex 51.8784 33.5406 0.49
    endloop
  endfacet
  facet normal -0.396116 0.9182 0
    outer loop
      vertex 51.8179 33.5145 0.49
      vertex 51.8784 33.5406 0
      vertex 51.8179 33.5145 0
    endloop
  endfacet
  facet normal -0.442117 0.896957 0
    outer loop
      vertex 51.8179 33.5145 0
      vertex 51.7615 33.4867 0.49
      vertex 51.8179 33.5145 0.49
    endloop
  endfacet
  facet normal -0.442117 0.896957 0
    outer loop
      vertex 51.7615 33.4867 0.49
      vertex 51.8179 33.5145 0
      vertex 51.7615 33.4867 0
    endloop
  endfacet
  facet normal -0.492385 0.870378 0
    outer loop
      vertex 51.7615 33.4867 0
      vertex 51.709 33.457 0.49
      vertex 51.7615 33.4867 0.49
    endloop
  endfacet
  facet normal -0.492385 0.870378 0
    outer loop
      vertex 51.709 33.457 0.49
      vertex 51.7615 33.4867 0
      vertex 51.709 33.457 0
    endloop
  endfacet
  facet normal -0.545475 0.838127 0
    outer loop
      vertex 51.709 33.457 0
      vertex 51.6606 33.4255 0.49
      vertex 51.709 33.457 0.49
    endloop
  endfacet
  facet normal -0.545475 0.838127 0
    outer loop
      vertex 51.6606 33.4255 0.49
      vertex 51.709 33.457 0
      vertex 51.6606 33.4255 0
    endloop
  endfacet
  facet normal -0.6 0.8 0
    outer loop
      vertex 51.6606 33.4255 0
      vertex 51.6162 33.3922 0.49
      vertex 51.6606 33.4255 0.49
    endloop
  endfacet
  facet normal -0.6 0.8 0
    outer loop
      vertex 51.6162 33.3922 0.49
      vertex 51.6606 33.4255 0
      vertex 51.6162 33.3922 0
    endloop
  endfacet
  facet normal -0.654931 0.755689 0
    outer loop
      vertex 51.6162 33.3922 0
      vertex 51.5757 33.3571 0.49
      vertex 51.6162 33.3922 0.49
    endloop
  endfacet
  facet normal -0.654931 0.755689 0
    outer loop
      vertex 51.5757 33.3571 0.49
      vertex 51.6162 33.3922 0
      vertex 51.5757 33.3571 0
    endloop
  endfacet
  facet normal -0.712879 0.701287 0
    outer loop
      vertex 51.5394 33.3202 0
      vertex 51.5757 33.3571 0.49
      vertex 51.5757 33.3571 0
    endloop
  endfacet
  facet normal -0.712879 0.701287 0
    outer loop
      vertex 51.5757 33.3571 0.49
      vertex 51.5394 33.3202 0
      vertex 51.5394 33.3202 0.49
    endloop
  endfacet
  facet normal -0.774661 0.632376 0
    outer loop
      vertex 51.5074 33.281 0
      vertex 51.5394 33.3202 0.49
      vertex 51.5394 33.3202 0
    endloop
  endfacet
  facet normal -0.774661 0.632376 0
    outer loop
      vertex 51.5394 33.3202 0.49
      vertex 51.5074 33.281 0
      vertex 51.5074 33.281 0.49
    endloop
  endfacet
  facet normal -0.841763 0.539848 0
    outer loop
      vertex 51.4804 33.2389 0
      vertex 51.5074 33.281 0.49
      vertex 51.5074 33.281 0
    endloop
  endfacet
  facet normal -0.841763 0.539848 0
    outer loop
      vertex 51.5074 33.281 0.49
      vertex 51.4804 33.2389 0
      vertex 51.4804 33.2389 0.49
    endloop
  endfacet
  facet normal -0.897982 0.440031 0
    outer loop
      vertex 51.4583 33.1938 0
      vertex 51.4804 33.2389 0.49
      vertex 51.4804 33.2389 0
    endloop
  endfacet
  facet normal -0.897982 0.440031 0
    outer loop
      vertex 51.4804 33.2389 0.49
      vertex 51.4583 33.1938 0
      vertex 51.4583 33.1938 0.49
    endloop
  endfacet
  facet normal -0.941163 0.337954 0
    outer loop
      vertex 51.4411 33.1459 0
      vertex 51.4583 33.1938 0.49
      vertex 51.4583 33.1938 0
    endloop
  endfacet
  facet normal -0.941163 0.337954 0
    outer loop
      vertex 51.4583 33.1938 0.49
      vertex 51.4411 33.1459 0
      vertex 51.4411 33.1459 0.49
    endloop
  endfacet
  facet normal -0.972022 0.234889 0
    outer loop
      vertex 51.4288 33.095 0
      vertex 51.4411 33.1459 0.49
      vertex 51.4411 33.1459 0
    endloop
  endfacet
  facet normal -0.972022 0.234889 0
    outer loop
      vertex 51.4411 33.1459 0.49
      vertex 51.4288 33.095 0
      vertex 51.4288 33.095 0.49
    endloop
  endfacet
  facet normal -0.990638 0.136513 0
    outer loop
      vertex 51.4214 33.0413 0
      vertex 51.4288 33.095 0.49
      vertex 51.4288 33.095 0
    endloop
  endfacet
  facet normal -0.990638 0.136513 0
    outer loop
      vertex 51.4288 33.095 0.49
      vertex 51.4214 33.0413 0
      vertex 51.4214 33.0413 0.49
    endloop
  endfacet
  facet normal -0.999105 0.0422902 0
    outer loop
      vertex 51.419 32.9846 0
      vertex 51.4214 33.0413 0.49
      vertex 51.4214 33.0413 0
    endloop
  endfacet
  facet normal -0.999105 0.0422902 0
    outer loop
      vertex 51.4214 33.0413 0.49
      vertex 51.419 32.9846 0
      vertex 51.419 32.9846 0.49
    endloop
  endfacet
  facet normal -0.99216 -0.124973 0
    outer loop
      vertex 51.4403 32.8155 0
      vertex 51.419 32.9846 0.49
      vertex 51.419 32.9846 0
    endloop
  endfacet
  facet normal -0.99216 -0.124973 0
    outer loop
      vertex 51.419 32.9846 0.49
      vertex 51.4403 32.8155 0
      vertex 51.4403 32.8155 0.49
    endloop
  endfacet
  facet normal -0.912386 -0.40933 0
    outer loop
      vertex 51.5045 32.6724 0
      vertex 51.4403 32.8155 0.49
      vertex 51.4403 32.8155 0
    endloop
  endfacet
  facet normal -0.912386 -0.40933 0
    outer loop
      vertex 51.4403 32.8155 0.49
      vertex 51.5045 32.6724 0
      vertex 51.5045 32.6724 0.49
    endloop
  endfacet
  facet normal -0.73854 -0.67421 0
    outer loop
      vertex 51.6114 32.5553 0
      vertex 51.5045 32.6724 0.49
      vertex 51.5045 32.6724 0
    endloop
  endfacet
  facet normal -0.73854 -0.67421 0
    outer loop
      vertex 51.5045 32.6724 0.49
      vertex 51.6114 32.5553 0
      vertex 51.6114 32.5553 0.49
    endloop
  endfacet
  facet normal -0.519856 -0.854254 0
    outer loop
      vertex 51.6114 32.5553 0
      vertex 51.7611 32.4642 0.49
      vertex 51.6114 32.5553 0.49
    endloop
  endfacet
  facet normal -0.519856 -0.854254 -0
    outer loop
      vertex 51.7611 32.4642 0.49
      vertex 51.6114 32.5553 0
      vertex 51.7611 32.4642 0
    endloop
  endfacet
  facet normal -0.320066 -0.947395 0
    outer loop
      vertex 51.7611 32.4642 0
      vertex 51.9535 32.3992 0.49
      vertex 51.7611 32.4642 0.49
    endloop
  endfacet
  facet normal -0.320066 -0.947395 -0
    outer loop
      vertex 51.9535 32.3992 0.49
      vertex 51.7611 32.4642 0
      vertex 51.9535 32.3992 0
    endloop
  endfacet
  facet normal -0.163991 -0.986462 0
    outer loop
      vertex 51.9535 32.3992 0
      vertex 52.1887 32.3601 0.49
      vertex 51.9535 32.3992 0.49
    endloop
  endfacet
  facet normal -0.163991 -0.986462 -0
    outer loop
      vertex 52.1887 32.3601 0.49
      vertex 51.9535 32.3992 0
      vertex 52.1887 32.3601 0
    endloop
  endfacet
  facet normal -0.0467115 -0.998908 0
    outer loop
      vertex 52.1887 32.3601 0
      vertex 52.4667 32.3471 0.49
      vertex 52.1887 32.3601 0.49
    endloop
  endfacet
  facet normal -0.0467115 -0.998908 -0
    outer loop
      vertex 52.4667 32.3471 0.49
      vertex 52.1887 32.3601 0
      vertex 52.4667 32.3471 0
    endloop
  endfacet
  facet normal 0.0250279 -0.999687 0
    outer loop
      vertex 52.4667 32.3471 0
      vertex 52.6065 32.3506 0.49
      vertex 52.4667 32.3471 0.49
    endloop
  endfacet
  facet normal 0.0250279 -0.999687 0
    outer loop
      vertex 52.6065 32.3506 0.49
      vertex 52.4667 32.3471 0
      vertex 52.6065 32.3506 0
    endloop
  endfacet
  facet normal 0.0799571 -0.996798 0
    outer loop
      vertex 52.6065 32.3506 0
      vertex 52.7374 32.3611 0.49
      vertex 52.6065 32.3506 0.49
    endloop
  endfacet
  facet normal 0.0799571 -0.996798 0
    outer loop
      vertex 52.7374 32.3611 0.49
      vertex 52.6065 32.3506 0
      vertex 52.7374 32.3611 0
    endloop
  endfacet
  facet normal 0.142218 -0.989835 0
    outer loop
      vertex 52.7374 32.3611 0
      vertex 52.8592 32.3786 0.49
      vertex 52.7374 32.3611 0.49
    endloop
  endfacet
  facet normal 0.142218 -0.989835 0
    outer loop
      vertex 52.8592 32.3786 0.49
      vertex 52.7374 32.3611 0
      vertex 52.8592 32.3786 0
    endloop
  endfacet
  facet normal 0.211243 -0.977433 0
    outer loop
      vertex 52.8592 32.3786 0
      vertex 52.9721 32.403 0.49
      vertex 52.8592 32.3786 0.49
    endloop
  endfacet
  facet normal 0.211243 -0.977433 0
    outer loop
      vertex 52.9721 32.403 0.49
      vertex 52.8592 32.3786 0
      vertex 52.9721 32.403 0
    endloop
  endfacet
  facet normal 0.290391 -0.956908 0
    outer loop
      vertex 52.9721 32.403 0
      vertex 53.0759 32.4345 0.49
      vertex 52.9721 32.403 0.49
    endloop
  endfacet
  facet normal 0.290391 -0.956908 0
    outer loop
      vertex 53.0759 32.4345 0.49
      vertex 52.9721 32.403 0
      vertex 53.0759 32.4345 0
    endloop
  endfacet
  facet normal 0.375093 -0.926987 0
    outer loop
      vertex 53.0759 32.4345 0
      vertex 53.1708 32.4729 0.49
      vertex 53.0759 32.4345 0.49
    endloop
  endfacet
  facet normal 0.375093 -0.926987 0
    outer loop
      vertex 53.1708 32.4729 0.49
      vertex 53.0759 32.4345 0
      vertex 53.1708 32.4729 0
    endloop
  endfacet
  facet normal 0.467273 -0.884113 0
    outer loop
      vertex 53.1708 32.4729 0
      vertex 53.2567 32.5183 0.49
      vertex 53.1708 32.4729 0.49
    endloop
  endfacet
  facet normal 0.467273 -0.884113 0
    outer loop
      vertex 53.2567 32.5183 0.49
      vertex 53.1708 32.4729 0
      vertex 53.2567 32.5183 0
    endloop
  endfacet
  facet normal 0.565446 -0.824786 0
    outer loop
      vertex 53.2567 32.5183 0
      vertex 53.3343 32.5715 0.49
      vertex 53.2567 32.5183 0.49
    endloop
  endfacet
  facet normal 0.565446 -0.824786 0
    outer loop
      vertex 53.3343 32.5715 0.49
      vertex 53.2567 32.5183 0
      vertex 53.3343 32.5715 0
    endloop
  endfacet
  facet normal 0.661764 -0.749713 0
    outer loop
      vertex 53.3343 32.5715 0
      vertex 53.4042 32.6332 0.49
      vertex 53.3343 32.5715 0.49
    endloop
  endfacet
  facet normal 0.661764 -0.749713 0
    outer loop
      vertex 53.4042 32.6332 0.49
      vertex 53.3343 32.5715 0
      vertex 53.4042 32.6332 0
    endloop
  endfacet
  facet normal 0.747409 -0.664364 0
    outer loop
      vertex 53.4042 32.6332 0.49
      vertex 53.4666 32.7034 0
      vertex 53.4666 32.7034 0.49
    endloop
  endfacet
  facet normal 0.747409 -0.664364 0
    outer loop
      vertex 53.4666 32.7034 0
      vertex 53.4042 32.6332 0.49
      vertex 53.4042 32.6332 0
    endloop
  endfacet
  facet normal 0.821139 -0.570728 0
    outer loop
      vertex 53.4666 32.7034 0.49
      vertex 53.5213 32.7821 0
      vertex 53.5213 32.7821 0.49
    endloop
  endfacet
  facet normal 0.821139 -0.570728 0
    outer loop
      vertex 53.5213 32.7821 0
      vertex 53.4666 32.7034 0.49
      vertex 53.4666 32.7034 0
    endloop
  endfacet
  facet normal 0.880082 -0.474821 0
    outer loop
      vertex 53.5213 32.7821 0.49
      vertex 53.5684 32.8694 0
      vertex 53.5684 32.8694 0.49
    endloop
  endfacet
  facet normal 0.880082 -0.474821 0
    outer loop
      vertex 53.5684 32.8694 0
      vertex 53.5213 32.7821 0.49
      vertex 53.5213 32.7821 0
    endloop
  endfacet
  facet normal 0.924358 -0.381527 0
    outer loop
      vertex 53.5684 32.8694 0.49
      vertex 53.6079 32.9651 0
      vertex 53.6079 32.9651 0.49
    endloop
  endfacet
  facet normal 0.924358 -0.381527 0
    outer loop
      vertex 53.6079 32.9651 0
      vertex 53.5684 32.8694 0.49
      vertex 53.5684 32.8694 0
    endloop
  endfacet
  facet normal 0.956195 -0.292731 0
    outer loop
      vertex 53.6079 32.9651 0.49
      vertex 53.6398 33.0693 0
      vertex 53.6398 33.0693 0.49
    endloop
  endfacet
  facet normal 0.956195 -0.292731 0
    outer loop
      vertex 53.6398 33.0693 0
      vertex 53.6079 32.9651 0.49
      vertex 53.6079 32.9651 0
    endloop
  endfacet
  facet normal -0.162644 -0.986685 0
    outer loop
      vertex 53.6398 33.0693 0
      vertex 54.6062 32.91 0.49
      vertex 53.6398 33.0693 0.49
    endloop
  endfacet
  facet normal -0.162644 -0.986685 -0
    outer loop
      vertex 54.6062 32.91 0.49
      vertex 53.6398 33.0693 0
      vertex 54.6062 32.91 0
    endloop
  endfacet
  facet normal -0.963904 0.266251 0
    outer loop
      vertex 54.5559 32.7279 0
      vertex 54.6062 32.91 0.49
      vertex 54.6062 32.91 0
    endloop
  endfacet
  facet normal -0.963904 0.266251 0
    outer loop
      vertex 54.6062 32.91 0.49
      vertex 54.5559 32.7279 0
      vertex 54.5559 32.7279 0.49
    endloop
  endfacet
  facet normal -0.932098 0.362206 0
    outer loop
      vertex 54.4905 32.5596 0
      vertex 54.5559 32.7279 0.49
      vertex 54.5559 32.7279 0
    endloop
  endfacet
  facet normal -0.932098 0.362206 0
    outer loop
      vertex 54.5559 32.7279 0.49
      vertex 54.4905 32.5596 0
      vertex 54.4905 32.5596 0.49
    endloop
  endfacet
  facet normal -0.886616 0.462507 0
    outer loop
      vertex 54.4098 32.4049 0
      vertex 54.4905 32.5596 0.49
      vertex 54.4905 32.5596 0
    endloop
  endfacet
  facet normal -0.886616 0.462507 0
    outer loop
      vertex 54.4905 32.5596 0.49
      vertex 54.4098 32.4049 0
      vertex 54.4098 32.4049 0.49
    endloop
  endfacet
  facet normal -0.826686 0.562663 0
    outer loop
      vertex 54.3139 32.264 0
      vertex 54.4098 32.4049 0.49
      vertex 54.4098 32.4049 0
    endloop
  endfacet
  facet normal -0.826686 0.562663 0
    outer loop
      vertex 54.4098 32.4049 0.49
      vertex 54.3139 32.264 0
      vertex 54.3139 32.264 0.49
    endloop
  endfacet
  facet normal -0.753126 0.657876 0
    outer loop
      vertex 54.2027 32.1367 0
      vertex 54.3139 32.264 0.49
      vertex 54.3139 32.264 0
    endloop
  endfacet
  facet normal -0.753126 0.657876 0
    outer loop
      vertex 54.3139 32.264 0.49
      vertex 54.2027 32.1367 0
      vertex 54.2027 32.1367 0.49
    endloop
  endfacet
  facet normal -0.668411 0.743792 0
    outer loop
      vertex 54.2027 32.1367 0
      vertex 54.0764 32.0232 0.49
      vertex 54.2027 32.1367 0.49
    endloop
  endfacet
  facet normal -0.668411 0.743792 0
    outer loop
      vertex 54.0764 32.0232 0.49
      vertex 54.2027 32.1367 0
      vertex 54.0764 32.0232 0
    endloop
  endfacet
  facet normal -0.576479 0.817112 0
    outer loop
      vertex 54.0764 32.0232 0
      vertex 53.9348 31.9233 0.49
      vertex 54.0764 32.0232 0.49
    endloop
  endfacet
  facet normal -0.576479 0.817112 0
    outer loop
      vertex 53.9348 31.9233 0.49
      vertex 54.0764 32.0232 0
      vertex 53.9348 31.9233 0
    endloop
  endfacet
  facet normal -0.480998 0.876721 0
    outer loop
      vertex 53.9348 31.9233 0
      vertex 53.7775 31.837 0.49
      vertex 53.9348 31.9233 0.49
    endloop
  endfacet
  facet normal -0.480998 0.876721 0
    outer loop
      vertex 53.7775 31.837 0.49
      vertex 53.9348 31.9233 0
      vertex 53.7775 31.837 0
    endloop
  endfacet
  facet normal -0.388271 0.921545 0
    outer loop
      vertex 53.7775 31.837 0
      vertex 53.604 31.7639 0.49
      vertex 53.7775 31.837 0.49
    endloop
  endfacet
  facet normal -0.388271 0.921545 0
    outer loop
      vertex 53.604 31.7639 0.49
      vertex 53.7775 31.837 0
      vertex 53.604 31.7639 0
    endloop
  endfacet
  facet normal -0.300794 0.953689 0
    outer loop
      vertex 53.604 31.7639 0
      vertex 53.4144 31.7041 0.49
      vertex 53.604 31.7639 0.49
    endloop
  endfacet
  facet normal -0.300794 0.953689 0
    outer loop
      vertex 53.4144 31.7041 0.49
      vertex 53.604 31.7639 0
      vertex 53.4144 31.7041 0
    endloop
  endfacet
  facet normal -0.22029 0.975434 0
    outer loop
      vertex 53.4144 31.7041 0
      vertex 53.2085 31.6576 0.49
      vertex 53.4144 31.7041 0.49
    endloop
  endfacet
  facet normal -0.22029 0.975434 0
    outer loop
      vertex 53.2085 31.6576 0.49
      vertex 53.4144 31.7041 0
      vertex 53.2085 31.6576 0
    endloop
  endfacet
  facet normal -0.147905 0.989002 0
    outer loop
      vertex 53.2085 31.6576 0
      vertex 52.9865 31.6244 0.49
      vertex 53.2085 31.6576 0.49
    endloop
  endfacet
  facet normal -0.147905 0.989002 0
    outer loop
      vertex 52.9865 31.6244 0.49
      vertex 53.2085 31.6576 0
      vertex 52.9865 31.6244 0
    endloop
  endfacet
  facet normal -0.0832185 0.996531 0
    outer loop
      vertex 52.9865 31.6244 0
      vertex 52.7482 31.6045 0.49
      vertex 52.9865 31.6244 0.49
    endloop
  endfacet
  facet normal -0.0832185 0.996531 0
    outer loop
      vertex 52.7482 31.6045 0.49
      vertex 52.9865 31.6244 0
      vertex 52.7482 31.6045 0
    endloop
  endfacet
  facet normal -0.0263273 0.999653 0
    outer loop
      vertex 52.7482 31.6045 0
      vertex 52.4938 31.5978 0.49
      vertex 52.7482 31.6045 0.49
    endloop
  endfacet
  facet normal -0.0263273 0.999653 0
    outer loop
      vertex 52.4938 31.5978 0.49
      vertex 52.7482 31.6045 0
      vertex 52.4938 31.5978 0
    endloop
  endfacet
  facet normal 0.0273476 0.999626 -0
    outer loop
      vertex 52.4938 31.5978 0
      vertex 52.216 31.6054 0.49
      vertex 52.4938 31.5978 0.49
    endloop
  endfacet
  facet normal 0.0273476 0.999626 0
    outer loop
      vertex 52.216 31.6054 0.49
      vertex 52.4938 31.5978 0
      vertex 52.216 31.6054 0
    endloop
  endfacet
  facet normal 0.0719286 0.99741 -0
    outer loop
      vertex 33.0692 31.6023 0
      vertex 32.882 31.6158 0.49
      vertex 33.0692 31.6023 0.49
    endloop
  endfacet
  facet normal 0.0719286 0.99741 0
    outer loop
      vertex 32.882 31.6158 0.49
      vertex 33.0692 31.6023 0
      vertex 32.882 31.6158 0
    endloop
  endfacet
  facet normal 0.120861 0.992669 -0
    outer loop
      vertex 32.882 31.6158 0
      vertex 32.6972 31.6383 0.49
      vertex 32.882 31.6158 0.49
    endloop
  endfacet
  facet normal 0.120861 0.992669 0
    outer loop
      vertex 32.6972 31.6383 0.49
      vertex 32.882 31.6158 0
      vertex 32.6972 31.6383 0
    endloop
  endfacet
  facet normal 0.170178 0.985413 -0
    outer loop
      vertex 32.6972 31.6383 0
      vertex 32.5148 31.6698 0.49
      vertex 32.6972 31.6383 0.49
    endloop
  endfacet
  facet normal 0.170178 0.985413 0
    outer loop
      vertex 32.5148 31.6698 0.49
      vertex 32.6972 31.6383 0
      vertex 32.5148 31.6698 0
    endloop
  endfacet
  facet normal 0.219628 0.975584 -0
    outer loop
      vertex 32.5148 31.6698 0
      vertex 32.3349 31.7103 0.49
      vertex 32.5148 31.6698 0.49
    endloop
  endfacet
  facet normal 0.219628 0.975584 0
    outer loop
      vertex 32.3349 31.7103 0.49
      vertex 32.5148 31.6698 0
      vertex 32.3349 31.7103 0
    endloop
  endfacet
  facet normal 0.26812 0.963386 -0
    outer loop
      vertex 32.3349 31.7103 0
      vertex 32.1574 31.7597 0.49
      vertex 32.3349 31.7103 0.49
    endloop
  endfacet
  facet normal 0.26812 0.963386 0
    outer loop
      vertex 32.1574 31.7597 0.49
      vertex 32.3349 31.7103 0
      vertex 32.1574 31.7597 0
    endloop
  endfacet
  facet normal 0.316878 0.948466 -0
    outer loop
      vertex 32.1574 31.7597 0
      vertex 31.9823 31.8182 0.49
      vertex 32.1574 31.7597 0.49
    endloop
  endfacet
  facet normal 0.316878 0.948466 0
    outer loop
      vertex 31.9823 31.8182 0.49
      vertex 32.1574 31.7597 0
      vertex 31.9823 31.8182 0
    endloop
  endfacet
  facet normal 0.365125 0.930959 -0
    outer loop
      vertex 31.9823 31.8182 0
      vertex 31.813 31.8846 0.49
      vertex 31.9823 31.8182 0.49
    endloop
  endfacet
  facet normal 0.365125 0.930959 0
    outer loop
      vertex 31.813 31.8846 0.49
      vertex 31.9823 31.8182 0
      vertex 31.813 31.8846 0
    endloop
  endfacet
  facet normal 0.417399 0.908723 -0
    outer loop
      vertex 31.813 31.8846 0
      vertex 31.6532 31.958 0.49
      vertex 31.813 31.8846 0.49
    endloop
  endfacet
  facet normal 0.417399 0.908723 0
    outer loop
      vertex 31.6532 31.958 0.49
      vertex 31.813 31.8846 0
      vertex 31.6532 31.958 0
    endloop
  endfacet
  facet normal 0.470041 0.882645 -0
    outer loop
      vertex 31.6532 31.958 0
      vertex 31.5026 32.0382 0.49
      vertex 31.6532 31.958 0.49
    endloop
  endfacet
  facet normal 0.470041 0.882645 0
    outer loop
      vertex 31.5026 32.0382 0.49
      vertex 31.6532 31.958 0
      vertex 31.5026 32.0382 0
    endloop
  endfacet
  facet normal 0.525442 0.85083 -0
    outer loop
      vertex 31.5026 32.0382 0
      vertex 31.3614 32.1254 0.49
      vertex 31.5026 32.0382 0.49
    endloop
  endfacet
  facet normal 0.525442 0.85083 0
    outer loop
      vertex 31.3614 32.1254 0.49
      vertex 31.5026 32.0382 0
      vertex 31.3614 32.1254 0
    endloop
  endfacet
  facet normal 0.580771 0.814067 -0
    outer loop
      vertex 31.3614 32.1254 0
      vertex 31.2295 32.2195 0.49
      vertex 31.3614 32.1254 0.49
    endloop
  endfacet
  facet normal 0.580771 0.814067 0
    outer loop
      vertex 31.2295 32.2195 0.49
      vertex 31.3614 32.1254 0
      vertex 31.2295 32.2195 0
    endloop
  endfacet
  facet normal 0.636523 0.771257 -0
    outer loop
      vertex 31.2295 32.2195 0
      vertex 31.107 32.3206 0.49
      vertex 31.2295 32.2195 0.49
    endloop
  endfacet
  facet normal 0.636523 0.771257 0
    outer loop
      vertex 31.107 32.3206 0.49
      vertex 31.2295 32.2195 0
      vertex 31.107 32.3206 0
    endloop
  endfacet
  facet normal 0.690278 0.723544 -0
    outer loop
      vertex 31.107 32.3206 0
      vertex 30.9939 32.4285 0.49
      vertex 31.107 32.3206 0.49
    endloop
  endfacet
  facet normal 0.690278 0.723544 0
    outer loop
      vertex 30.9939 32.4285 0.49
      vertex 31.107 32.3206 0
      vertex 30.9939 32.4285 0
    endloop
  endfacet
  facet normal 1 -0 0
    outer loop
      vertex 30.9939 32.4285 0.49
      vertex 30.9939 34.1849 0
      vertex 30.9939 34.1849 0.49
    endloop
  endfacet
  facet normal 1 0 0
    outer loop
      vertex 30.9939 34.1849 0
      vertex 30.9939 32.4285 0.49
      vertex 30.9939 32.4285 0
    endloop
  endfacet
  facet normal 0 -1 0
    outer loop
      vertex 30.9939 34.1849 0
      vertex 33.0757 34.1849 0.49
      vertex 30.9939 34.1849 0.49
    endloop
  endfacet
  facet normal 0 -1 -0
    outer loop
      vertex 33.0757 34.1849 0.49
      vertex 30.9939 34.1849 0
      vertex 33.0757 34.1849 0
    endloop
  endfacet
  facet normal -1 0 0
    outer loop
      vertex 33.0757 33.4457 0
      vertex 33.0757 34.1849 0.49
      vertex 33.0757 34.1849 0
    endloop
  endfacet
  facet normal -1 -0 0
    outer loop
      vertex 33.0757 34.1849 0.49
      vertex 33.0757 33.4457 0
      vertex 33.0757 33.4457 0.49
    endloop
  endfacet
  facet normal 0 1 -0
    outer loop
      vertex 33.0757 33.4457 0
      vertex 31.9093 33.4457 0.49
      vertex 33.0757 33.4457 0.49
    endloop
  endfacet
  facet normal 0 1 0
    outer loop
      vertex 31.9093 33.4457 0.49
      vertex 33.0757 33.4457 0
      vertex 31.9093 33.4457 0
    endloop
  endfacet
  facet normal -1 0 0
    outer loop
      vertex 31.9093 32.7845 0
      vertex 31.9093 33.4457 0.49
      vertex 31.9093 33.4457 0
    endloop
  endfacet
  facet normal -1 -0 0
    outer loop
      vertex 31.9093 33.4457 0.49
      vertex 31.9093 32.7845 0
      vertex 31.9093 32.7845 0.49
    endloop
  endfacet
  facet normal -0.62953 -0.776976 0
    outer loop
      vertex 31.9093 32.7845 0
      vertex 31.9699 32.7354 0.49
      vertex 31.9093 32.7845 0.49
    endloop
  endfacet
  facet normal -0.62953 -0.776976 -0
    outer loop
      vertex 31.9699 32.7354 0.49
      vertex 31.9093 32.7845 0
      vertex 31.9699 32.7354 0
    endloop
  endfacet
  facet normal -0.568447 -0.82272 0
    outer loop
      vertex 31.9699 32.7354 0
      vertex 32.0372 32.6889 0.49
      vertex 31.9699 32.7354 0.49
    endloop
  endfacet
  facet normal -0.568447 -0.82272 -0
    outer loop
      vertex 32.0372 32.6889 0.49
      vertex 31.9699 32.7354 0
      vertex 32.0372 32.6889 0
    endloop
  endfacet
  facet normal -0.510566 -0.859839 0
    outer loop
      vertex 32.0372 32.6889 0
      vertex 32.1113 32.6449 0.49
      vertex 32.0372 32.6889 0.49
    endloop
  endfacet
  facet normal -0.510566 -0.859839 -0
    outer loop
      vertex 32.1113 32.6449 0.49
      vertex 32.0372 32.6889 0
      vertex 32.1113 32.6449 0
    endloop
  endfacet
  facet normal -0.455557 -0.890207 0
    outer loop
      vertex 32.1113 32.6449 0
      vertex 32.1922 32.6035 0.49
      vertex 32.1113 32.6449 0.49
    endloop
  endfacet
  facet normal -0.455557 -0.890207 -0
    outer loop
      vertex 32.1922 32.6035 0.49
      vertex 32.1113 32.6449 0
      vertex 32.1922 32.6035 0
    endloop
  endfacet
  facet normal -0.40459 -0.914498 0
    outer loop
      vertex 32.1922 32.6035 0
      vertex 32.2799 32.5647 0.49
      vertex 32.1922 32.6035 0.49
    endloop
  endfacet
  facet normal -0.40459 -0.914498 -0
    outer loop
      vertex 32.2799 32.5647 0.49
      vertex 32.1922 32.6035 0
      vertex 32.2799 32.5647 0
    endloop
  endfacet
  facet normal -0.358913 -0.933371 0
    outer loop
      vertex 32.2799 32.5647 0
      vertex 32.3743 32.5284 0.49
      vertex 32.2799 32.5647 0.49
    endloop
  endfacet
  facet normal -0.358913 -0.933371 -0
    outer loop
      vertex 32.3743 32.5284 0.49
      vertex 32.2799 32.5647 0
      vertex 32.3743 32.5284 0
    endloop
  endfacet
  facet normal -0.316509 -0.94859 0
    outer loop
      vertex 32.3743 32.5284 0
      vertex 32.4756 32.4946 0.49
      vertex 32.3743 32.5284 0.49
    endloop
  endfacet
  facet normal -0.316509 -0.94859 -0
    outer loop
      vertex 32.4756 32.4946 0.49
      vertex 32.3743 32.5284 0
      vertex 32.4756 32.4946 0
    endloop
  endfacet
  facet normal -0.275325 -0.961351 0
    outer loop
      vertex 32.4756 32.4946 0
      vertex 32.5807 32.4645 0.49
      vertex 32.4756 32.4946 0.49
    endloop
  endfacet
  facet normal -0.275325 -0.961351 -0
    outer loop
      vertex 32.5807 32.4645 0.49
      vertex 32.4756 32.4946 0
      vertex 32.5807 32.4645 0
    endloop
  endfacet
  facet normal -0.233685 -0.972312 0
    outer loop
      vertex 32.5807 32.4645 0
      vertex 32.6868 32.439 0.49
      vertex 32.5807 32.4645 0.49
    endloop
  endfacet
  facet normal -0.233685 -0.972312 -0
    outer loop
      vertex 32.6868 32.439 0.49
      vertex 32.5807 32.4645 0
      vertex 32.6868 32.439 0
    endloop
  endfacet
  facet normal -0.191704 -0.981453 0
    outer loop
      vertex 32.6868 32.439 0
      vertex 32.7938 32.4181 0.49
      vertex 32.6868 32.439 0.49
    endloop
  endfacet
  facet normal -0.191704 -0.981453 -0
    outer loop
      vertex 32.7938 32.4181 0.49
      vertex 32.6868 32.439 0
      vertex 32.7938 32.4181 0
    endloop
  endfacet
  facet normal -0.14834 -0.988936 0
    outer loop
      vertex 32.7938 32.4181 0
      vertex 32.9018 32.4019 0.49
      vertex 32.7938 32.4181 0.49
    endloop
  endfacet
  facet normal -0.14834 -0.988936 -0
    outer loop
      vertex 32.9018 32.4019 0.49
      vertex 32.7938 32.4181 0
      vertex 32.9018 32.4019 0
    endloop
  endfacet
  facet normal -0.105824 -0.994385 0
    outer loop
      vertex 32.9018 32.4019 0
      vertex 33.0108 32.3903 0.49
      vertex 32.9018 32.4019 0.49
    endloop
  endfacet
  facet normal -0.105824 -0.994385 -0
    outer loop
      vertex 33.0108 32.3903 0.49
      vertex 32.9018 32.4019 0
      vertex 33.0108 32.3903 0
    endloop
  endfacet
  facet normal -0.0635655 -0.997978 0
    outer loop
      vertex 33.0108 32.3903 0
      vertex 33.1207 32.3833 0.49
      vertex 33.0108 32.3903 0.49
    endloop
  endfacet
  facet normal -0.0635655 -0.997978 -0
    outer loop
      vertex 33.1207 32.3833 0.49
      vertex 33.0108 32.3903 0
      vertex 33.1207 32.3833 0
    endloop
  endfacet
  facet normal -0.0207163 -0.999785 0
    outer loop
      vertex 33.1207 32.3833 0
      vertex 33.2317 32.381 0.49
      vertex 33.1207 32.3833 0.49
    endloop
  endfacet
  facet normal -0.0207163 -0.999785 -0
    outer loop
      vertex 33.2317 32.381 0.49
      vertex 33.1207 32.3833 0
      vertex 33.2317 32.381 0
    endloop
  endfacet
  facet normal 0.0479911 -0.998848 0
    outer loop
      vertex 33.2317 32.381 0
      vertex 33.4211 32.3901 0.49
      vertex 33.2317 32.381 0.49
    endloop
  endfacet
  facet normal 0.0479911 -0.998848 0
    outer loop
      vertex 33.4211 32.3901 0.49
      vertex 33.2317 32.381 0
      vertex 33.4211 32.3901 0
    endloop
  endfacet
  facet normal 0.151427 -0.988468 0
    outer loop
      vertex 33.4211 32.3901 0
      vertex 33.598 32.4172 0.49
      vertex 33.4211 32.3901 0.49
    endloop
  endfacet
  facet normal 0.151427 -0.988468 0
    outer loop
      vertex 33.598 32.4172 0.49
      vertex 33.4211 32.3901 0
      vertex 33.598 32.4172 0
    endloop
  endfacet
  facet normal 0.264557 -0.96437 0
    outer loop
      vertex 33.598 32.4172 0
      vertex 33.7624 32.4623 0.49
      vertex 33.598 32.4172 0.49
    endloop
  endfacet
  facet normal 0.264557 -0.96437 0
    outer loop
      vertex 33.7624 32.4623 0.49
      vertex 33.598 32.4172 0
      vertex 33.7624 32.4623 0
    endloop
  endfacet
  facet normal 0.384356 -0.923185 0
    outer loop
      vertex 33.7624 32.4623 0
      vertex 33.9142 32.5255 0.49
      vertex 33.7624 32.4623 0.49
    endloop
  endfacet
  facet normal 0.384356 -0.923185 0
    outer loop
      vertex 33.9142 32.5255 0.49
      vertex 33.7624 32.4623 0
      vertex 33.9142 32.5255 0
    endloop
  endfacet
  facet normal 0.504064 -0.863666 0
    outer loop
      vertex 33.9142 32.5255 0
      vertex 34.0535 32.6068 0.49
      vertex 33.9142 32.5255 0.49
    endloop
  endfacet
  facet normal 0.504064 -0.863666 0
    outer loop
      vertex 34.0535 32.6068 0.49
      vertex 33.9142 32.5255 0
      vertex 34.0535 32.6068 0
    endloop
  endfacet
  facet normal 0.616559 -0.787308 0
    outer loop
      vertex 34.0535 32.6068 0
      vertex 34.1803 32.7061 0.49
      vertex 34.0535 32.6068 0.49
    endloop
  endfacet
  facet normal 0.616559 -0.787308 0
    outer loop
      vertex 34.1803 32.7061 0.49
      vertex 34.0535 32.6068 0
      vertex 34.1803 32.7061 0
    endloop
  endfacet
  facet normal 0.716503 -0.697584 0
    outer loop
      vertex 34.1803 32.7061 0.49
      vertex 34.2946 32.8235 0
      vertex 34.2946 32.8235 0.49
    endloop
  endfacet
  facet normal 0.716503 -0.697584 0
    outer loop
      vertex 34.2946 32.8235 0
      vertex 34.1803 32.7061 0.49
      vertex 34.1803 32.7061 0
    endloop
  endfacet
  facet normal 0.800573 -0.599235 0
    outer loop
      vertex 34.2946 32.8235 0.49
      vertex 34.3949 32.9575 0
      vertex 34.3949 32.9575 0.49
    endloop
  endfacet
  facet normal 0.800573 -0.599235 0
    outer loop
      vertex 34.3949 32.9575 0
      vertex 34.2946 32.8235 0.49
      vertex 34.2946 32.8235 0
    endloop
  endfacet
  facet normal 0.868709 -0.495322 0
    outer loop
      vertex 34.3949 32.9575 0.49
      vertex 34.4798 33.1064 0
      vertex 34.4798 33.1064 0.49
    endloop
  endfacet
  facet normal 0.868709 -0.495322 0
    outer loop
      vertex 34.4798 33.1064 0
      vertex 34.3949 32.9575 0.49
      vertex 34.3949 32.9575 0
    endloop
  endfacet
  facet normal 0.920936 -0.389713 0
    outer loop
      vertex 34.4798 33.1064 0.49
      vertex 34.5492 33.2704 0
      vertex 34.5492 33.2704 0.49
    endloop
  endfacet
  facet normal 0.920936 -0.389713 0
    outer loop
      vertex 34.5492 33.2704 0
      vertex 34.4798 33.1064 0.49
      vertex 34.4798 33.1064 0
    endloop
  endfacet
  facet normal 0.957384 -0.28882 0
    outer loop
      vertex 34.5492 33.2704 0.49
      vertex 34.6032 33.4494 0
      vertex 34.6032 33.4494 0.49
    endloop
  endfacet
  facet normal 0.957384 -0.28882 0
    outer loop
      vertex 34.6032 33.4494 0
      vertex 34.5492 33.2704 0.49
      vertex 34.5492 33.2704 0
    endloop
  endfacet
  facet normal 0.980775 -0.195144 0
    outer loop
      vertex 34.6032 33.4494 0.49
      vertex 34.6418 33.6434 0
      vertex 34.6418 33.6434 0.49
    endloop
  endfacet
  facet normal 0.980775 -0.195144 0
    outer loop
      vertex 34.6418 33.6434 0
      vertex 34.6032 33.4494 0.49
      vertex 34.6032 33.4494 0
    endloop
  endfacet
  facet normal 0.993947 -0.109857 0
    outer loop
      vertex 34.6418 33.6434 0.49
      vertex 34.6649 33.8524 0
      vertex 34.6649 33.8524 0.49
    endloop
  endfacet
  facet normal 0.993947 -0.109857 0
    outer loop
      vertex 34.6649 33.8524 0
      vertex 34.6418 33.6434 0.49
      vertex 34.6418 33.6434 0
    endloop
  endfacet
  facet normal 0.999394 -0.0348003 0
    outer loop
      vertex 34.6649 33.8524 0.49
      vertex 34.6727 34.0764 0
      vertex 34.6727 34.0764 0.49
    endloop
  endfacet
  facet normal 0.999394 -0.0348003 0
    outer loop
      vertex 34.6727 34.0764 0
      vertex 34.6649 33.8524 0.49
      vertex 34.6649 33.8524 0
    endloop
  endfacet
  facet normal 0.99942 0.0340557 0
    outer loop
      vertex 34.6727 34.0764 0.49
      vertex 34.6652 34.2965 0
      vertex 34.6652 34.2965 0.49
    endloop
  endfacet
  facet normal 0.99942 0.0340557 0
    outer loop
      vertex 34.6652 34.2965 0
      vertex 34.6727 34.0764 0.49
      vertex 34.6727 34.0764 0
    endloop
  endfacet
  facet normal 0.994083 0.108622 0
    outer loop
      vertex 34.6652 34.2965 0.49
      vertex 34.6428 34.5015 0
      vertex 34.6428 34.5015 0.49
    endloop
  endfacet
  facet normal 0.994083 0.108622 0
    outer loop
      vertex 34.6428 34.5015 0
      vertex 34.6652 34.2965 0.49
      vertex 34.6652 34.2965 0
    endloop
  endfacet
  facet normal 0.981172 0.193136 0
    outer loop
      vertex 34.6428 34.5015 0.49
      vertex 34.6054 34.6915 0
      vertex 34.6054 34.6915 0.49
    endloop
  endfacet
  facet normal 0.981172 0.193136 0
    outer loop
      vertex 34.6054 34.6915 0
      vertex 34.6428 34.5015 0.49
      vertex 34.6428 34.5015 0
    endloop
  endfacet
  facet normal 0.958037 0.286644 0
    outer loop
      vertex 34.6054 34.6915 0.49
      vertex 34.5531 34.8663 0
      vertex 34.5531 34.8663 0.49
    endloop
  endfacet
  facet normal 0.958037 0.286644 0
    outer loop
      vertex 34.5531 34.8663 0
      vertex 34.6054 34.6915 0.49
      vertex 34.6054 34.6915 0
    endloop
  endfacet
  facet normal 0.921809 0.387644 0
    outer loop
      vertex 34.5531 34.8663 0.49
      vertex 34.4859 35.0261 0
      vertex 34.4859 35.0261 0.49
    endloop
  endfacet
  facet normal 0.921809 0.387644 0
    outer loop
      vertex 34.4859 35.0261 0
      vertex 34.5531 34.8663 0.49
      vertex 34.5531 34.8663 0
    endloop
  endfacet
  facet normal 0.869498 0.493937 0
    outer loop
      vertex 34.4859 35.0261 0.49
      vertex 34.4037 35.1708 0
      vertex 34.4037 35.1708 0.49
    endloop
  endfacet
  facet normal 0.869498 0.493937 0
    outer loop
      vertex 34.4037 35.1708 0
      vertex 34.4859 35.0261 0.49
      vertex 34.4859 35.0261 0
    endloop
  endfacet
  facet normal 0.8 0.6 0
    outer loop
      vertex 34.4037 35.1708 0.49
      vertex 34.3065 35.3004 0
      vertex 34.3065 35.3004 0.49
    endloop
  endfacet
  facet normal 0.8 0.6 0
    outer loop
      vertex 34.3065 35.3004 0
      vertex 34.4037 35.1708 0.49
      vertex 34.4037 35.1708 0
    endloop
  endfacet
  facet normal 0.712746 0.701422 0
    outer loop
      vertex 34.3065 35.3004 0.49
      vertex 34.195 35.4137 0
      vertex 34.195 35.4137 0.49
    endloop
  endfacet
  facet normal 0.712746 0.701422 0
    outer loop
      vertex 34.195 35.4137 0
      vertex 34.3065 35.3004 0.49
      vertex 34.3065 35.3004 0
    endloop
  endfacet
  facet normal 0.607474 0.79434 -0
    outer loop
      vertex 34.195 35.4137 0
      vertex 34.0696 35.5096 0.49
      vertex 34.195 35.4137 0.49
    endloop
  endfacet
  facet normal 0.607474 0.79434 0
    outer loop
      vertex 34.0696 35.5096 0.49
      vertex 34.195 35.4137 0
      vertex 34.0696 35.5096 0
    endloop
  endfacet
  facet normal 0.490944 0.871191 -0
    outer loop
      vertex 34.0696 35.5096 0
      vertex 33.9303 35.5881 0.49
      vertex 34.0696 35.5096 0.49
    endloop
  endfacet
  facet normal 0.490944 0.871191 0
    outer loop
      vertex 33.9303 35.5881 0.49
      vertex 34.0696 35.5096 0
      vertex 33.9303 35.5881 0
    endloop
  endfacet
  facet normal 0.370344 0.928895 -0
    outer loop
      vertex 33.9303 35.5881 0
      vertex 33.7773 35.6491 0.49
      vertex 33.9303 35.5881 0.49
    endloop
  endfacet
  facet normal 0.370344 0.928895 0
    outer loop
      vertex 33.7773 35.6491 0.49
      vertex 33.9303 35.5881 0
      vertex 33.7773 35.6491 0
    endloop
  endfacet
  facet normal 0.252752 0.967531 -0
    outer loop
      vertex 33.7773 35.6491 0
      vertex 33.6104 35.6927 0.49
      vertex 33.7773 35.6491 0.49
    endloop
  endfacet
  facet normal 0.252752 0.967531 0
    outer loop
      vertex 33.6104 35.6927 0.49
      vertex 33.7773 35.6491 0
      vertex 33.6104 35.6927 0
    endloop
  endfacet
  facet normal 0.142877 0.98974 -0
    outer loop
      vertex 33.6104 35.6927 0
      vertex 33.4296 35.7188 0.49
      vertex 33.6104 35.6927 0.49
    endloop
  endfacet
  facet normal 0.142877 0.98974 0
    outer loop
      vertex 33.4296 35.7188 0.49
      vertex 33.6104 35.6927 0
      vertex 33.4296 35.7188 0
    endloop
  endfacet
  facet normal 0.045198 0.998978 -0
    outer loop
      vertex 33.4296 35.7188 0
      vertex 33.2351 35.7276 0.49
      vertex 33.4296 35.7188 0.49
    endloop
  endfacet
  facet normal 0.045198 0.998978 0
    outer loop
      vertex 33.2351 35.7276 0.49
      vertex 33.4296 35.7188 0
      vertex 33.2351 35.7276 0
    endloop
  endfacet
  facet normal -0.0314414 0.999506 0
    outer loop
      vertex 33.2351 35.7276 0
      vertex 33.1143 35.7238 0.49
      vertex 33.2351 35.7276 0.49
    endloop
  endfacet
  facet normal -0.0314414 0.999506 0
    outer loop
      vertex 33.1143 35.7238 0.49
      vertex 33.2351 35.7276 0
      vertex 33.1143 35.7238 0
    endloop
  endfacet
  facet normal -0.0984862 0.995138 0
    outer loop
      vertex 33.1143 35.7238 0
      vertex 32.9981 35.7123 0.49
      vertex 33.1143 35.7238 0.49
    endloop
  endfacet
  facet normal -0.0984862 0.995138 0
    outer loop
      vertex 32.9981 35.7123 0.49
      vertex 33.1143 35.7238 0
      vertex 32.9981 35.7123 0
    endloop
  endfacet
  facet normal -0.167836 0.985815 0
    outer loop
      vertex 32.9981 35.7123 0
      vertex 32.8865 35.6933 0.49
      vertex 32.9981 35.7123 0.49
    endloop
  endfacet
  facet normal -0.167836 0.985815 0
    outer loop
      vertex 32.8865 35.6933 0.49
      vertex 32.9981 35.7123 0
      vertex 32.8865 35.6933 0
    endloop
  endfacet
  facet normal -0.241255 0.970462 0
    outer loop
      vertex 32.8865 35.6933 0
      vertex 32.7795 35.6667 0.49
      vertex 32.8865 35.6933 0.49
    endloop
  endfacet
  facet normal -0.241255 0.970462 0
    outer loop
      vertex 32.7795 35.6667 0.49
      vertex 32.8865 35.6933 0
      vertex 32.7795 35.6667 0
    endloop
  endfacet
  facet normal -0.317338 0.948313 0
    outer loop
      vertex 32.7795 35.6667 0
      vertex 32.677 35.6324 0.49
      vertex 32.7795 35.6667 0.49
    endloop
  endfacet
  facet normal -0.317338 0.948313 0
    outer loop
      vertex 32.677 35.6324 0.49
      vertex 32.7795 35.6667 0
      vertex 32.677 35.6324 0
    endloop
  endfacet
  facet normal -0.393466 0.919339 0
    outer loop
      vertex 32.677 35.6324 0
      vertex 32.5791 35.5905 0.49
      vertex 32.677 35.6324 0.49
    endloop
  endfacet
  facet normal -0.393466 0.919339 0
    outer loop
      vertex 32.5791 35.5905 0.49
      vertex 32.677 35.6324 0
      vertex 32.5791 35.5905 0
    endloop
  endfacet
  facet normal -0.467931 0.883765 0
    outer loop
      vertex 32.5791 35.5905 0
      vertex 32.4858 35.5411 0.49
      vertex 32.5791 35.5905 0.49
    endloop
  endfacet
  facet normal -0.467931 0.883765 0
    outer loop
      vertex 32.4858 35.5411 0.49
      vertex 32.5791 35.5905 0
      vertex 32.4858 35.5411 0
    endloop
  endfacet
  facet normal -0.544282 0.838902 0
    outer loop
      vertex 32.4858 35.5411 0
      vertex 32.3981 35.4842 0.49
      vertex 32.4858 35.5411 0.49
    endloop
  endfacet
  facet normal -0.544282 0.838902 0
    outer loop
      vertex 32.3981 35.4842 0.49
      vertex 32.4858 35.5411 0
      vertex 32.3981 35.4842 0
    endloop
  endfacet
  facet normal -0.622442 0.782666 0
    outer loop
      vertex 32.3981 35.4842 0
      vertex 32.3175 35.4201 0.49
      vertex 32.3981 35.4842 0.49
    endloop
  endfacet
  facet normal -0.622442 0.782666 0
    outer loop
      vertex 32.3175 35.4201 0.49
      vertex 32.3981 35.4842 0
      vertex 32.3175 35.4201 0
    endloop
  endfacet
  facet normal -0.694316 0.71967 0
    outer loop
      vertex 32.3175 35.4201 0
      vertex 32.2437 35.3489 0.49
      vertex 32.3175 35.4201 0.49
    endloop
  endfacet
  facet normal -0.694316 0.71967 0
    outer loop
      vertex 32.2437 35.3489 0.49
      vertex 32.3175 35.4201 0
      vertex 32.2437 35.3489 0
    endloop
  endfacet
  facet normal -0.761101 0.648633 0
    outer loop
      vertex 32.1768 35.2704 0
      vertex 32.2437 35.3489 0.49
      vertex 32.2437 35.3489 0
    endloop
  endfacet
  facet normal -0.761101 0.648633 0
    outer loop
      vertex 32.2437 35.3489 0.49
      vertex 32.1768 35.2704 0
      vertex 32.1768 35.2704 0.49
    endloop
  endfacet
  facet normal -0.819636 0.572885 0
    outer loop
      vertex 32.1169 35.1847 0
      vertex 32.1768 35.2704 0.49
      vertex 32.1768 35.2704 0
    endloop
  endfacet
  facet normal -0.819636 0.572885 0
    outer loop
      vertex 32.1768 35.2704 0.49
      vertex 32.1169 35.1847 0
      vertex 32.1169 35.1847 0.49
    endloop
  endfacet
  facet normal -0.868358 0.495937 0
    outer loop
      vertex 32.0639 35.0919 0
      vertex 32.1169 35.1847 0.49
      vertex 32.1169 35.1847 0
    endloop
  endfacet
  facet normal -0.868358 0.495937 0
    outer loop
      vertex 32.1169 35.1847 0.49
      vertex 32.0639 35.0919 0
      vertex 32.0639 35.0919 0.49
    endloop
  endfacet
  facet normal -0.908304 0.41831 0
    outer loop
      vertex 32.0178 34.9918 0
      vertex 32.0639 35.0919 0.49
      vertex 32.0639 35.0919 0
    endloop
  endfacet
  facet normal -0.908304 0.41831 0
    outer loop
      vertex 32.0639 35.0919 0.49
      vertex 32.0178 34.9918 0
      vertex 32.0178 34.9918 0.49
    endloop
  endfacet
  facet normal 0.288719 0.957414 -0
    outer loop
      vertex 32.0178 34.9918 0
      vertex 31.0956 35.2699 0.49
      vertex 32.0178 34.9918 0.49
    endloop
  endfacet
  facet normal 0.288719 0.957414 0
    outer loop
      vertex 31.0956 35.2699 0.49
      vertex 32.0178 34.9918 0
      vertex 31.0956 35.2699 0
    endloop
  endfacet
  facet normal 0.90444 -0.426602 0
    outer loop
      vertex 31.0956 35.2699 0.49
      vertex 31.2513 35.6 0
      vertex 31.2513 35.6 0.49
    endloop
  endfacet
  facet normal 0.90444 -0.426602 0
    outer loop
      vertex 31.2513 35.6 0
      vertex 31.0956 35.2699 0.49
      vertex 31.0956 35.2699 0
    endloop
  endfacet
  facet normal 0.805193 -0.593012 0
    outer loop
      vertex 31.2513 35.6 0.49
      vertex 31.457 35.8793 0
      vertex 31.457 35.8793 0.49
    endloop
  endfacet
  facet normal 0.805193 -0.593012 0
    outer loop
      vertex 31.457 35.8793 0
      vertex 31.2513 35.6 0.49
      vertex 31.2513 35.6 0
    endloop
  endfacet
  facet normal 0.666497 -0.745508 0
    outer loop
      vertex 31.457 35.8793 0
      vertex 31.7127 36.1079 0.49
      vertex 31.457 35.8793 0.49
    endloop
  endfacet
  facet normal 0.666497 -0.745508 0
    outer loop
      vertex 31.7127 36.1079 0.49
      vertex 31.457 35.8793 0
      vertex 31.7127 36.1079 0
    endloop
  endfacet
  facet normal 0.502763 -0.864424 0
    outer loop
      vertex 31.7127 36.1079 0
      vertex 32.0184 36.2857 0.49
      vertex 31.7127 36.1079 0.49
    endloop
  endfacet
  facet normal 0.502763 -0.864424 0
    outer loop
      vertex 32.0184 36.2857 0.49
      vertex 31.7127 36.1079 0
      vertex 32.0184 36.2857 0
    endloop
  endfacet
  facet normal 0.336101 -0.941826 0
    outer loop
      vertex 32.0184 36.2857 0
      vertex 32.374 36.4126 0.49
      vertex 32.0184 36.2857 0.49
    endloop
  endfacet
  facet normal 0.336101 -0.941826 0
    outer loop
      vertex 32.374 36.4126 0.49
      vertex 32.0184 36.2857 0
      vertex 32.374 36.4126 0
    endloop
  endfacet
  facet normal 0.184684 -0.982798 0
    outer loop
      vertex 32.374 36.4126 0
      vertex 32.7795 36.4888 0.49
      vertex 32.374 36.4126 0.49
    endloop
  endfacet
  facet normal 0.184684 -0.982798 0
    outer loop
      vertex 32.7795 36.4888 0.49
      vertex 32.374 36.4126 0
      vertex 32.7795 36.4888 0
    endloop
  endfacet
  facet normal 0.0556642 -0.99845 0
    outer loop
      vertex 32.7795 36.4888 0
      vertex 33.2351 36.5142 0.49
      vertex 32.7795 36.4888 0.49
    endloop
  endfacet
  facet normal 0.0556642 -0.99845 0
    outer loop
      vertex 33.2351 36.5142 0.49
      vertex 32.7795 36.4888 0
      vertex 33.2351 36.5142 0
    endloop
  endfacet
  facet normal -0.0391377 -0.999234 0
    outer loop
      vertex 33.2351 36.5142 0
      vertex 33.5619 36.5014 0.49
      vertex 33.2351 36.5142 0.49
    endloop
  endfacet
  facet normal -0.0391377 -0.999234 -0
    outer loop
      vertex 33.5619 36.5014 0.49
      vertex 33.2351 36.5142 0
      vertex 33.5619 36.5014 0
    endloop
  endfacet
  facet normal -0.12556 -0.992086 0
    outer loop
      vertex 33.5619 36.5014 0
      vertex 33.8661 36.4629 0.49
      vertex 33.5619 36.5014 0.49
    endloop
  endfacet
  facet normal -0.12556 -0.992086 -0
    outer loop
      vertex 33.8661 36.4629 0.49
      vertex 33.5619 36.5014 0
      vertex 33.8661 36.4629 0
    endloop
  endfacet
  facet normal -0.222204 -0.975 0
    outer loop
      vertex 33.8661 36.4629 0
      vertex 34.1478 36.3987 0.49
      vertex 33.8661 36.4629 0.49
    endloop
  endfacet
  facet normal -0.222204 -0.975 -0
    outer loop
      vertex 34.1478 36.3987 0.49
      vertex 33.8661 36.4629 0
      vertex 34.1478 36.3987 0
    endloop
  endfacet
  facet normal -0.327686 -0.944787 0
    outer loop
      vertex 34.1478 36.3987 0
      vertex 34.407 36.3088 0.49
      vertex 34.1478 36.3987 0.49
    endloop
  endfacet
  facet normal -0.327686 -0.944787 -0
    outer loop
      vertex 34.407 36.3088 0.49
      vertex 34.1478 36.3987 0
      vertex 34.407 36.3088 0
    endloop
  endfacet
  facet normal -0.438686 -0.898641 0
    outer loop
      vertex 34.407 36.3088 0
      vertex 34.6436 36.1933 0.49
      vertex 34.407 36.3088 0.49
    endloop
  endfacet
  facet normal -0.438686 -0.898641 -0
    outer loop
      vertex 34.6436 36.1933 0.49
      vertex 34.407 36.3088 0
      vertex 34.6436 36.1933 0
    endloop
  endfacet
  facet normal -0.550734 -0.834681 0
    outer loop
      vertex 34.6436 36.1933 0
      vertex 34.8576 36.0521 0.49
      vertex 34.6436 36.1933 0.49
    endloop
  endfacet
  facet normal -0.550734 -0.834681 -0
    outer loop
      vertex 34.8576 36.0521 0.49
      vertex 34.6436 36.1933 0
      vertex 34.8576 36.0521 0
    endloop
  endfacet
  facet normal -0.657026 -0.753868 0
    outer loop
      vertex 34.8576 36.0521 0
      vertex 35.0491 35.8852 0.49
      vertex 34.8576 36.0521 0.49
    endloop
  endfacet
  facet normal -0.657026 -0.753868 -0
    outer loop
      vertex 35.0491 35.8852 0.49
      vertex 34.8576 36.0521 0
      vertex 35.0491 35.8852 0
    endloop
  endfacet
  facet normal -0.752064 -0.65909 0
    outer loop
      vertex 35.2164 35.6943 0
      vertex 35.0491 35.8852 0.49
      vertex 35.0491 35.8852 0
    endloop
  endfacet
  facet normal -0.752064 -0.65909 0
    outer loop
      vertex 35.0491 35.8852 0.49
      vertex 35.2164 35.6943 0
      vertex 35.2164 35.6943 0.49
    endloop
  endfacet
  facet normal -0.833369 -0.552717 0
    outer loop
      vertex 35.358 35.4808 0
      vertex 35.2164 35.6943 0.49
      vertex 35.2164 35.6943 0
    endloop
  endfacet
  facet normal -0.833369 -0.552717 0
    outer loop
      vertex 35.2164 35.6943 0.49
      vertex 35.358 35.4808 0
      vertex 35.358 35.4808 0.49
    endloop
  endfacet
  facet normal -0.897676 -0.440656 0
    outer loop
      vertex 35.4738 35.2449 0
      vertex 35.358 35.4808 0.49
      vertex 35.358 35.4808 0
    endloop
  endfacet
  facet normal -0.897676 -0.440656 0
    outer loop
      vertex 35.358 35.4808 0.49
      vertex 35.4738 35.2449 0
      vertex 35.4738 35.2449 0.49
    endloop
  endfacet
  facet normal -0.944245 -0.329243 0
    outer loop
      vertex 35.5639 34.9865 0
      vertex 35.4738 35.2449 0.49
      vertex 35.4738 35.2449 0
    endloop
  endfacet
  facet normal -0.944245 -0.329243 0
    outer loop
      vertex 35.4738 35.2449 0.49
      vertex 35.5639 34.9865 0
      vertex 35.5639 34.9865 0.49
    endloop
  endfacet
  facet normal -0.974787 -0.223136 0
    outer loop
      vertex 35.6282 34.7056 0
      vertex 35.5639 34.9865 0.49
      vertex 35.5639 34.9865 0
    endloop
  endfacet
  facet normal -0.974787 -0.223136 0
    outer loop
      vertex 35.5639 34.9865 0.49
      vertex 35.6282 34.7056 0
      vertex 35.6282 34.7056 0.49
    endloop
  endfacet
  facet normal -0.992004 -0.126207 0
    outer loop
      vertex 35.6668 34.4022 0
      vertex 35.6282 34.7056 0.49
      vertex 35.6282 34.7056 0
    endloop
  endfacet
  facet normal -0.992004 -0.126207 0
    outer loop
      vertex 35.6282 34.7056 0.49
      vertex 35.6668 34.4022 0
      vertex 35.6668 34.4022 0.49
    endloop
  endfacet
  facet normal -0.999217 -0.0395638 0
    outer loop
      vertex 35.6797 34.0764 0
      vertex 35.6668 34.4022 0.49
      vertex 35.6668 34.4022 0
    endloop
  endfacet
  facet normal -0.999217 -0.0395638 0
    outer loop
      vertex 35.6668 34.4022 0.49
      vertex 35.6797 34.0764 0
      vertex 35.6797 34.0764 0.49
    endloop
  endfacet
  facet normal -0.999239 0.0389947 0
    outer loop
      vertex 35.6669 33.7484 0
      vertex 35.6797 34.0764 0.49
      vertex 35.6797 34.0764 0
    endloop
  endfacet
  facet normal -0.999239 0.0389947 0
    outer loop
      vertex 35.6797 34.0764 0.49
      vertex 35.6669 33.7484 0
      vertex 35.6669 33.7484 0.49
    endloop
  endfacet
  facet normal -0.992218 0.124514 0
    outer loop
      vertex 35.6285 33.4424 0
      vertex 35.6669 33.7484 0.49
      vertex 35.6669 33.7484 0
    endloop
  endfacet
  facet normal -0.992218 0.124514 0
    outer loop
      vertex 35.6669 33.7484 0.49
      vertex 35.6285 33.4424 0
      vertex 35.6285 33.4424 0.49
    endloop
  endfacet
  facet normal -0.97552 0.219913 0
    outer loop
      vertex 35.5645 33.1585 0
      vertex 35.6285 33.4424 0.49
      vertex 35.6285 33.4424 0
    endloop
  endfacet
  facet normal -0.97552 0.219913 0
    outer loop
      vertex 35.6285 33.4424 0.49
      vertex 35.5645 33.1585 0
      vertex 35.5645 33.1585 0.49
    endloop
  endfacet
  facet normal -0.946123 0.323807 0
    outer loop
      vertex 35.4749 32.8967 0
      vertex 35.5645 33.1585 0.49
      vertex 35.5645 33.1585 0
    endloop
  endfacet
  facet normal -0.946123 0.323807 0
    outer loop
      vertex 35.5645 33.1585 0.49
      vertex 35.4749 32.8967 0
      vertex 35.4749 32.8967 0.49
    endloop
  endfacet
  facet normal -0.901312 0.433171 0
    outer loop
      vertex 35.3597 32.657 0
      vertex 35.4749 32.8967 0.49
      vertex 35.4749 32.8967 0
    endloop
  endfacet
  facet normal -0.901312 0.433171 0
    outer loop
      vertex 35.4749 32.8967 0.49
      vertex 35.3597 32.657 0
      vertex 35.3597 32.657 0.49
    endloop
  endfacet
  facet normal -0.839684 0.543075 0
    outer loop
      vertex 35.2189 32.4393 0
      vertex 35.3597 32.657 0.49
      vertex 35.3597 32.657 0
    endloop
  endfacet
  facet normal -0.839684 0.543075 0
    outer loop
      vertex 35.3597 32.657 0.49
      vertex 35.2189 32.4393 0
      vertex 35.2189 32.4393 0.49
    endloop
  endfacet
  facet normal -0.76167 0.647965 0
    outer loop
      vertex 35.0525 32.2437 0
      vertex 35.2189 32.4393 0.49
      vertex 35.2189 32.4393 0
    endloop
  endfacet
  facet normal -0.76167 0.647965 0
    outer loop
      vertex 35.2189 32.4393 0.49
      vertex 35.0525 32.2437 0
      vertex 35.0525 32.2437 0.49
    endloop
  endfacet
  facet normal -0.669029 0.743236 0
    outer loop
      vertex 35.0525 32.2437 0
      vertex 34.8622 32.0724 0.49
      vertex 35.0525 32.2437 0.49
    endloop
  endfacet
  facet normal -0.669029 0.743236 0
    outer loop
      vertex 34.8622 32.0724 0.49
      vertex 35.0525 32.2437 0
      vertex 34.8622 32.0724 0
    endloop
  endfacet
  facet normal -0.564182 0.825651 0
    outer loop
      vertex 34.8622 32.0724 0
      vertex 34.65 31.9274 0.49
      vertex 34.8622 32.0724 0.49
    endloop
  endfacet
  facet normal -0.564182 0.825651 0
    outer loop
      vertex 34.65 31.9274 0.49
      vertex 34.8622 32.0724 0
      vertex 34.65 31.9274 0
    endloop
  endfacet
  facet normal -0.452082 0.891976 0
    outer loop
      vertex 34.65 31.9274 0
      vertex 34.4158 31.8087 0.49
      vertex 34.65 31.9274 0.49
    endloop
  endfacet
  facet normal -0.452082 0.891976 0
    outer loop
      vertex 34.4158 31.8087 0.49
      vertex 34.65 31.9274 0
      vertex 34.4158 31.8087 0
    endloop
  endfacet
  facet normal -0.338498 0.940967 0
    outer loop
      vertex 34.4158 31.8087 0
      vertex 34.1595 31.7165 0.49
      vertex 34.4158 31.8087 0.49
    endloop
  endfacet
  facet normal -0.338498 0.940967 0
    outer loop
      vertex 34.1595 31.7165 0.49
      vertex 34.4158 31.8087 0
      vertex 34.1595 31.7165 0
    endloop
  endfacet
  facet normal -0.230501 0.973072 0
    outer loop
      vertex 34.1595 31.7165 0
      vertex 33.8813 31.6506 0.49
      vertex 34.1595 31.7165 0.49
    endloop
  endfacet
  facet normal -0.230501 0.973072 0
    outer loop
      vertex 33.8813 31.6506 0.49
      vertex 34.1595 31.7165 0
      vertex 33.8813 31.6506 0
    endloop
  endfacet
  facet normal -0.130779 0.991412 0
    outer loop
      vertex 33.8813 31.6506 0
      vertex 33.5811 31.611 0.49
      vertex 33.8813 31.6506 0.49
    endloop
  endfacet
  facet normal -0.130779 0.991412 0
    outer loop
      vertex 33.5811 31.611 0.49
      vertex 33.8813 31.6506 0
      vertex 33.5811 31.611 0
    endloop
  endfacet
  facet normal -0.0409213 0.999162 0
    outer loop
      vertex 33.5811 31.611 0
      vertex 33.2588 31.5978 0.49
      vertex 33.5811 31.611 0.49
    endloop
  endfacet
  facet normal -0.0409213 0.999162 0
    outer loop
      vertex 33.2588 31.5978 0.49
      vertex 33.5811 31.611 0
      vertex 33.2588 31.5978 0
    endloop
  endfacet
  facet normal 0.0237275 0.999718 -0
    outer loop
      vertex 33.2588 31.5978 0
      vertex 33.0692 31.6023 0.49
      vertex 33.2588 31.5978 0.49
    endloop
  endfacet
  facet normal 0.0237275 0.999718 0
    outer loop
      vertex 33.0692 31.6023 0.49
      vertex 33.2588 31.5978 0
      vertex 33.0692 31.6023 0
    endloop
  endfacet
  facet normal 0.607365 0.794423 -0
    outer loop
      vertex 68.4115 33.4084 0
      vertex 67.8216 33.8594 0.49
      vertex 68.4115 33.4084 0.49
    endloop
  endfacet
  facet normal 0.607365 0.794423 0
    outer loop
      vertex 67.8216 33.8594 0.49
      vertex 68.4115 33.4084 0
      vertex 67.8216 33.8594 0
    endloop
  endfacet
  facet normal -0.787712 0.616044 0
    outer loop
      vertex 66.1059 31.6656 0
      vertex 67.8216 33.8594 0.49
      vertex 67.8216 33.8594 0
    endloop
  endfacet
  facet normal -0.787712 0.616044 0
    outer loop
      vertex 67.8216 33.8594 0.49
      vertex 66.1059 31.6656 0
      vertex 66.1059 31.6656 0.49
    endloop
  endfacet
  facet normal 0 1 -0
    outer loop
      vertex 66.1059 31.6656 0
      vertex 64.926 31.6656 0.49
      vertex 66.1059 31.6656 0.49
    endloop
  endfacet
  facet normal 0 1 0
    outer loop
      vertex 64.926 31.6656 0.49
      vertex 66.1059 31.6656 0
      vertex 64.926 31.6656 0
    endloop
  endfacet
  facet normal 0.78059 -0.625044 0
    outer loop
      vertex 64.926 31.6656 0.49
      vertex 67.1333 34.4222 0
      vertex 67.1333 34.4222 0.49
    endloop
  endfacet
  facet normal 0.78059 -0.625044 0
    outer loop
      vertex 67.1333 34.4222 0
      vertex 64.926 31.6656 0.49
      vertex 64.926 31.6656 0
    endloop
  endfacet
  facet normal 0.703547 0.710649 -0
    outer loop
      vertex 67.1333 34.4222 0
      vertex 65.0921 36.443 0.49
      vertex 67.1333 34.4222 0.49
    endloop
  endfacet
  facet normal 0.703547 0.710649 0
    outer loop
      vertex 65.0921 36.443 0.49
      vertex 67.1333 34.4222 0
      vertex 65.0921 36.443 0
    endloop
  endfacet
  facet normal 0 -1 0
    outer loop
      vertex 65.0921 36.443 0
      vertex 66.2585 36.443 0.49
      vertex 65.0921 36.443 0.49
    endloop
  endfacet
  facet normal 0 -1 -0
    outer loop
      vertex 66.2585 36.443 0.49
      vertex 65.0921 36.443 0
      vertex 66.2585 36.443 0
    endloop
  endfacet
  facet normal -0.70933 -0.704877 0
    outer loop
      vertex 68.4115 34.2764 0
      vertex 66.2585 36.443 0.49
      vertex 66.2585 36.443 0
    endloop
  endfacet
  facet normal -0.70933 -0.704877 0
    outer loop
      vertex 66.2585 36.443 0.49
      vertex 68.4115 34.2764 0
      vertex 68.4115 34.2764 0.49
    endloop
  endfacet
  facet normal 1 -0 0
    outer loop
      vertex 68.4115 34.2764 0.49
      vertex 68.4115 36.443 0
      vertex 68.4115 36.443 0.49
    endloop
  endfacet
  facet normal 1 0 0
    outer loop
      vertex 68.4115 36.443 0
      vertex 68.4115 34.2764 0.49
      vertex 68.4115 34.2764 0
    endloop
  endfacet
  facet normal 0 -1 0
    outer loop
      vertex 68.4115 36.443 0
      vertex 69.4118 36.443 0.49
      vertex 68.4115 36.443 0.49
    endloop
  endfacet
  facet normal 0 -1 -0
    outer loop
      vertex 69.4118 36.443 0.49
      vertex 68.4115 36.443 0
      vertex 69.4118 36.443 0
    endloop
  endfacet
  facet normal -1 0 0
    outer loop
      vertex 69.4118 31.6656 0
      vertex 69.4118 36.443 0.49
      vertex 69.4118 36.443 0
    endloop
  endfacet
  facet normal -1 -0 0
    outer loop
      vertex 69.4118 36.443 0.49
      vertex 69.4118 31.6656 0
      vertex 69.4118 31.6656 0.49
    endloop
  endfacet
  facet normal 0 1 -0
    outer loop
      vertex 69.4118 31.6656 0
      vertex 68.4115 31.6656 0.49
      vertex 69.4118 31.6656 0.49
    endloop
  endfacet
  facet normal 0 1 0
    outer loop
      vertex 68.4115 31.6656 0.49
      vertex 69.4118 31.6656 0
      vertex 68.4115 31.6656 0
    endloop
  endfacet
  facet normal 1 -0 0
    outer loop
      vertex 68.4115 31.6656 0.49
      vertex 68.4115 33.4084 0
      vertex 68.4115 33.4084 0.49
    endloop
  endfacet
  facet normal 1 0 0
    outer loop
      vertex 68.4115 33.4084 0
      vertex 68.4115 31.6656 0.49
      vertex 68.4115 31.6656 0
    endloop
  endfacet
  facet normal 0 -1 0
    outer loop
      vertex 54.9692 32.4387 0
      vertex 57.8648 32.4387 0.49
      vertex 54.9692 32.4387 0.49
    endloop
  endfacet
  facet normal 0 -1 -0
    outer loop
      vertex 57.8648 32.4387 0.49
      vertex 54.9692 32.4387 0
      vertex 57.8648 32.4387 0
    endloop
  endfacet
  facet normal 1 -0 0
    outer loop
      vertex 57.8648 32.4387 0.49
      vertex 57.8648 33.6966 0
      vertex 57.8648 33.6966 0.49
    endloop
  endfacet
  facet normal 1 0 0
    outer loop
      vertex 57.8648 33.6966 0
      vertex 57.8648 32.4387 0.49
      vertex 57.8648 32.4387 0
    endloop
  endfacet
  facet normal 0 1 -0
    outer loop
      vertex 57.8648 33.6966 0
      vertex 55.315 33.6966 0.49
      vertex 57.8648 33.6966 0.49
    endloop
  endfacet
  facet normal 0 1 0
    outer loop
      vertex 55.315 33.6966 0.49
      vertex 57.8648 33.6966 0
      vertex 55.315 33.6966 0
    endloop
  endfacet
  facet normal 1 -0 0
    outer loop
      vertex 55.315 33.6966 0.49
      vertex 55.315 34.4697 0
      vertex 55.315 34.4697 0.49
    endloop
  endfacet
  facet normal 1 0 0
    outer loop
      vertex 55.315 34.4697 0
      vertex 55.315 33.6966 0.49
      vertex 55.315 33.6966 0
    endloop
  endfacet
  facet normal 0 -1 0
    outer loop
      vertex 55.315 34.4697 0
      vertex 57.8648 34.4697 0.49
      vertex 55.315 34.4697 0.49
    endloop
  endfacet
  facet normal 0 -1 -0
    outer loop
      vertex 57.8648 34.4697 0.49
      vertex 55.315 34.4697 0
      vertex 57.8648 34.4697 0
    endloop
  endfacet
  facet normal 1 -0 0
    outer loop
      vertex 57.8648 34.4697 0.49
      vertex 57.8648 35.67 0
      vertex 57.8648 35.67 0.49
    endloop
  endfacet
  facet normal 1 0 0
    outer loop
      vertex 57.8648 35.67 0
      vertex 57.8648 34.4697 0.49
      vertex 57.8648 34.4697 0
    endloop
  endfacet
  facet normal 0 1 -0
    outer loop
      vertex 57.8648 35.67 0
      vertex 55.1082 35.67 0.49
      vertex 57.8648 35.67 0.49
    endloop
  endfacet
  facet normal 0 1 0
    outer loop
      vertex 55.1082 35.67 0.49
      vertex 57.8648 35.67 0
      vertex 55.1082 35.67 0
    endloop
  endfacet
  facet normal 1 -0 0
    outer loop
      vertex 55.1082 35.67 0.49
      vertex 55.1082 36.443 0
      vertex 55.1082 36.443 0.49
    endloop
  endfacet
  facet normal 1 0 0
    outer loop
      vertex 55.1082 36.443 0
      vertex 55.1082 35.67 0.49
      vertex 55.1082 35.67 0
    endloop
  endfacet
  facet normal 0 -1 0
    outer loop
      vertex 55.1082 36.443 0
      vertex 58.865 36.443 0.49
      vertex 55.1082 36.443 0.49
    endloop
  endfacet
  facet normal 0 -1 -0
    outer loop
      vertex 58.865 36.443 0.49
      vertex 55.1082 36.443 0
      vertex 58.865 36.443 0
    endloop
  endfacet
  facet normal -1 0 0
    outer loop
      vertex 58.865 31.6656 0
      vertex 58.865 36.443 0.49
      vertex 58.865 36.443 0
    endloop
  endfacet
  facet normal -1 -0 0
    outer loop
      vertex 58.865 36.443 0.49
      vertex 58.865 31.6656 0
      vertex 58.865 31.6656 0.49
    endloop
  endfacet
  facet normal 0 1 -0
    outer loop
      vertex 58.865 31.6656 0
      vertex 54.9692 31.6656 0.49
      vertex 58.865 31.6656 0.49
    endloop
  endfacet
  facet normal 0 1 0
    outer loop
      vertex 54.9692 31.6656 0.49
      vertex 58.865 31.6656 0
      vertex 54.9692 31.6656 0
    endloop
  endfacet
  facet normal 1 -0 0
    outer loop
      vertex 54.9692 31.6656 0.49
      vertex 54.9692 32.4387 0
      vertex 54.9692 32.4387 0.49
    endloop
  endfacet
  facet normal 1 0 0
    outer loop
      vertex 54.9692 32.4387 0
      vertex 54.9692 31.6656 0.49
      vertex 54.9692 31.6656 0
    endloop
  endfacet
  facet normal 0.999954 -0.0095804 0
    outer loop
      vertex 63.6259 34.5612 0.49
      vertex 63.6267 34.6447 0
      vertex 63.6267 34.6447 0.49
    endloop
  endfacet
  facet normal 0.999954 -0.0095804 0
    outer loop
      vertex 63.6267 34.6447 0
      vertex 63.6259 34.5612 0.49
      vertex 63.6259 34.5612 0
    endloop
  endfacet
  facet normal 0.999718 -0.023735 0
    outer loop
      vertex 63.6267 34.6447 0.49
      vertex 63.6292 34.75 0
      vertex 63.6292 34.75 0.49
    endloop
  endfacet
  facet normal 0.999718 -0.023735 0
    outer loop
      vertex 63.6292 34.75 0
      vertex 63.6267 34.6447 0.49
      vertex 63.6267 34.6447 0
    endloop
  endfacet
  facet normal 0.999454 -0.0330528 0
    outer loop
      vertex 63.6292 34.75 0.49
      vertex 63.6334 34.877 0
      vertex 63.6334 34.877 0.49
    endloop
  endfacet
  facet normal 0.999454 -0.0330528 0
    outer loop
      vertex 63.6334 34.877 0
      vertex 63.6292 34.75 0.49
      vertex 63.6292 34.75 0
    endloop
  endfacet
  facet normal 0.99924 -0.0389751 0
    outer loop
      vertex 63.6334 34.877 0.49
      vertex 63.6392 35.0257 0
      vertex 63.6392 35.0257 0.49
    endloop
  endfacet
  facet normal 0.99924 -0.0389751 0
    outer loop
      vertex 63.6392 35.0257 0
      vertex 63.6334 34.877 0.49
      vertex 63.6334 34.877 0
    endloop
  endfacet
  facet normal 0.999033 -0.0439715 0
    outer loop
      vertex 63.6392 35.0257 0.49
      vertex 63.6467 35.1961 0
      vertex 63.6467 35.1961 0.49
    endloop
  endfacet
  facet normal 0.999033 -0.0439715 0
    outer loop
      vertex 63.6467 35.1961 0
      vertex 63.6392 35.0257 0.49
      vertex 63.6392 35.0257 0
    endloop
  endfacet
  facet normal 0.99888 -0.0473181 0
    outer loop
      vertex 63.6467 35.1961 0.49
      vertex 63.6558 35.3882 0
      vertex 63.6558 35.3882 0.49
    endloop
  endfacet
  facet normal 0.99888 -0.0473181 0
    outer loop
      vertex 63.6558 35.3882 0
      vertex 63.6467 35.1961 0.49
      vertex 63.6467 35.1961 0
    endloop
  endfacet
  facet normal 0.998728 -0.0504266 0
    outer loop
      vertex 63.6558 35.3882 0.49
      vertex 63.6666 35.6021 0
      vertex 63.6666 35.6021 0.49
    endloop
  endfacet
  facet normal 0.998728 -0.0504266 0
    outer loop
      vertex 63.6666 35.6021 0
      vertex 63.6558 35.3882 0.49
      vertex 63.6558 35.3882 0
    endloop
  endfacet
  facet normal -0.961615 0.274401 0
    outer loop
      vertex 63.3038 34.3307 0
      vertex 63.6666 35.6021 0.49
      vertex 63.6666 35.6021 0
    endloop
  endfacet
  facet normal -0.961615 0.274401 0
    outer loop
      vertex 63.6666 35.6021 0.49
      vertex 63.3038 34.3307 0
      vertex 63.3038 34.3307 0.49
    endloop
  endfacet
  facet normal -0.951553 0.307485 0
    outer loop
      vertex 62.4426 31.6656 0
      vertex 63.3038 34.3307 0.49
      vertex 63.3038 34.3307 0
    endloop
  endfacet
  facet normal -0.951553 0.307485 0
    outer loop
      vertex 63.3038 34.3307 0.49
      vertex 62.4426 31.6656 0
      vertex 62.4426 31.6656 0.49
    endloop
  endfacet
  facet normal 0 1 -0
    outer loop
      vertex 62.4426 31.6656 0
      vertex 61.7305 31.6656 0.49
      vertex 62.4426 31.6656 0.49
    endloop
  endfacet
  facet normal 0 1 0
    outer loop
      vertex 61.7305 31.6656 0.49
      vertex 62.4426 31.6656 0
      vertex 61.7305 31.6656 0
    endloop
  endfacet
  facet normal 0.951553 0.307485 0
    outer loop
      vertex 61.7305 31.6656 0.49
      vertex 60.8693 34.3307 0
      vertex 60.8693 34.3307 0.49
    endloop
  endfacet
  facet normal 0.951553 0.307485 0
    outer loop
      vertex 60.8693 34.3307 0
      vertex 61.7305 31.6656 0.49
      vertex 61.7305 31.6656 0
    endloop
  endfacet
  facet normal 0.954703 0.297559 0
    outer loop
      vertex 60.8693 34.3307 0.49
      vertex 60.8338 34.4446 0
      vertex 60.8338 34.4446 0.49
    endloop
  endfacet
  facet normal 0.954703 0.297559 0
    outer loop
      vertex 60.8338 34.4446 0
      vertex 60.8693 34.3307 0.49
      vertex 60.8693 34.3307 0
    endloop
  endfacet
  facet normal 0.9585 0.285092 0
    outer loop
      vertex 60.8338 34.4446 0.49
      vertex 60.7932 34.5811 0
      vertex 60.7932 34.5811 0.49
    endloop
  endfacet
  facet normal 0.9585 0.285092 0
    outer loop
      vertex 60.7932 34.5811 0
      vertex 60.8338 34.4446 0.49
      vertex 60.8338 34.4446 0
    endloop
  endfacet
  facet normal 0.961135 0.276077 0
    outer loop
      vertex 60.7932 34.5811 0.49
      vertex 60.7475 34.7402 0
      vertex 60.7475 34.7402 0.49
    endloop
  endfacet
  facet normal 0.961135 0.276077 0
    outer loop
      vertex 60.7475 34.7402 0
      vertex 60.7932 34.5811 0.49
      vertex 60.7932 34.5811 0
    endloop
  endfacet
  facet normal 0.962931 0.269748 0
    outer loop
      vertex 60.7475 34.7402 0.49
      vertex 60.6966 34.9219 0
      vertex 60.6966 34.9219 0.49
    endloop
  endfacet
  facet normal 0.962931 0.269748 0
    outer loop
      vertex 60.6966 34.9219 0
      vertex 60.7475 34.7402 0.49
      vertex 60.7475 34.7402 0
    endloop
  endfacet
  facet normal 0.964392 0.264476 0
    outer loop
      vertex 60.6966 34.9219 0.49
      vertex 60.6406 35.1261 0
      vertex 60.6406 35.1261 0.49
    endloop
  endfacet
  facet normal 0.964392 0.264476 0
    outer loop
      vertex 60.6406 35.1261 0
      vertex 60.6966 34.9219 0.49
      vertex 60.6966 34.9219 0
    endloop
  endfacet
  facet normal 0.965546 0.260233 0
    outer loop
      vertex 60.6406 35.1261 0.49
      vertex 60.5795 35.3528 0
      vertex 60.5795 35.3528 0.49
    endloop
  endfacet
  facet normal 0.965546 0.260233 0
    outer loop
      vertex 60.5795 35.3528 0
      vertex 60.6406 35.1261 0.49
      vertex 60.6406 35.1261 0
    endloop
  endfacet
  facet normal 0.966505 0.256649 0
    outer loop
      vertex 60.5795 35.3528 0.49
      vertex 60.5133 35.6021 0
      vertex 60.5133 35.6021 0.49
    endloop
  endfacet
  facet normal 0.966505 0.256649 0
    outer loop
      vertex 60.5133 35.6021 0
      vertex 60.5795 35.3528 0.49
      vertex 60.5795 35.3528 0
    endloop
  endfacet
  facet normal -0.99918 -0.040487 0
    outer loop
      vertex 60.5214 35.4022 0
      vertex 60.5133 35.6021 0.49
      vertex 60.5133 35.6021 0
    endloop
  endfacet
  facet normal -0.99918 -0.040487 0
    outer loop
      vertex 60.5133 35.6021 0.49
      vertex 60.5214 35.4022 0
      vertex 60.5214 35.4022 0.49
    endloop
  endfacet
  facet normal -0.999187 -0.040313 0
    outer loop
      vertex 60.5284 35.2287 0
      vertex 60.5214 35.4022 0.49
      vertex 60.5214 35.4022 0
    endloop
  endfacet
  facet normal -0.999187 -0.040313 0
    outer loop
      vertex 60.5214 35.4022 0.49
      vertex 60.5284 35.2287 0
      vertex 60.5284 35.2287 0.49
    endloop
  endfacet
  facet normal -0.999249 -0.0387464 0
    outer loop
      vertex 60.5341 35.0817 0
      vertex 60.5284 35.2287 0.49
      vertex 60.5284 35.2287 0
    endloop
  endfacet
  facet normal -0.999249 -0.0387464 0
    outer loop
      vertex 60.5284 35.2287 0.49
      vertex 60.5341 35.0817 0
      vertex 60.5341 35.0817 0.49
    endloop
  endfacet
  facet normal -0.999241 -0.0389422 0
    outer loop
      vertex 60.5388 34.9611 0
      vertex 60.5341 35.0817 0.49
      vertex 60.5341 35.0817 0
    endloop
  endfacet
  facet normal -0.999241 -0.0389422 0
    outer loop
      vertex 60.5341 35.0817 0.49
      vertex 60.5388 34.9611 0
      vertex 60.5388 34.9611 0.49
    endloop
  endfacet
  facet normal -0.999349 -0.0360699 0
    outer loop
      vertex 60.5422 34.8669 0
      vertex 60.5388 34.9611 0.49
      vertex 60.5388 34.9611 0
    endloop
  endfacet
  facet normal -0.999349 -0.0360699 0
    outer loop
      vertex 60.5388 34.9611 0.49
      vertex 60.5422 34.8669 0
      vertex 60.5422 34.8669 0.49
    endloop
  endfacet
  facet normal -0.999472 -0.0324792 0
    outer loop
      vertex 60.5444 34.7992 0
      vertex 60.5422 34.8669 0.49
      vertex 60.5422 34.8669 0
    endloop
  endfacet
  facet normal -0.999472 -0.0324792 0
    outer loop
      vertex 60.5422 34.8669 0.49
      vertex 60.5444 34.7992 0
      vertex 60.5444 34.7992 0.49
    endloop
  endfacet
  facet normal -0.999645 -0.0266249 0
    outer loop
      vertex 60.5455 34.7579 0
      vertex 60.5444 34.7992 0.49
      vertex 60.5444 34.7992 0
    endloop
  endfacet
  facet normal -0.999645 -0.0266249 0
    outer loop
      vertex 60.5444 34.7992 0.49
      vertex 60.5455 34.7579 0
      vertex 60.5455 34.7579 0.49
    endloop
  endfacet
  facet normal -0.999842 -0.0177908 0
    outer loop
      vertex 60.546 34.7298 0
      vertex 60.5455 34.7579 0.49
      vertex 60.5455 34.7579 0
    endloop
  endfacet
  facet normal -0.999842 -0.0177908 0
    outer loop
      vertex 60.5455 34.7579 0.49
      vertex 60.546 34.7298 0
      vertex 60.546 34.7298 0.49
    endloop
  endfacet
  facet normal -0.999943 -0.0106755 0
    outer loop
      vertex 60.5463 34.7017 0
      vertex 60.546 34.7298 0.49
      vertex 60.546 34.7298 0
    endloop
  endfacet
  facet normal -0.999943 -0.0106755 0
    outer loop
      vertex 60.546 34.7298 0.49
      vertex 60.5463 34.7017 0
      vertex 60.5463 34.7017 0.49
    endloop
  endfacet
  facet normal -0.999943 -0.0106755 0
    outer loop
      vertex 60.5466 34.6736 0
      vertex 60.5463 34.7017 0.49
      vertex 60.5463 34.7017 0
    endloop
  endfacet
  facet normal -0.999943 -0.0106755 0
    outer loop
      vertex 60.5463 34.7017 0.49
      vertex 60.5466 34.6736 0
      vertex 60.5466 34.6736 0.49
    endloop
  endfacet
  facet normal -0.999943 -0.0106755 0
    outer loop
      vertex 60.5469 34.6455 0
      vertex 60.5466 34.6736 0.49
      vertex 60.5466 34.6736 0
    endloop
  endfacet
  facet normal -0.999943 -0.0106755 0
    outer loop
      vertex 60.5466 34.6736 0.49
      vertex 60.5469 34.6455 0
      vertex 60.5469 34.6455 0.49
    endloop
  endfacet
  facet normal -0.999975 -0.00711726 0
    outer loop
      vertex 60.5471 34.6174 0
      vertex 60.5469 34.6455 0.49
      vertex 60.5469 34.6455 0
    endloop
  endfacet
  facet normal -0.999975 -0.00711726 0
    outer loop
      vertex 60.5469 34.6455 0.49
      vertex 60.5471 34.6174 0
      vertex 60.5471 34.6174 0.49
    endloop
  endfacet
  facet normal -0.999994 -0.0035587 0
    outer loop
      vertex 60.5472 34.5893 0
      vertex 60.5471 34.6174 0.49
      vertex 60.5471 34.6174 0
    endloop
  endfacet
  facet normal -0.999994 -0.0035587 0
    outer loop
      vertex 60.5471 34.6174 0.49
      vertex 60.5472 34.5893 0
      vertex 60.5472 34.5893 0.49
    endloop
  endfacet
  facet normal -1 0 0
    outer loop
      vertex 60.5472 34.5612 0
      vertex 60.5472 34.5893 0.49
      vertex 60.5472 34.5893 0
    endloop
  endfacet
  facet normal -1 -0 0
    outer loop
      vertex 60.5472 34.5893 0.49
      vertex 60.5472 34.5612 0
      vertex 60.5472 34.5612 0.49
    endloop
  endfacet
  facet normal -1 0 0
    outer loop
      vertex 60.5472 31.6656 0
      vertex 60.5472 34.5612 0.49
      vertex 60.5472 34.5612 0
    endloop
  endfacet
  facet normal -1 -0 0
    outer loop
      vertex 60.5472 34.5612 0.49
      vertex 60.5472 31.6656 0
      vertex 60.5472 31.6656 0.49
    endloop
  endfacet
  facet normal 0 1 -0
    outer loop
      vertex 60.5472 31.6656 0
      vertex 59.6589 31.6656 0.49
      vertex 60.5472 31.6656 0.49
    endloop
  endfacet
  facet normal 0 1 0
    outer loop
      vertex 59.6589 31.6656 0.49
      vertex 60.5472 31.6656 0
      vertex 59.6589 31.6656 0
    endloop
  endfacet
  facet normal 1 -0 0
    outer loop
      vertex 59.6589 31.6656 0.49
      vertex 59.6589 36.443 0
      vertex 59.6589 36.443 0.49
    endloop
  endfacet
  facet normal 1 0 0
    outer loop
      vertex 59.6589 36.443 0
      vertex 59.6589 31.6656 0.49
      vertex 59.6589 31.6656 0
    endloop
  endfacet
  facet normal 0 -1 0
    outer loop
      vertex 59.6589 36.443 0
      vertex 60.9913 36.443 0.49
      vertex 59.6589 36.443 0.49
    endloop
  endfacet
  facet normal 0 -1 -0
    outer loop
      vertex 60.9913 36.443 0.49
      vertex 59.6589 36.443 0
      vertex 60.9913 36.443 0
    endloop
  endfacet
  facet normal -0.954281 -0.298911 0
    outer loop
      vertex 61.8696 33.639 0
      vertex 60.9913 36.443 0.49
      vertex 60.9913 36.443 0
    endloop
  endfacet
  facet normal -0.954281 -0.298911 0
    outer loop
      vertex 60.9913 36.443 0.49
      vertex 61.8696 33.639 0
      vertex 61.8696 33.639 0.49
    endloop
  endfacet
  facet normal -0.963311 -0.268389 0
    outer loop
      vertex 62.0831 32.8727 0
      vertex 61.8696 33.639 0.49
      vertex 61.8696 33.639 0
    endloop
  endfacet
  facet normal -0.963311 -0.268389 0
    outer loop
      vertex 61.8696 33.639 0.49
      vertex 62.0831 32.8727 0
      vertex 62.0831 32.8727 0.49
    endloop
  endfacet
  facet normal 0.96921 -0.246235 0
    outer loop
      vertex 62.0831 32.8727 0.49
      vertex 62.2459 33.5135 0
      vertex 62.2459 33.5135 0.49
    endloop
  endfacet
  facet normal 0.96921 -0.246235 0
    outer loop
      vertex 62.2459 33.5135 0
      vertex 62.0831 32.8727 0.49
      vertex 62.0831 32.8727 0
    endloop
  endfacet
  facet normal 0.960562 -0.278067 0
    outer loop
      vertex 62.2459 33.5135 0.49
      vertex 62.3205 33.7712 0
      vertex 62.3205 33.7712 0.49
    endloop
  endfacet
  facet normal 0.960562 -0.278067 0
    outer loop
      vertex 62.3205 33.7712 0
      vertex 62.2459 33.5135 0.49
      vertex 62.2459 33.5135 0
    endloop
  endfacet
  facet normal 0.952473 -0.304622 0
    outer loop
      vertex 62.3205 33.7712 0.49
      vertex 63.175 36.443 0
      vertex 63.175 36.443 0.49
    endloop
  endfacet
  facet normal 0.952473 -0.304622 0
    outer loop
      vertex 63.175 36.443 0
      vertex 62.3205 33.7712 0.49
      vertex 62.3205 33.7712 0
    endloop
  endfacet
  facet normal 0 -1 0
    outer loop
      vertex 63.175 36.443 0
      vertex 64.5143 36.443 0.49
      vertex 63.175 36.443 0.49
    endloop
  endfacet
  facet normal 0 -1 -0
    outer loop
      vertex 64.5143 36.443 0.49
      vertex 63.175 36.443 0
      vertex 64.5143 36.443 0
    endloop
  endfacet
  facet normal -1 0 0
    outer loop
      vertex 64.5143 31.6656 0
      vertex 64.5143 36.443 0.49
      vertex 64.5143 36.443 0
    endloop
  endfacet
  facet normal -1 -0 0
    outer loop
      vertex 64.5143 36.443 0.49
      vertex 64.5143 31.6656 0
      vertex 64.5143 31.6656 0.49
    endloop
  endfacet
  facet normal 0 1 -0
    outer loop
      vertex 64.5143 31.6656 0
      vertex 63.6259 31.6656 0.49
      vertex 64.5143 31.6656 0.49
    endloop
  endfacet
  facet normal 0 1 0
    outer loop
      vertex 63.6259 31.6656 0.49
      vertex 64.5143 31.6656 0
      vertex 63.6259 31.6656 0
    endloop
  endfacet
  facet normal 1 -0 0
    outer loop
      vertex 63.6259 31.6656 0.49
      vertex 63.6259 34.5612 0
      vertex 63.6259 34.5612 0.49
    endloop
  endfacet
  facet normal 1 0 0
    outer loop
      vertex 63.6259 34.5612 0
      vertex 63.6259 31.6656 0.49
      vertex 63.6259 31.6656 0
    endloop
  endfacet
  facet normal 0.116073 0.993241 -0
    outer loop
      vertex 43.0268 31.608 0
      vertex 42.7641 31.6387 0.49
      vertex 43.0268 31.608 0.49
    endloop
  endfacet
  facet normal 0.116073 0.993241 0
    outer loop
      vertex 42.7641 31.6387 0.49
      vertex 43.0268 31.608 0
      vertex 42.7641 31.6387 0
    endloop
  endfacet
  facet normal 0.204515 0.978863 -0
    outer loop
      vertex 42.7641 31.6387 0
      vertex 42.52 31.6897 0.49
      vertex 42.7641 31.6387 0.49
    endloop
  endfacet
  facet normal 0.204515 0.978863 0
    outer loop
      vertex 42.52 31.6897 0.49
      vertex 42.7641 31.6387 0
      vertex 42.52 31.6897 0
    endloop
  endfacet
  facet normal 0.30186 0.953352 -0
    outer loop
      vertex 42.52 31.6897 0
      vertex 42.2945 31.7611 0.49
      vertex 42.52 31.6897 0.49
    endloop
  endfacet
  facet normal 0.30186 0.953352 0
    outer loop
      vertex 42.2945 31.7611 0.49
      vertex 42.52 31.6897 0
      vertex 42.2945 31.7611 0
    endloop
  endfacet
  facet normal 0.406097 0.91383 -0
    outer loop
      vertex 42.2945 31.7611 0
      vertex 42.0877 31.853 0.49
      vertex 42.2945 31.7611 0.49
    endloop
  endfacet
  facet normal 0.406097 0.91383 0
    outer loop
      vertex 42.0877 31.853 0.49
      vertex 42.2945 31.7611 0
      vertex 42.0877 31.853 0
    endloop
  endfacet
  facet normal 0.512213 0.858858 -0
    outer loop
      vertex 42.0877 31.853 0
      vertex 41.8994 31.9653 0.49
      vertex 42.0877 31.853 0.49
    endloop
  endfacet
  facet normal 0.512213 0.858858 0
    outer loop
      vertex 41.8994 31.9653 0.49
      vertex 42.0877 31.853 0
      vertex 41.8994 31.9653 0
    endloop
  endfacet
  facet normal 0.615932 0.787799 -0
    outer loop
      vertex 41.8994 31.9653 0
      vertex 41.7298 32.0979 0.49
      vertex 41.8994 31.9653 0.49
    endloop
  endfacet
  facet normal 0.615932 0.787799 0
    outer loop
      vertex 41.7298 32.0979 0.49
      vertex 41.8994 31.9653 0
      vertex 41.7298 32.0979 0
    endloop
  endfacet
  facet normal 0.712737 0.701431 0
    outer loop
      vertex 41.7298 32.0979 0.49
      vertex 41.5809 32.2492 0
      vertex 41.5809 32.2492 0.49
    endloop
  endfacet
  facet normal 0.712737 0.701431 0
    outer loop
      vertex 41.5809 32.2492 0
      vertex 41.7298 32.0979 0.49
      vertex 41.7298 32.0979 0
    endloop
  endfacet
  facet normal 0.799828 0.600229 0
    outer loop
      vertex 41.5809 32.2492 0.49
      vertex 41.4549 32.4171 0
      vertex 41.4549 32.4171 0.49
    endloop
  endfacet
  facet normal 0.799828 0.600229 0
    outer loop
      vertex 41.4549 32.4171 0
      vertex 41.5809 32.2492 0.49
      vertex 41.5809 32.2492 0
    endloop
  endfacet
  facet normal 0.873151 0.48745 0
    outer loop
      vertex 41.4549 32.4171 0.49
      vertex 41.3519 32.6016 0
      vertex 41.3519 32.6016 0.49
    endloop
  endfacet
  facet normal 0.873151 0.48745 0
    outer loop
      vertex 41.3519 32.6016 0
      vertex 41.4549 32.4171 0.49
      vertex 41.4549 32.4171 0
    endloop
  endfacet
  facet normal 0.928985 0.370117 0
    outer loop
      vertex 41.3519 32.6016 0.49
      vertex 41.2717 32.8029 0
      vertex 41.2717 32.8029 0.49
    endloop
  endfacet
  facet normal 0.928985 0.370117 0
    outer loop
      vertex 41.2717 32.8029 0
      vertex 41.3519 32.6016 0.49
      vertex 41.3519 32.6016 0
    endloop
  endfacet
  facet normal 0.967121 0.254319 0
    outer loop
      vertex 41.2717 32.8029 0.49
      vertex 41.2144 33.0208 0
      vertex 41.2144 33.0208 0.49
    endloop
  endfacet
  facet normal 0.967121 0.254319 0
    outer loop
      vertex 41.2144 33.0208 0
      vertex 41.2717 32.8029 0.49
      vertex 41.2717 32.8029 0
    endloop
  endfacet
  facet normal 0.98948 0.144668 0
    outer loop
      vertex 41.2144 33.0208 0.49
      vertex 41.1801 33.2554 0
      vertex 41.1801 33.2554 0.49
    endloop
  endfacet
  facet normal 0.98948 0.144668 0
    outer loop
      vertex 41.1801 33.2554 0
      vertex 41.2144 33.0208 0.49
      vertex 41.2144 33.0208 0
    endloop
  endfacet
  facet normal 0.998955 0.0457142 0
    outer loop
      vertex 41.1801 33.2554 0.49
      vertex 41.1686 33.5067 0
      vertex 41.1686 33.5067 0.49
    endloop
  endfacet
  facet normal 0.998955 0.0457142 0
    outer loop
      vertex 41.1686 33.5067 0
      vertex 41.1801 33.2554 0.49
      vertex 41.1801 33.2554 0
    endloop
  endfacet
  facet normal 1 -0 0
    outer loop
      vertex 41.1686 33.5067 0.49
      vertex 41.1686 36.443 0
      vertex 41.1686 36.443 0.49
    endloop
  endfacet
  facet normal 1 0 0
    outer loop
      vertex 41.1686 36.443 0
      vertex 41.1686 33.5067 0.49
      vertex 41.1686 33.5067 0
    endloop
  endfacet
  facet normal 0 -1 0
    outer loop
      vertex 41.1686 36.443 0
      vertex 42.1689 36.443 0.49
      vertex 41.1686 36.443 0.49
    endloop
  endfacet
  facet normal 0 -1 -0
    outer loop
      vertex 42.1689 36.443 0.49
      vertex 41.1686 36.443 0
      vertex 42.1689 36.443 0
    endloop
  endfacet
  facet normal -1 0 0
    outer loop
      vertex 42.1689 33.5678 0
      vertex 42.1689 36.443 0.49
      vertex 42.1689 36.443 0
    endloop
  endfacet
  facet normal -1 -0 0
    outer loop
      vertex 42.1689 36.443 0.49
      vertex 42.1689 33.5678 0
      vertex 42.1689 33.5678 0.49
    endloop
  endfacet
  facet normal -0.999306 -0.0372451 0
    outer loop
      vertex 42.1748 33.4095 0
      vertex 42.1689 33.5678 0.49
      vertex 42.1689 33.5678 0
    endloop
  endfacet
  facet normal -0.999306 -0.0372451 0
    outer loop
      vertex 42.1689 33.5678 0.49
      vertex 42.1748 33.4095 0
      vertex 42.1748 33.4095 0.49
    endloop
  endfacet
  facet normal -0.992947 -0.118561 0
    outer loop
      vertex 42.1924 33.2621 0
      vertex 42.1748 33.4095 0.49
      vertex 42.1748 33.4095 0
    endloop
  endfacet
  facet normal -0.992947 -0.118561 0
    outer loop
      vertex 42.1748 33.4095 0.49
      vertex 42.1924 33.2621 0
      vertex 42.1924 33.2621 0.49
    endloop
  endfacet
  facet normal -0.977613 -0.210409 0
    outer loop
      vertex 42.2218 33.1255 0
      vertex 42.1924 33.2621 0.49
      vertex 42.1924 33.2621 0
    endloop
  endfacet
  facet normal -0.977613 -0.210409 0
    outer loop
      vertex 42.1924 33.2621 0.49
      vertex 42.2218 33.1255 0
      vertex 42.2218 33.1255 0.49
    endloop
  endfacet
  facet normal -0.950259 -0.311461 0
    outer loop
      vertex 42.263 32.9998 0
      vertex 42.2218 33.1255 0.49
      vertex 42.2218 33.1255 0
    endloop
  endfacet
  facet normal -0.950259 -0.311461 0
    outer loop
      vertex 42.2218 33.1255 0.49
      vertex 42.263 32.9998 0
      vertex 42.263 32.9998 0.49
    endloop
  endfacet
  facet normal -0.908214 -0.418506 0
    outer loop
      vertex 42.3159 32.885 0
      vertex 42.263 32.9998 0.49
      vertex 42.263 32.9998 0
    endloop
  endfacet
  facet normal -0.908214 -0.418506 0
    outer loop
      vertex 42.263 32.9998 0.49
      vertex 42.3159 32.885 0
      vertex 42.3159 32.885 0.49
    endloop
  endfacet
  facet normal -0.849097 -0.528236 0
    outer loop
      vertex 42.3806 32.781 0
      vertex 42.3159 32.885 0.49
      vertex 42.3159 32.885 0
    endloop
  endfacet
  facet normal -0.849097 -0.528236 0
    outer loop
      vertex 42.3159 32.885 0.49
      vertex 42.3806 32.781 0
      vertex 42.3806 32.781 0.49
    endloop
  endfacet
  facet normal -0.772624 -0.634863 0
    outer loop
      vertex 42.4571 32.6879 0
      vertex 42.3806 32.781 0.49
      vertex 42.3806 32.781 0
    endloop
  endfacet
  facet normal -0.772624 -0.634863 0
    outer loop
      vertex 42.3806 32.781 0.49
      vertex 42.4571 32.6879 0
      vertex 42.4571 32.6879 0.49
    endloop
  endfacet
  facet normal -0.681542 -0.731779 0
    outer loop
      vertex 42.4571 32.6879 0
      vertex 42.5445 32.6065 0.49
      vertex 42.4571 32.6879 0.49
    endloop
  endfacet
  facet normal -0.681542 -0.731779 -0
    outer loop
      vertex 42.5445 32.6065 0.49
      vertex 42.4571 32.6879 0
      vertex 42.5445 32.6065 0
    endloop
  endfacet
  facet normal -0.577111 -0.816666 0
    outer loop
      vertex 42.5445 32.6065 0
      vertex 42.642 32.5376 0.49
      vertex 42.5445 32.6065 0.49
    endloop
  endfacet
  facet normal -0.577111 -0.816666 -0
    outer loop
      vertex 42.642 32.5376 0.49
      vertex 42.5445 32.6065 0
      vertex 42.642 32.5376 0
    endloop
  endfacet
  facet normal -0.464253 -0.885703 0
    outer loop
      vertex 42.642 32.5376 0
      vertex 42.7496 32.4812 0.49
      vertex 42.642 32.5376 0.49
    endloop
  endfacet
  facet normal -0.464253 -0.885703 -0
    outer loop
      vertex 42.7496 32.4812 0.49
      vertex 42.642 32.5376 0
      vertex 42.7496 32.4812 0
    endloop
  endfacet
  facet normal -0.348766 -0.93721 0
    outer loop
      vertex 42.7496 32.4812 0
      vertex 42.8673 32.4374 0.49
      vertex 42.7496 32.4812 0.49
    endloop
  endfacet
  facet normal -0.348766 -0.93721 -0
    outer loop
      vertex 42.8673 32.4374 0.49
      vertex 42.7496 32.4812 0
      vertex 42.8673 32.4374 0
    endloop
  endfacet
  facet normal -0.237883 -0.971294 0
    outer loop
      vertex 42.8673 32.4374 0
      vertex 42.9951 32.4061 0.49
      vertex 42.8673 32.4374 0.49
    endloop
  endfacet
  facet normal -0.237883 -0.971294 -0
    outer loop
      vertex 42.9951 32.4061 0.49
      vertex 42.8673 32.4374 0
      vertex 42.9951 32.4061 0
    endloop
  endfacet
  facet normal -0.135081 -0.990835 0
    outer loop
      vertex 42.9951 32.4061 0
      vertex 43.133 32.3873 0.49
      vertex 42.9951 32.4061 0.49
    endloop
  endfacet
  facet normal -0.135081 -0.990835 -0
    outer loop
      vertex 43.133 32.3873 0.49
      vertex 42.9951 32.4061 0
      vertex 43.133 32.3873 0
    endloop
  endfacet
  facet normal -0.0425291 -0.999095 0
    outer loop
      vertex 43.133 32.3873 0
      vertex 43.281 32.381 0.49
      vertex 43.133 32.3873 0.49
    endloop
  endfacet
  facet normal -0.0425291 -0.999095 -0
    outer loop
      vertex 43.281 32.381 0.49
      vertex 43.133 32.3873 0
      vertex 43.281 32.381 0
    endloop
  endfacet
  facet normal 0.0416305 -0.999133 0
    outer loop
      vertex 43.281 32.381 0
      vertex 43.425 32.387 0.49
      vertex 43.281 32.381 0.49
    endloop
  endfacet
  facet normal 0.0416305 -0.999133 0
    outer loop
      vertex 43.425 32.387 0.49
      vertex 43.281 32.381 0
      vertex 43.425 32.387 0
    endloop
  endfacet
  facet normal 0.133426 -0.991059 0
    outer loop
      vertex 43.425 32.387 0
      vertex 43.5587 32.405 0.49
      vertex 43.425 32.387 0.49
    endloop
  endfacet
  facet normal 0.133426 -0.991059 0
    outer loop
      vertex 43.5587 32.405 0.49
      vertex 43.425 32.387 0
      vertex 43.5587 32.405 0
    endloop
  endfacet
  facet normal 0.235487 -0.971877 0
    outer loop
      vertex 43.5587 32.405 0
      vertex 43.6821 32.4349 0.49
      vertex 43.5587 32.405 0.49
    endloop
  endfacet
  facet normal 0.235487 -0.971877 0
    outer loop
      vertex 43.6821 32.4349 0.49
      vertex 43.5587 32.405 0
      vertex 43.6821 32.4349 0
    endloop
  endfacet
  facet normal 0.347395 -0.937719 0
    outer loop
      vertex 43.6821 32.4349 0
      vertex 43.7952 32.4768 0.49
      vertex 43.6821 32.4349 0.49
    endloop
  endfacet
  facet normal 0.347395 -0.937719 0
    outer loop
      vertex 43.7952 32.4768 0.49
      vertex 43.6821 32.4349 0
      vertex 43.7952 32.4768 0
    endloop
  endfacet
  facet normal 0.464361 -0.885646 0
    outer loop
      vertex 43.7952 32.4768 0
      vertex 43.898 32.5307 0.49
      vertex 43.7952 32.4768 0.49
    endloop
  endfacet
  facet normal 0.464361 -0.885646 0
    outer loop
      vertex 43.898 32.5307 0.49
      vertex 43.7952 32.4768 0
      vertex 43.898 32.5307 0
    endloop
  endfacet
  facet normal 0.579654 -0.814863 0
    outer loop
      vertex 43.898 32.5307 0
      vertex 43.9905 32.5965 0.49
      vertex 43.898 32.5307 0.49
    endloop
  endfacet
  facet normal 0.579654 -0.814863 0
    outer loop
      vertex 43.9905 32.5965 0.49
      vertex 43.898 32.5307 0
      vertex 43.9905 32.5965 0
    endloop
  endfacet
  facet normal 0.687401 -0.726278 0
    outer loop
      vertex 43.9905 32.5965 0
      vertex 44.0727 32.6743 0.49
      vertex 43.9905 32.5965 0.49
    endloop
  endfacet
  facet normal 0.687401 -0.726278 0
    outer loop
      vertex 44.0727 32.6743 0.49
      vertex 43.9905 32.5965 0
      vertex 44.0727 32.6743 0
    endloop
  endfacet
  facet normal 0.780954 -0.624589 0
    outer loop
      vertex 44.0727 32.6743 0.49
      vertex 44.1442 32.7637 0
      vertex 44.1442 32.7637 0.49
    endloop
  endfacet
  facet normal 0.780954 -0.624589 0
    outer loop
      vertex 44.1442 32.7637 0
      vertex 44.0727 32.6743 0.49
      vertex 44.0727 32.6743 0
    endloop
  endfacet
  facet normal 0.85674 -0.515749 0
    outer loop
      vertex 44.1442 32.7637 0.49
      vertex 44.2047 32.8642 0
      vertex 44.2047 32.8642 0.49
    endloop
  endfacet
  facet normal 0.85674 -0.515749 0
    outer loop
      vertex 44.2047 32.8642 0
      vertex 44.1442 32.7637 0.49
      vertex 44.1442 32.7637 0
    endloop
  endfacet
  facet normal 0.91425 -0.405151 0
    outer loop
      vertex 44.2047 32.8642 0.49
      vertex 44.2542 32.9759 0
      vertex 44.2542 32.9759 0.49
    endloop
  endfacet
  facet normal 0.91425 -0.405151 0
    outer loop
      vertex 44.2542 32.9759 0
      vertex 44.2047 32.8642 0.49
      vertex 44.2047 32.8642 0
    endloop
  endfacet
  facet normal 0.954203 -0.29916 0
    outer loop
      vertex 44.2542 32.9759 0.49
      vertex 44.2927 33.0987 0
      vertex 44.2927 33.0987 0.49
    endloop
  endfacet
  facet normal 0.954203 -0.29916 0
    outer loop
      vertex 44.2927 33.0987 0
      vertex 44.2542 32.9759 0.49
      vertex 44.2542 32.9759 0
    endloop
  endfacet
  facet normal 0.979555 -0.201178 0
    outer loop
      vertex 44.2927 33.0987 0.49
      vertex 44.3202 33.2326 0
      vertex 44.3202 33.2326 0.49
    endloop
  endfacet
  facet normal 0.979555 -0.201178 0
    outer loop
      vertex 44.3202 33.2326 0
      vertex 44.2927 33.0987 0.49
      vertex 44.2927 33.0987 0
    endloop
  endfacet
  facet normal 0.993597 -0.112987 0
    outer loop
      vertex 44.3202 33.2326 0.49
      vertex 44.3367 33.3777 0
      vertex 44.3367 33.3777 0.49
    endloop
  endfacet
  facet normal 0.993597 -0.112987 0
    outer loop
      vertex 44.3367 33.3777 0
      vertex 44.3202 33.2326 0.49
      vertex 44.3202 33.2326 0
    endloop
  endfacet
  facet normal 0.999381 -0.0351895 0
    outer loop
      vertex 44.3367 33.3777 0.49
      vertex 44.3422 33.5339 0
      vertex 44.3422 33.5339 0.49
    endloop
  endfacet
  facet normal 0.999381 -0.0351895 0
    outer loop
      vertex 44.3422 33.5339 0
      vertex 44.3367 33.3777 0.49
      vertex 44.3367 33.3777 0
    endloop
  endfacet
  facet normal 1 -0 0
    outer loop
      vertex 44.3422 33.5339 0.49
      vertex 44.3422 36.443 0
      vertex 44.3422 36.443 0.49
    endloop
  endfacet
  facet normal 1 0 0
    outer loop
      vertex 44.3422 36.443 0
      vertex 44.3422 33.5339 0.49
      vertex 44.3422 33.5339 0
    endloop
  endfacet
  facet normal 0 -1 0
    outer loop
      vertex 44.3422 36.443 0
      vertex 45.3425 36.443 0.49
      vertex 44.3422 36.443 0.49
    endloop
  endfacet
  facet normal 0 -1 -0
    outer loop
      vertex 45.3425 36.443 0.49
      vertex 44.3422 36.443 0
      vertex 45.3425 36.443 0
    endloop
  endfacet
  facet normal -1 0 0
    outer loop
      vertex 45.3425 33.4559 0
      vertex 45.3425 36.443 0.49
      vertex 45.3425 36.443 0
    endloop
  endfacet
  facet normal -1 -0 0
    outer loop
      vertex 45.3425 36.443 0.49
      vertex 45.3425 33.4559 0
      vertex 45.3425 33.4559 0.49
    endloop
  endfacet
  facet normal -0.999065 0.0432268 0
    outer loop
      vertex 45.3318 33.2086 0
      vertex 45.3425 33.4559 0.49
      vertex 45.3425 33.4559 0
    endloop
  endfacet
  facet normal -0.999065 0.0432268 0
    outer loop
      vertex 45.3425 33.4559 0.49
      vertex 45.3318 33.2086 0
      vertex 45.3318 33.2086 0.49
    endloop
  endfacet
  facet normal -0.990434 0.13799 0
    outer loop
      vertex 45.2997 32.9782 0
      vertex 45.3318 33.2086 0.49
      vertex 45.3318 33.2086 0
    endloop
  endfacet
  facet normal -0.990434 0.13799 0
    outer loop
      vertex 45.3318 33.2086 0.49
      vertex 45.2997 32.9782 0
      vertex 45.2997 32.9782 0.49
    endloop
  endfacet
  facet normal -0.970143 0.242536 0
    outer loop
      vertex 45.2463 32.7646 0
      vertex 45.2997 32.9782 0.49
      vertex 45.2997 32.9782 0
    endloop
  endfacet
  facet normal -0.970143 0.242536 0
    outer loop
      vertex 45.2997 32.9782 0.49
      vertex 45.2463 32.7646 0
      vertex 45.2463 32.7646 0.49
    endloop
  endfacet
  facet normal -0.93448 0.356015 0
    outer loop
      vertex 45.1714 32.568 0
      vertex 45.2463 32.7646 0.49
      vertex 45.2463 32.7646 0
    endloop
  endfacet
  facet normal -0.93448 0.356015 0
    outer loop
      vertex 45.2463 32.7646 0.49
      vertex 45.1714 32.568 0
      vertex 45.1714 32.568 0.49
    endloop
  endfacet
  facet normal -0.881728 0.471759 0
    outer loop
      vertex 45.0752 32.3882 0
      vertex 45.1714 32.568 0.49
      vertex 45.1714 32.568 0
    endloop
  endfacet
  facet normal -0.881728 0.471759 0
    outer loop
      vertex 45.1714 32.568 0.49
      vertex 45.0752 32.3882 0
      vertex 45.0752 32.3882 0.49
    endloop
  endfacet
  facet normal -0.810797 0.585327 0
    outer loop
      vertex 44.9576 32.2253 0
      vertex 45.0752 32.3882 0.49
      vertex 45.0752 32.3882 0
    endloop
  endfacet
  facet normal -0.810797 0.585327 0
    outer loop
      vertex 45.0752 32.3882 0.49
      vertex 44.9576 32.2253 0
      vertex 44.9576 32.2253 0.49
    endloop
  endfacet
  facet normal -0.724256 0.689531 0
    outer loop
      vertex 44.8186 32.0793 0
      vertex 44.9576 32.2253 0.49
      vertex 44.9576 32.2253 0
    endloop
  endfacet
  facet normal -0.724256 0.689531 0
    outer loop
      vertex 44.9576 32.2253 0.49
      vertex 44.8186 32.0793 0
      vertex 44.8186 32.0793 0.49
    endloop
  endfacet
  facet normal -0.62595 0.779864 0
    outer loop
      vertex 44.8186 32.0793 0
      vertex 44.6595 31.9516 0.49
      vertex 44.8186 32.0793 0.49
    endloop
  endfacet
  facet normal -0.62595 0.779864 0
    outer loop
      vertex 44.6595 31.9516 0.49
      vertex 44.8186 32.0793 0
      vertex 44.6595 31.9516 0
    endloop
  endfacet
  facet normal -0.519078 0.854727 0
    outer loop
      vertex 44.6595 31.9516 0
      vertex 44.4815 31.8435 0.49
      vertex 44.6595 31.9516 0.49
    endloop
  endfacet
  facet normal -0.519078 0.854727 0
    outer loop
      vertex 44.4815 31.8435 0.49
      vertex 44.6595 31.9516 0
      vertex 44.4815 31.8435 0
    endloop
  endfacet
  facet normal -0.40996 0.912103 0
    outer loop
      vertex 44.4815 31.8435 0
      vertex 44.2846 31.755 0.49
      vertex 44.4815 31.8435 0.49
    endloop
  endfacet
  facet normal -0.40996 0.912103 0
    outer loop
      vertex 44.2846 31.755 0.49
      vertex 44.4815 31.8435 0
      vertex 44.2846 31.755 0
    endloop
  endfacet
  facet normal -0.303349 0.952879 0
    outer loop
      vertex 44.2846 31.755 0
      vertex 44.0688 31.6863 0.49
      vertex 44.2846 31.755 0.49
    endloop
  endfacet
  facet normal -0.303349 0.952879 0
    outer loop
      vertex 44.0688 31.6863 0.49
      vertex 44.2846 31.755 0
      vertex 44.0688 31.6863 0
    endloop
  endfacet
  facet normal -0.205254 0.978709 0
    outer loop
      vertex 44.0688 31.6863 0
      vertex 43.8342 31.6371 0.49
      vertex 44.0688 31.6863 0.49
    endloop
  endfacet
  facet normal -0.205254 0.978709 0
    outer loop
      vertex 43.8342 31.6371 0.49
      vertex 44.0688 31.6863 0
      vertex 43.8342 31.6371 0
    endloop
  endfacet
  facet normal -0.115159 0.993347 0
    outer loop
      vertex 43.8342 31.6371 0
      vertex 43.5806 31.6077 0.49
      vertex 43.8342 31.6371 0.49
    endloop
  endfacet
  facet normal -0.115159 0.993347 0
    outer loop
      vertex 43.5806 31.6077 0.49
      vertex 43.8342 31.6371 0
      vertex 43.5806 31.6077 0
    endloop
  endfacet
  facet normal -0.0363063 0.999341 0
    outer loop
      vertex 43.5806 31.6077 0
      vertex 43.3081 31.5978 0.49
      vertex 43.5806 31.6077 0.49
    endloop
  endfacet
  facet normal -0.0363063 0.999341 0
    outer loop
      vertex 43.3081 31.5978 0.49
      vertex 43.5806 31.6077 0
      vertex 43.3081 31.5978 0
    endloop
  endfacet
  facet normal 0.0362364 0.999343 -0
    outer loop
      vertex 43.3081 31.5978 0
      vertex 43.0268 31.608 0.49
      vertex 43.3081 31.5978 0.49
    endloop
  endfacet
  facet normal 0.0362364 0.999343 0
    outer loop
      vertex 43.0268 31.608 0.49
      vertex 43.3081 31.5978 0
      vertex 43.0268 31.608 0
    endloop
  endfacet
  facet normal 0.999924 -0.0123321 0
    outer loop
      vertex 39.5092 34.4832 0.49
      vertex 39.5104 34.5805 0
      vertex 39.5104 34.5805 0.49
    endloop
  endfacet
  facet normal 0.999924 -0.0123321 0
    outer loop
      vertex 39.5104 34.5805 0
      vertex 39.5092 34.4832 0.49
      vertex 39.5092 34.4832 0
    endloop
  endfacet
  facet normal 0.99939 -0.0349173 0
    outer loop
      vertex 39.5104 34.5805 0.49
      vertex 39.5141 34.6864 0
      vertex 39.5141 34.6864 0.49
    endloop
  endfacet
  facet normal 0.99939 -0.0349173 0
    outer loop
      vertex 39.5141 34.6864 0
      vertex 39.5104 34.5805 0.49
      vertex 39.5104 34.5805 0
    endloop
  endfacet
  facet normal 0.998487 -0.0549866 0
    outer loop
      vertex 39.5141 34.6864 0.49
      vertex 39.5204 34.8008 0
      vertex 39.5204 34.8008 0.49
    endloop
  endfacet
  facet normal 0.998487 -0.0549866 0
    outer loop
      vertex 39.5204 34.8008 0
      vertex 39.5141 34.6864 0.49
      vertex 39.5141 34.6864 0
    endloop
  endfacet
  facet normal 0.997512 -0.0704984 0
    outer loop
      vertex 39.5204 34.8008 0.49
      vertex 39.5291 34.9239 0
      vertex 39.5291 34.9239 0.49
    endloop
  endfacet
  facet normal 0.997512 -0.0704984 0
    outer loop
      vertex 39.5291 34.9239 0
      vertex 39.5204 34.8008 0.49
      vertex 39.5204 34.8008 0
    endloop
  endfacet
  facet normal 0.996398 -0.0847998 0
    outer loop
      vertex 39.5291 34.9239 0.49
      vertex 39.5403 35.0555 0
      vertex 39.5403 35.0555 0.49
    endloop
  endfacet
  facet normal 0.996398 -0.0847998 0
    outer loop
      vertex 39.5403 35.0555 0
      vertex 39.5291 34.9239 0.49
      vertex 39.5291 34.9239 0
    endloop
  endfacet
  facet normal 0.99526 -0.0972543 0
    outer loop
      vertex 39.5403 35.0555 0.49
      vertex 39.554 35.1957 0
      vertex 39.554 35.1957 0.49
    endloop
  endfacet
  facet normal 0.99526 -0.0972543 0
    outer loop
      vertex 39.554 35.1957 0
      vertex 39.5403 35.0555 0.49
      vertex 39.5403 35.0555 0
    endloop
  endfacet
  facet normal 0.994126 -0.108231 0
    outer loop
      vertex 39.554 35.1957 0.49
      vertex 39.5702 35.3445 0
      vertex 39.5702 35.3445 0.49
    endloop
  endfacet
  facet normal 0.994126 -0.108231 0
    outer loop
      vertex 39.5702 35.3445 0
      vertex 39.554 35.1957 0.49
      vertex 39.554 35.1957 0
    endloop
  endfacet
  facet normal -0.870317 0.492491 0
    outer loop
      vertex 37.4884 31.6656 0
      vertex 39.5702 35.3445 0.49
      vertex 39.5702 35.3445 0
    endloop
  endfacet
  facet normal -0.870317 0.492491 0
    outer loop
      vertex 39.5702 35.3445 0.49
      vertex 37.4884 31.6656 0
      vertex 37.4884 31.6656 0.49
    endloop
  endfacet
  facet normal 0 1 -0
    outer loop
      vertex 37.4884 31.6656 0
      vertex 36.3152 31.6656 0.49
      vertex 37.4884 31.6656 0.49
    endloop
  endfacet
  facet normal 0 1 0
    outer loop
      vertex 36.3152 31.6656 0.49
      vertex 37.4884 31.6656 0
      vertex 36.3152 31.6656 0
    endloop
  endfacet
  facet normal 1 -0 0
    outer loop
      vertex 36.3152 31.6656 0.49
      vertex 36.3152 36.443 0
      vertex 36.3152 36.443 0.49
    endloop
  endfacet
  facet normal 1 0 0
    outer loop
      vertex 36.3152 36.443 0
      vertex 36.3152 31.6656 0.49
      vertex 36.3152 31.6656 0
    endloop
  endfacet
  facet normal 0 -1 0
    outer loop
      vertex 36.3152 36.443 0
      vertex 37.2035 36.443 0.49
      vertex 36.3152 36.443 0.49
    endloop
  endfacet
  facet normal 0 -1 -0
    outer loop
      vertex 37.2035 36.443 0.49
      vertex 36.3152 36.443 0
      vertex 37.2035 36.443 0
    endloop
  endfacet
  facet normal -1 0 0
    outer loop
      vertex 37.2035 33.6661 0
      vertex 37.2035 36.443 0.49
      vertex 37.2035 36.443 0
    endloop
  endfacet
  facet normal -1 -0 0
    outer loop
      vertex 37.2035 36.443 0.49
      vertex 37.2035 33.6661 0
      vertex 37.2035 33.6661 0.49
    endloop
  endfacet
  facet normal -0.999952 0.00983559 0
    outer loop
      vertex 37.2023 33.5441 0
      vertex 37.2035 33.6661 0.49
      vertex 37.2035 33.6661 0
    endloop
  endfacet
  facet normal -0.999952 0.00983559 0
    outer loop
      vertex 37.2035 33.6661 0.49
      vertex 37.2023 33.5441 0
      vertex 37.2023 33.5441 0.49
    endloop
  endfacet
  facet normal -0.999543 0.0302169 0
    outer loop
      vertex 37.1985 33.4184 0
      vertex 37.2023 33.5441 0.49
      vertex 37.2023 33.5441 0
    endloop
  endfacet
  facet normal -0.999543 0.0302169 0
    outer loop
      vertex 37.2023 33.5441 0.49
      vertex 37.1985 33.4184 0
      vertex 37.1985 33.4184 0.49
    endloop
  endfacet
  facet normal -0.998856 0.0478217 0
    outer loop
      vertex 37.1923 33.2889 0
      vertex 37.1985 33.4184 0.49
      vertex 37.1985 33.4184 0
    endloop
  endfacet
  facet normal -0.998856 0.0478217 0
    outer loop
      vertex 37.1985 33.4184 0.49
      vertex 37.1923 33.2889 0
      vertex 37.1923 33.2889 0.49
    endloop
  endfacet
  facet normal -0.997874 0.0651764 0
    outer loop
      vertex 37.1836 33.1557 0
      vertex 37.1923 33.2889 0.49
      vertex 37.1923 33.2889 0
    endloop
  endfacet
  facet normal -0.997874 0.0651764 0
    outer loop
      vertex 37.1923 33.2889 0.49
      vertex 37.1836 33.1557 0
      vertex 37.1836 33.1557 0.49
    endloop
  endfacet
  facet normal -0.99667 0.0815391 0
    outer loop
      vertex 37.1724 33.0188 0
      vertex 37.1836 33.1557 0.49
      vertex 37.1836 33.1557 0
    endloop
  endfacet
  facet normal -0.99667 0.0815391 0
    outer loop
      vertex 37.1836 33.1557 0.49
      vertex 37.1724 33.0188 0
      vertex 37.1724 33.0188 0.49
    endloop
  endfacet
  facet normal -0.995293 0.096912 0
    outer loop
      vertex 37.1587 32.8781 0
      vertex 37.1724 33.0188 0.49
      vertex 37.1724 33.0188 0
    endloop
  endfacet
  facet normal -0.995293 0.096912 0
    outer loop
      vertex 37.1724 33.0188 0.49
      vertex 37.1587 32.8781 0
      vertex 37.1587 32.8781 0.49
    endloop
  endfacet
  facet normal -0.993766 0.111489 0
    outer loop
      vertex 37.1425 32.7337 0
      vertex 37.1587 32.8781 0.49
      vertex 37.1587 32.8781 0
    endloop
  endfacet
  facet normal -0.993766 0.111489 0
    outer loop
      vertex 37.1587 32.8781 0.49
      vertex 37.1425 32.7337 0
      vertex 37.1425 32.7337 0.49
    endloop
  endfacet
  facet normal 0.868969 -0.494867 0
    outer loop
      vertex 37.1425 32.7337 0.49
      vertex 39.2549 36.443 0
      vertex 39.2549 36.443 0.49
    endloop
  endfacet
  facet normal 0.868969 -0.494867 0
    outer loop
      vertex 39.2549 36.443 0
      vertex 37.1425 32.7337 0.49
      vertex 37.1425 32.7337 0
    endloop
  endfacet
  facet normal 0 -1 0
    outer loop
      vertex 39.2549 36.443 0
      vertex 40.3975 36.443 0.49
      vertex 39.2549 36.443 0.49
    endloop
  endfacet
  facet normal 0 -1 -0
    outer loop
      vertex 40.3975 36.443 0.49
      vertex 39.2549 36.443 0
      vertex 40.3975 36.443 0
    endloop
  endfacet
  facet normal -1 0 0
    outer loop
      vertex 40.3975 31.6656 0
      vertex 40.3975 36.443 0.49
      vertex 40.3975 36.443 0
    endloop
  endfacet
  facet normal -1 -0 0
    outer loop
      vertex 40.3975 36.443 0.49
      vertex 40.3975 31.6656 0
      vertex 40.3975 31.6656 0.49
    endloop
  endfacet
  facet normal 0 1 -0
    outer loop
      vertex 40.3975 31.6656 0
      vertex 39.5092 31.6656 0.49
      vertex 40.3975 31.6656 0.49
    endloop
  endfacet
  facet normal 0 1 0
    outer loop
      vertex 39.5092 31.6656 0.49
      vertex 40.3975 31.6656 0
      vertex 39.5092 31.6656 0
    endloop
  endfacet
  facet normal 1 -0 0
    outer loop
      vertex 39.5092 31.6656 0.49
      vertex 39.5092 34.4832 0
      vertex 39.5092 34.4832 0.49
    endloop
  endfacet
  facet normal 1 0 0
    outer loop
      vertex 39.5092 34.4832 0
      vertex 39.5092 31.6656 0.49
      vertex 39.5092 31.6656 0
    endloop
  endfacet
  facet normal 0.999911 -0.0133595 0
    outer loop
      vertex 73.4209 34.4832 0.49
      vertex 73.4222 34.5805 0
      vertex 73.4222 34.5805 0.49
    endloop
  endfacet
  facet normal 0.999911 -0.0133595 0
    outer loop
      vertex 73.4222 34.5805 0
      vertex 73.4209 34.4832 0.49
      vertex 73.4209 34.4832 0
    endloop
  endfacet
  facet normal 0.99939 -0.0349173 0
    outer loop
      vertex 73.4222 34.5805 0.49
      vertex 73.4259 34.6864 0
      vertex 73.4259 34.6864 0.49
    endloop
  endfacet
  facet normal 0.99939 -0.0349173 0
    outer loop
      vertex 73.4259 34.6864 0
      vertex 73.4222 34.5805 0.49
      vertex 73.4222 34.5805 0
    endloop
  endfacet
  facet normal 0.998535 -0.0541164 0
    outer loop
      vertex 73.4259 34.6864 0.49
      vertex 73.4321 34.8008 0
      vertex 73.4321 34.8008 0.49
    endloop
  endfacet
  facet normal 0.998535 -0.0541164 0
    outer loop
      vertex 73.4321 34.8008 0
      vertex 73.4259 34.6864 0.49
      vertex 73.4259 34.6864 0
    endloop
  endfacet
  facet normal 0.997512 -0.0704984 0
    outer loop
      vertex 73.4321 34.8008 0.49
      vertex 73.4408 34.9239 0
      vertex 73.4408 34.9239 0.49
    endloop
  endfacet
  facet normal 0.997512 -0.0704984 0
    outer loop
      vertex 73.4408 34.9239 0
      vertex 73.4321 34.8008 0.49
      vertex 73.4321 34.8008 0
    endloop
  endfacet
  facet normal 0.996398 -0.0847998 0
    outer loop
      vertex 73.4408 34.9239 0.49
      vertex 73.452 35.0555 0
      vertex 73.452 35.0555 0.49
    endloop
  endfacet
  facet normal 0.996398 -0.0847998 0
    outer loop
      vertex 73.452 35.0555 0
      vertex 73.4408 34.9239 0.49
      vertex 73.4408 34.9239 0
    endloop
  endfacet
  facet normal 0.99526 -0.0972543 0
    outer loop
      vertex 73.452 35.0555 0.49
      vertex 73.4657 35.1957 0
      vertex 73.4657 35.1957 0.49
    endloop
  endfacet
  facet normal 0.99526 -0.0972543 0
    outer loop
      vertex 73.4657 35.1957 0
      vertex 73.452 35.0555 0.49
      vertex 73.452 35.0555 0
    endloop
  endfacet
  facet normal 0.994126 -0.108231 0
    outer loop
      vertex 73.4657 35.1957 0.49
      vertex 73.4819 35.3445 0
      vertex 73.4819 35.3445 0.49
    endloop
  endfacet
  facet normal 0.994126 -0.108231 0
    outer loop
      vertex 73.4819 35.3445 0
      vertex 73.4657 35.1957 0.49
      vertex 73.4657 35.1957 0
    endloop
  endfacet
  facet normal -0.870317 0.492491 0
    outer loop
      vertex 71.4001 31.6656 0
      vertex 73.4819 35.3445 0.49
      vertex 73.4819 35.3445 0
    endloop
  endfacet
  facet normal -0.870317 0.492491 0
    outer loop
      vertex 73.4819 35.3445 0.49
      vertex 71.4001 31.6656 0
      vertex 71.4001 31.6656 0.49
    endloop
  endfacet
  facet normal 0 1 -0
    outer loop
      vertex 71.4001 31.6656 0
      vertex 70.2269 31.6656 0.49
      vertex 71.4001 31.6656 0.49
    endloop
  endfacet
  facet normal 0 1 0
    outer loop
      vertex 70.2269 31.6656 0.49
      vertex 71.4001 31.6656 0
      vertex 70.2269 31.6656 0
    endloop
  endfacet
  facet normal 1 -0 0
    outer loop
      vertex 70.2269 31.6656 0.49
      vertex 70.2269 36.443 0
      vertex 70.2269 36.443 0.49
    endloop
  endfacet
  facet normal 1 0 0
    outer loop
      vertex 70.2269 36.443 0
      vertex 70.2269 31.6656 0.49
      vertex 70.2269 31.6656 0
    endloop
  endfacet
  facet normal 0 -1 0
    outer loop
      vertex 70.2269 36.443 0
      vertex 71.1153 36.443 0.49
      vertex 70.2269 36.443 0.49
    endloop
  endfacet
  facet normal 0 -1 -0
    outer loop
      vertex 71.1153 36.443 0.49
      vertex 70.2269 36.443 0
      vertex 71.1153 36.443 0
    endloop
  endfacet
  facet normal -1 0 0
    outer loop
      vertex 71.1153 33.6661 0
      vertex 71.1153 36.443 0.49
      vertex 71.1153 36.443 0
    endloop
  endfacet
  facet normal -1 -0 0
    outer loop
      vertex 71.1153 36.443 0.49
      vertex 71.1153 33.6661 0
      vertex 71.1153 33.6661 0.49
    endloop
  endfacet
  facet normal -0.999943 0.0106551 0
    outer loop
      vertex 71.114 33.5441 0
      vertex 71.1153 33.6661 0.49
      vertex 71.1153 33.6661 0
    endloop
  endfacet
  facet normal -0.999943 0.0106551 0
    outer loop
      vertex 71.1153 33.6661 0.49
      vertex 71.114 33.5441 0
      vertex 71.114 33.5441 0.49
    endloop
  endfacet
  facet normal -0.999567 0.0294224 0
    outer loop
      vertex 71.1103 33.4184 0
      vertex 71.114 33.5441 0.49
      vertex 71.114 33.5441 0
    endloop
  endfacet
  facet normal -0.999567 0.0294224 0
    outer loop
      vertex 71.114 33.5441 0.49
      vertex 71.1103 33.4184 0
      vertex 71.1103 33.4184 0.49
    endloop
  endfacet
  facet normal -0.998856 0.0478217 0
    outer loop
      vertex 71.1041 33.2889 0
      vertex 71.1103 33.4184 0.49
      vertex 71.1103 33.4184 0
    endloop
  endfacet
  facet normal -0.998856 0.0478217 0
    outer loop
      vertex 71.1103 33.4184 0.49
      vertex 71.1041 33.2889 0
      vertex 71.1041 33.2889 0.49
    endloop
  endfacet
  facet normal -0.997874 0.0651764 0
    outer loop
      vertex 71.0954 33.1557 0
      vertex 71.1041 33.2889 0.49
      vertex 71.1041 33.2889 0
    endloop
  endfacet
  facet normal -0.997874 0.0651764 0
    outer loop
      vertex 71.1041 33.2889 0.49
      vertex 71.0954 33.1557 0
      vertex 71.0954 33.1557 0.49
    endloop
  endfacet
  facet normal -0.99667 0.0815391 0
    outer loop
      vertex 71.0842 33.0188 0
      vertex 71.0954 33.1557 0.49
      vertex 71.0954 33.1557 0
    endloop
  endfacet
  facet normal -0.99667 0.0815391 0
    outer loop
      vertex 71.0954 33.1557 0.49
      vertex 71.0842 33.0188 0
      vertex 71.0842 33.0188 0.49
    endloop
  endfacet
  facet normal -0.995224 0.0976126 0
    outer loop
      vertex 71.0704 32.8781 0
      vertex 71.0842 33.0188 0.49
      vertex 71.0842 33.0188 0
    endloop
  endfacet
  facet normal -0.995224 0.0976126 0
    outer loop
      vertex 71.0842 33.0188 0.49
      vertex 71.0704 32.8781 0
      vertex 71.0704 32.8781 0.49
    endloop
  endfacet
  facet normal -0.993842 0.110809 0
    outer loop
      vertex 71.0543 32.7337 0
      vertex 71.0704 32.8781 0.49
      vertex 71.0704 32.8781 0
    endloop
  endfacet
  facet normal -0.993842 0.110809 0
    outer loop
      vertex 71.0704 32.8781 0.49
      vertex 71.0543 32.7337 0
      vertex 71.0543 32.7337 0.49
    endloop
  endfacet
  facet normal 0.868979 -0.494849 0
    outer loop
      vertex 71.0543 32.7337 0.49
      vertex 73.1666 36.443 0
      vertex 73.1666 36.443 0.49
    endloop
  endfacet
  facet normal 0.868979 -0.494849 0
    outer loop
      vertex 73.1666 36.443 0
      vertex 71.0543 32.7337 0.49
      vertex 71.0543 32.7337 0
    endloop
  endfacet
  facet normal 0 -1 0
    outer loop
      vertex 73.1666 36.443 0
      vertex 74.3093 36.443 0.49
      vertex 73.1666 36.443 0.49
    endloop
  endfacet
  facet normal 0 -1 -0
    outer loop
      vertex 74.3093 36.443 0.49
      vertex 73.1666 36.443 0
      vertex 74.3093 36.443 0
    endloop
  endfacet
  facet normal -1 0 0
    outer loop
      vertex 74.3093 31.6656 0
      vertex 74.3093 36.443 0.49
      vertex 74.3093 36.443 0
    endloop
  endfacet
  facet normal -1 -0 0
    outer loop
      vertex 74.3093 36.443 0.49
      vertex 74.3093 31.6656 0
      vertex 74.3093 31.6656 0.49
    endloop
  endfacet
  facet normal 0 1 -0
    outer loop
      vertex 74.3093 31.6656 0
      vertex 73.4209 31.6656 0.49
      vertex 74.3093 31.6656 0.49
    endloop
  endfacet
  facet normal 0 1 0
    outer loop
      vertex 73.4209 31.6656 0.49
      vertex 74.3093 31.6656 0
      vertex 73.4209 31.6656 0
    endloop
  endfacet
  facet normal 1 -0 0
    outer loop
      vertex 73.4209 31.6656 0.49
      vertex 73.4209 34.4832 0
      vertex 73.4209 34.4832 0.49
    endloop
  endfacet
  facet normal 1 0 0
    outer loop
      vertex 73.4209 34.4832 0
      vertex 73.4209 31.6656 0.49
      vertex 73.4209 31.6656 0
    endloop
  endfacet
  facet normal 0 1 -0
    outer loop
      vertex 78.0743 32.8863 0
      vertex 76.2535 32.8863 0.49
      vertex 78.0743 32.8863 0.49
    endloop
  endfacet
  facet normal 0 1 0
    outer loop
      vertex 76.2535 32.8863 0.49
      vertex 78.0743 32.8863 0
      vertex 76.2535 32.8863 0
    endloop
  endfacet
  facet normal -0.944687 0.327974 0
    outer loop
      vertex 75.8297 31.6656 0
      vertex 76.2535 32.8863 0.49
      vertex 76.2535 32.8863 0
    endloop
  endfacet
  facet normal -0.944687 0.327974 0
    outer loop
      vertex 76.2535 32.8863 0.49
      vertex 75.8297 31.6656 0
      vertex 75.8297 31.6656 0.49
    endloop
  endfacet
  facet normal 0 1 -0
    outer loop
      vertex 75.8297 31.6656 0
      vertex 74.8396 31.6656 0.49
      vertex 75.8297 31.6656 0.49
    endloop
  endfacet
  facet normal 0 1 0
    outer loop
      vertex 74.8396 31.6656 0.49
      vertex 75.8297 31.6656 0
      vertex 74.8396 31.6656 0
    endloop
  endfacet
  facet normal 0.939872 -0.341528 0
    outer loop
      vertex 74.8396 31.6656 0.49
      vertex 76.5756 36.443 0
      vertex 76.5756 36.443 0.49
    endloop
  endfacet
  facet normal 0.939872 -0.341528 0
    outer loop
      vertex 76.5756 36.443 0
      vertex 74.8396 31.6656 0.49
      vertex 74.8396 31.6656 0
    endloop
  endfacet
  facet normal 0 -1 0
    outer loop
      vertex 76.5756 36.443 0
      vertex 77.7556 36.443 0.49
      vertex 76.5756 36.443 0.49
    endloop
  endfacet
  facet normal 0 -1 -0
    outer loop
      vertex 77.7556 36.443 0.49
      vertex 76.5756 36.443 0
      vertex 77.7556 36.443 0
    endloop
  endfacet
  facet normal -0.939442 -0.342709 0
    outer loop
      vertex 79.4984 31.6656 0
      vertex 77.7556 36.443 0.49
      vertex 77.7556 36.443 0
    endloop
  endfacet
  facet normal -0.939442 -0.342709 0
    outer loop
      vertex 77.7556 36.443 0.49
      vertex 79.4984 31.6656 0
      vertex 79.4984 31.6656 0.49
    endloop
  endfacet
  facet normal 0 1 -0
    outer loop
      vertex 79.4984 31.6656 0
      vertex 78.4981 31.6656 0.49
      vertex 79.4984 31.6656 0.49
    endloop
  endfacet
  facet normal 0 1 0
    outer loop
      vertex 78.4981 31.6656 0.49
      vertex 79.4984 31.6656 0
      vertex 78.4981 31.6656 0
    endloop
  endfacet
  facet normal 0.944687 0.327974 0
    outer loop
      vertex 78.4981 31.6656 0.49
      vertex 78.0743 32.8863 0
      vertex 78.0743 32.8863 0.49
    endloop
  endfacet
  facet normal 0.944687 0.327974 0
    outer loop
      vertex 78.0743 32.8863 0
      vertex 78.4981 31.6656 0.49
      vertex 78.4981 31.6656 0
    endloop
  endfacet
  facet normal 0.945856 0.324585 0
    outer loop
      vertex 77.8505 33.639 0.49
      vertex 77.7074 34.056 0
      vertex 77.7074 34.056 0.49
    endloop
  endfacet
  facet normal 0.945856 0.324585 0
    outer loop
      vertex 77.7074 34.056 0
      vertex 77.8505 33.639 0.49
      vertex 77.8505 33.639 0
    endloop
  endfacet
  facet normal 0.94602 0.324109 0
    outer loop
      vertex 77.7074 34.056 0.49
      vertex 77.5842 34.4156 0
      vertex 77.5842 34.4156 0.49
    endloop
  endfacet
  facet normal 0.94602 0.324109 0
    outer loop
      vertex 77.5842 34.4156 0
      vertex 77.7074 34.056 0.49
      vertex 77.7074 34.056 0
    endloop
  endfacet
  facet normal 0.946406 0.32298 0
    outer loop
      vertex 77.5842 34.4156 0.49
      vertex 77.481 34.718 0
      vertex 77.481 34.718 0.49
    endloop
  endfacet
  facet normal 0.946406 0.32298 0
    outer loop
      vertex 77.481 34.718 0
      vertex 77.5842 34.4156 0.49
      vertex 77.5842 34.4156 0
    endloop
  endfacet
  facet normal 0.946813 0.321785 0
    outer loop
      vertex 77.481 34.718 0.49
      vertex 77.3977 34.9631 0
      vertex 77.3977 34.9631 0.49
    endloop
  endfacet
  facet normal 0.946813 0.321785 0
    outer loop
      vertex 77.3977 34.9631 0
      vertex 77.481 34.718 0.49
      vertex 77.481 34.718 0
    endloop
  endfacet
  facet normal 0.947466 0.319858 0
    outer loop
      vertex 77.3977 34.9631 0.49
      vertex 77.3343 35.1509 0
      vertex 77.3343 35.1509 0.49
    endloop
  endfacet
  facet normal 0.947466 0.319858 0
    outer loop
      vertex 77.3343 35.1509 0
      vertex 77.3977 34.9631 0.49
      vertex 77.3977 34.9631 0
    endloop
  endfacet
  facet normal 0.948683 0.316228 0
    outer loop
      vertex 77.3343 35.1509 0.49
      vertex 77.2908 35.2814 0
      vertex 77.2908 35.2814 0.49
    endloop
  endfacet
  facet normal 0.948683 0.316228 0
    outer loop
      vertex 77.2908 35.2814 0
      vertex 77.3343 35.1509 0.49
      vertex 77.3343 35.1509 0
    endloop
  endfacet
  facet normal 0.952137 0.305672 0
    outer loop
      vertex 77.2908 35.2814 0.49
      vertex 77.2673 35.3546 0
      vertex 77.2673 35.3546 0.49
    endloop
  endfacet
  facet normal 0.952137 0.305672 0
    outer loop
      vertex 77.2673 35.3546 0
      vertex 77.2908 35.2814 0.49
      vertex 77.2908 35.2814 0
    endloop
  endfacet
  facet normal 0.957043 0.289947 0
    outer loop
      vertex 77.2673 35.3546 0.49
      vertex 77.254 35.3985 0
      vertex 77.254 35.3985 0.49
    endloop
  endfacet
  facet normal 0.957043 0.289947 0
    outer loop
      vertex 77.254 35.3985 0
      vertex 77.2673 35.3546 0.49
      vertex 77.2673 35.3546 0
    endloop
  endfacet
  facet normal 0.958136 0.286314 0
    outer loop
      vertex 77.254 35.3985 0.49
      vertex 77.2413 35.441 0
      vertex 77.2413 35.441 0.49
    endloop
  endfacet
  facet normal 0.958136 0.286314 0
    outer loop
      vertex 77.2413 35.441 0
      vertex 77.254 35.3985 0.49
      vertex 77.254 35.3985 0
    endloop
  endfacet
  facet normal 0.958657 0.284565 0
    outer loop
      vertex 77.2413 35.441 0.49
      vertex 77.2291 35.4821 0
      vertex 77.2291 35.4821 0.49
    endloop
  endfacet
  facet normal 0.958657 0.284565 0
    outer loop
      vertex 77.2291 35.4821 0
      vertex 77.2413 35.441 0.49
      vertex 77.2413 35.441 0
    endloop
  endfacet
  facet normal 0.959864 0.280464 0
    outer loop
      vertex 77.2291 35.4821 0.49
      vertex 77.2175 35.5218 0
      vertex 77.2175 35.5218 0.49
    endloop
  endfacet
  facet normal 0.959864 0.280464 0
    outer loop
      vertex 77.2175 35.5218 0
      vertex 77.2291 35.4821 0.49
      vertex 77.2291 35.4821 0
    endloop
  endfacet
  facet normal 0.960476 0.278363 0
    outer loop
      vertex 77.2175 35.5218 0.49
      vertex 77.2064 35.5601 0
      vertex 77.2064 35.5601 0.49
    endloop
  endfacet
  facet normal 0.960476 0.278363 0
    outer loop
      vertex 77.2064 35.5601 0
      vertex 77.2175 35.5218 0.49
      vertex 77.2175 35.5218 0
    endloop
  endfacet
  facet normal 0.962013 0.273004 0
    outer loop
      vertex 77.2064 35.5601 0.49
      vertex 77.1959 35.5971 0
      vertex 77.1959 35.5971 0.49
    endloop
  endfacet
  facet normal 0.962013 0.273004 0
    outer loop
      vertex 77.1959 35.5971 0
      vertex 77.2064 35.5601 0.49
      vertex 77.2064 35.5601 0
    endloop
  endfacet
  facet normal 0.962739 0.270432 0
    outer loop
      vertex 77.1959 35.5971 0.49
      vertex 77.1859 35.6327 0
      vertex 77.1859 35.6327 0.49
    endloop
  endfacet
  facet normal 0.962739 0.270432 0
    outer loop
      vertex 77.1859 35.6327 0
      vertex 77.1959 35.5971 0.49
      vertex 77.1959 35.5971 0
    endloop
  endfacet
  facet normal 0.964913 0.26257 0
    outer loop
      vertex 77.1859 35.6327 0.49
      vertex 77.1656 35.7073 0
      vertex 77.1656 35.7073 0.49
    endloop
  endfacet
  facet normal 0.964913 0.26257 0
    outer loop
      vertex 77.1656 35.7073 0
      vertex 77.1859 35.6327 0.49
      vertex 77.1859 35.6327 0
    endloop
  endfacet
  facet normal -0.956694 0.291097 0
    outer loop
      vertex 77.0944 35.4733 0
      vertex 77.1656 35.7073 0.49
      vertex 77.1656 35.7073 0
    endloop
  endfacet
  facet normal -0.956694 0.291097 0
    outer loop
      vertex 77.1656 35.7073 0.49
      vertex 77.0944 35.4733 0
      vertex 77.0944 35.4733 0.49
    endloop
  endfacet
  facet normal -0.95347 0.301488 0
    outer loop
      vertex 76.9486 35.0122 0
      vertex 77.0944 35.4733 0.49
      vertex 77.0944 35.4733 0
    endloop
  endfacet
  facet normal -0.95347 0.301488 0
    outer loop
      vertex 77.0944 35.4733 0.49
      vertex 76.9486 35.0122 0
      vertex 76.9486 35.0122 0.49
    endloop
  endfacet
  facet normal -0.945843 0.324625 0
    outer loop
      vertex 76.4773 33.639 0
      vertex 76.9486 35.0122 0.49
      vertex 76.9486 35.0122 0
    endloop
  endfacet
  facet normal -0.945843 0.324625 0
    outer loop
      vertex 76.9486 35.0122 0.49
      vertex 76.4773 33.639 0
      vertex 76.4773 33.639 0.49
    endloop
  endfacet
  facet normal 0 -1 0
    outer loop
      vertex 76.4773 33.639 0
      vertex 77.8505 33.639 0.49
      vertex 76.4773 33.639 0.49
    endloop
  endfacet
  facet normal 0 -1 -0
    outer loop
      vertex 77.8505 33.639 0.49
      vertex 76.4773 33.639 0
      vertex 77.8505 33.639 0
    endloop
  endfacet
  facet normal 0 1 -0
    outer loop
      vertex 80.6895 35.67 0
      vertex 79.1434 35.67 0.49
      vertex 80.6895 35.67 0.49
    endloop
  endfacet
  facet normal 0 1 0
    outer loop
      vertex 79.1434 35.67 0.49
      vertex 80.6895 35.67 0
      vertex 79.1434 35.67 0
    endloop
  endfacet
  facet normal 1 -0 0
    outer loop
      vertex 79.1434 35.67 0.49
      vertex 79.1434 36.443 0
      vertex 79.1434 36.443 0.49
    endloop
  endfacet
  facet normal 1 0 0
    outer loop
      vertex 79.1434 36.443 0
      vertex 79.1434 35.67 0.49
      vertex 79.1434 35.67 0
    endloop
  endfacet
  facet normal 0 -1 0
    outer loop
      vertex 79.1434 36.443 0
      vertex 83.2325 36.443 0.49
      vertex 79.1434 36.443 0.49
    endloop
  endfacet
  facet normal 0 -1 -0
    outer loop
      vertex 83.2325 36.443 0.49
      vertex 79.1434 36.443 0
      vertex 83.2325 36.443 0
    endloop
  endfacet
  facet normal -1 0 0
    outer loop
      vertex 83.2325 35.67 0
      vertex 83.2325 36.443 0.49
      vertex 83.2325 36.443 0
    endloop
  endfacet
  facet normal -1 -0 0
    outer loop
      vertex 83.2325 36.443 0.49
      vertex 83.2325 35.67 0
      vertex 83.2325 35.67 0.49
    endloop
  endfacet
  facet normal 0 1 -0
    outer loop
      vertex 83.2325 35.67 0
      vertex 81.6898 35.67 0.49
      vertex 83.2325 35.67 0.49
    endloop
  endfacet
  facet normal 0 1 0
    outer loop
      vertex 81.6898 35.67 0.49
      vertex 83.2325 35.67 0
      vertex 81.6898 35.67 0
    endloop
  endfacet
  facet normal -1 0 0
    outer loop
      vertex 81.6898 31.6656 0
      vertex 81.6898 35.67 0.49
      vertex 81.6898 35.67 0
    endloop
  endfacet
  facet normal -1 -0 0
    outer loop
      vertex 81.6898 35.67 0.49
      vertex 81.6898 31.6656 0
      vertex 81.6898 31.6656 0.49
    endloop
  endfacet
  facet normal 0 1 -0
    outer loop
      vertex 81.6898 31.6656 0
      vertex 80.6895 31.6656 0.49
      vertex 81.6898 31.6656 0.49
    endloop
  endfacet
  facet normal 0 1 0
    outer loop
      vertex 80.6895 31.6656 0.49
      vertex 81.6898 31.6656 0
      vertex 80.6895 31.6656 0
    endloop
  endfacet
  facet normal 1 -0 0
    outer loop
      vertex 80.6895 31.6656 0.49
      vertex 80.6895 35.67 0
      vertex 80.6895 35.67 0.49
    endloop
  endfacet
  facet normal 1 0 0
    outer loop
      vertex 80.6895 35.67 0
      vertex 80.6895 31.6656 0.49
      vertex 80.6895 31.6656 0
    endloop
  endfacet
  facet normal 1 -0 0
    outer loop
      vertex 6.5 6 19
      vertex 6.5 10.9 2
      vertex 6.5 10.9 19
    endloop
  endfacet
  facet normal 1 0 0
    outer loop
      vertex 6.5 10.9 2
      vertex 6.5 6 19
      vertex 6.5 6 2
    endloop
  endfacet
  facet normal -0 0 1
    outer loop
      vertex 2 10.9 19
      vertex 6.5 6 19
      vertex 6.5 10.9 19
    endloop
  endfacet
  facet normal 0 0 1
    outer loop
      vertex 6.5 6 19
      vertex 2 10.9 19
      vertex 2 6 19
    endloop
  endfacet
  facet normal 0 1 0
    outer loop
      vertex 6.5 10.9 19
      vertex 2 10.9 18.7
      vertex 2 10.9 19
    endloop
  endfacet
  facet normal 0 1 -0
    outer loop
      vertex 6.5 10.9 2
      vertex 2 10.9 18.7
      vertex 6.5 10.9 19
    endloop
  endfacet
  facet normal 0 1 0
    outer loop
      vertex 2 10.9 18.7
      vertex 6.5 10.9 2
      vertex 2 10.9 2
    endloop
  endfacet
  facet normal 0 -1 0
    outer loop
      vertex 2 6 2
      vertex 6.5 6 19
      vertex 2 6 19
    endloop
  endfacet
  facet normal 0 -1 -0
    outer loop
      vertex 6.5 6 19
      vertex 2 6 2
      vertex 6.5 6 2
    endloop
  endfacet
  facet normal 1 -0 0
    outer loop
      vertex 6.5 22.9 19
      vertex 6.5 27.8 2
      vertex 6.5 27.8 19
    endloop
  endfacet
  facet normal 1 0 0
    outer loop
      vertex 6.5 27.8 2
      vertex 6.5 22.9 19
      vertex 6.5 22.9 2
    endloop
  endfacet
  facet normal -0 0 1
    outer loop
      vertex 2 27.8 19
      vertex 6.5 22.9 19
      vertex 6.5 27.8 19
    endloop
  endfacet
  facet normal 0 0 1
    outer loop
      vertex 6.5 22.9 19
      vertex 2 27.8 19
      vertex 2 22.9 19
    endloop
  endfacet
  facet normal 0 1 -0
    outer loop
      vertex 6.5 27.8 2
      vertex 2 27.8 19
      vertex 6.5 27.8 19
    endloop
  endfacet
  facet normal 0 1 0
    outer loop
      vertex 2 27.8 19
      vertex 6.5 27.8 2
      vertex 2 27.8 2
    endloop
  endfacet
  facet normal 0 -1 0
    outer loop
      vertex 2 22.9 18.7
      vertex 6.5 22.9 19
      vertex 2 22.9 19
    endloop
  endfacet
  facet normal 0 -1 0
    outer loop
      vertex 6.5 22.9 2
      vertex 2 22.9 18.7
      vertex 2 22.9 2
    endloop
  endfacet
  facet normal 0 -1 0
    outer loop
      vertex 2 22.9 18.7
      vertex 6.5 22.9 2
      vertex 6.5 22.9 19
    endloop
  endfacet
  facet normal -1 0 0
    outer loop
      vertex 53.5 27.8 2
      vertex 53.5 31.8 8
      vertex 53.5 31.8 2
    endloop
  endfacet
  facet normal -1 -0 0
    outer loop
      vertex 53.5 31.8 8
      vertex 53.5 27.8 2
      vertex 53.5 27.8 8
    endloop
  endfacet
  facet normal -1 0 0
    outer loop
      vertex 53.5 2 2
      vertex 53.5 6 8
      vertex 53.5 6 2
    endloop
  endfacet
  facet normal -1 -0 0
    outer loop
      vertex 53.5 6 8
      vertex 53.5 2 2
      vertex 53.5 2 8
    endloop
  endfacet
  facet normal 1 -0 0
    outer loop
      vertex 53.5 6 19
      vertex 53.5 10.9 8
      vertex 53.5 10.9 19
    endloop
  endfacet
  facet normal 1 0 0
    outer loop
      vertex 53.5 10.9 8
      vertex 53.5 6 19
      vertex 53.5 6 8
    endloop
  endfacet
  facet normal -1 0 0
    outer loop
      vertex 53.5 10.9 2
      vertex 53.5 22.9 8
      vertex 53.5 22.9 2
    endloop
  endfacet
  facet normal -1 -0 0
    outer loop
      vertex 53.5 22.9 8
      vertex 53.5 10.9 2
      vertex 53.5 10.9 8
    endloop
  endfacet
  facet normal 1 -0 0
    outer loop
      vertex 53.5 22.9 19
      vertex 53.5 27.8 8
      vertex 53.5 27.8 19
    endloop
  endfacet
  facet normal 1 0 0
    outer loop
      vertex 53.5 27.8 8
      vertex 53.5 22.9 19
      vertex 53.5 22.9 8
    endloop
  endfacet
  facet normal -0 0 1
    outer loop
      vertex 49 10.9 19
      vertex 53.5 6 19
      vertex 53.5 10.9 19
    endloop
  endfacet
  facet normal 0 0 1
    outer loop
      vertex 53.5 6 19
      vertex 49 10.9 19
      vertex 49 6 19
    endloop
  endfacet
  facet normal -1 0 0
    outer loop
      vertex 49 6 2
      vertex 49 10.9 19
      vertex 49 10.9 2
    endloop
  endfacet
  facet normal -1 -0 0
    outer loop
      vertex 49 10.9 19
      vertex 49 6 2
      vertex 49 6 19
    endloop
  endfacet
  facet normal 0 1 -0
    outer loop
      vertex 53.5 10.9 8
      vertex 49 10.9 19
      vertex 53.5 10.9 19
    endloop
  endfacet
  facet normal 0 1 0
    outer loop
      vertex 49 10.9 2
      vertex 53.5 10.9 8
      vertex 53.5 10.9 2
    endloop
  endfacet
  facet normal 0 1 0
    outer loop
      vertex 53.5 10.9 8
      vertex 49 10.9 2
      vertex 49 10.9 19
    endloop
  endfacet
  facet normal 0 -1 0
    outer loop
      vertex 49 6 19
      vertex 53.5 6 8
      vertex 53.5 6 19
    endloop
  endfacet
  facet normal 0 -1 0
    outer loop
      vertex 49 6 2
      vertex 53.5 6 8
      vertex 49 6 19
    endloop
  endfacet
  facet normal 0 -1 -0
    outer loop
      vertex 53.5 6 8
      vertex 49 6 2
      vertex 53.5 6 2
    endloop
  endfacet
  facet normal -0 0 1
    outer loop
      vertex 49 27.8 19
      vertex 53.5 22.9 19
      vertex 53.5 27.8 19
    endloop
  endfacet
  facet normal 0 0 1
    outer loop
      vertex 53.5 22.9 19
      vertex 49 27.8 19
      vertex 49 22.9 19
    endloop
  endfacet
  facet normal -1 0 0
    outer loop
      vertex 49 22.9 2
      vertex 49 27.8 19
      vertex 49 27.8 2
    endloop
  endfacet
  facet normal -1 -0 0
    outer loop
      vertex 49 27.8 19
      vertex 49 22.9 2
      vertex 49 22.9 19
    endloop
  endfacet
  facet normal 0 1 -0
    outer loop
      vertex 53.5 27.8 8
      vertex 49 27.8 19
      vertex 53.5 27.8 19
    endloop
  endfacet
  facet normal 0 1 0
    outer loop
      vertex 49 27.8 2
      vertex 53.5 27.8 8
      vertex 53.5 27.8 2
    endloop
  endfacet
  facet normal 0 1 0
    outer loop
      vertex 53.5 27.8 8
      vertex 49 27.8 2
      vertex 49 27.8 19
    endloop
  endfacet
  facet normal 0 -1 0
    outer loop
      vertex 49 22.9 19
      vertex 53.5 22.9 8
      vertex 53.5 22.9 19
    endloop
  endfacet
  facet normal 0 -1 0
    outer loop
      vertex 49 22.9 2
      vertex 53.5 22.9 8
      vertex 49 22.9 19
    endloop
  endfacet
  facet normal 0 -1 -0
    outer loop
      vertex 53.5 22.9 8
      vertex 49 22.9 2
      vertex 53.5 22.9 2
    endloop
  endfacet
  facet normal 1 -0 0
    outer loop
      vertex 73.43 29.8 19
      vertex 73.43 34.8 2
      vertex 73.43 34.8 19
    endloop
  endfacet
  facet normal 1 0 0
    outer loop
      vertex 73.43 34.8 2
      vertex 73.43 29.8 19
      vertex 73.43 29.8 2
    endloop
  endfacet
  facet normal -0 0 1
    outer loop
      vertex 70.93 34.8 19
      vertex 73.43 29.8 19
      vertex 73.43 34.8 19
    endloop
  endfacet
  facet normal 0 0 1
    outer loop
      vertex 73.43 29.8 19
      vertex 70.93 34.8 19
      vertex 70.93 29.8 19
    endloop
  endfacet
  facet normal -1 0 0
    outer loop
      vertex 70.93 29.8 2
      vertex 70.93 34.8 19
      vertex 70.93 34.8 2
    endloop
  endfacet
  facet normal -1 -0 0
    outer loop
      vertex 70.93 34.8 19
      vertex 70.93 29.8 2
      vertex 70.93 29.8 19
    endloop
  endfacet
  facet normal 0 1 -0
    outer loop
      vertex 73.43 34.8 2
      vertex 70.93 34.8 19
      vertex 73.43 34.8 19
    endloop
  endfacet
  facet normal 0 1 0
    outer loop
      vertex 70.93 34.8 19
      vertex 73.43 34.8 2
      vertex 70.93 34.8 2
    endloop
  endfacet
  facet normal 0 -1 0
    outer loop
      vertex 70.93 29.8 2
      vertex 73.43 29.8 19
      vertex 70.93 29.8 19
    endloop
  endfacet
  facet normal 0 -1 -0
    outer loop
      vertex 73.43 29.8 19
      vertex 70.93 29.8 2
      vertex 73.43 29.8 2
    endloop
  endfacet
  facet normal 1 -0 0
    outer loop
      vertex 89.07 29.8 19
      vertex 89.07 34.8 2
      vertex 89.07 34.8 19
    endloop
  endfacet
  facet normal 1 0 0
    outer loop
      vertex 89.07 34.8 2
      vertex 89.07 29.8 19
      vertex 89.07 29.8 2
    endloop
  endfacet
  facet normal -0 0 1
    outer loop
      vertex 86.57 34.8 19
      vertex 89.07 29.8 19
      vertex 89.07 34.8 19
    endloop
  endfacet
  facet normal 0 0 1
    outer loop
      vertex 89.07 29.8 19
      vertex 86.57 34.8 19
      vertex 86.57 29.8 19
    endloop
  endfacet
  facet normal -1 0 0
    outer loop
      vertex 86.57 29.8 2
      vertex 86.57 34.8 19
      vertex 86.57 34.8 2
    endloop
  endfacet
  facet normal -1 -0 0
    outer loop
      vertex 86.57 34.8 19
      vertex 86.57 29.8 2
      vertex 86.57 29.8 19
    endloop
  endfacet
  facet normal 0 1 -0
    outer loop
      vertex 89.07 34.8 2
      vertex 86.57 34.8 19
      vertex 89.07 34.8 19
    endloop
  endfacet
  facet normal 0 1 0
    outer loop
      vertex 86.57 34.8 19
      vertex 89.07 34.8 2
      vertex 86.57 34.8 2
    endloop
  endfacet
  facet normal 0 -1 0
    outer loop
      vertex 86.57 29.8 2
      vertex 89.07 29.8 19
      vertex 86.57 29.8 19
    endloop
  endfacet
  facet normal 0 -1 -0
    outer loop
      vertex 89.07 29.8 19
      vertex 86.57 29.8 2
      vertex 89.07 29.8 2
    endloop
  endfacet
  facet normal -1 0 0
    outer loop
      vertex 15.8 -8 0
      vertex 15.8 0 3
      vertex 15.8 0 0
    endloop
  endfacet
  facet normal -1 -0 0
    outer loop
      vertex 15.8 0 3
      vertex 15.8 -8 0
      vertex 15.8 -8 3
    endloop
  endfacet
  facet normal 0 0 1
    outer loop
      vertex 29.8 0 3
      vertex 25.05 -4 3
      vertex 29.8 -8 3
    endloop
  endfacet
  facet normal 0 0 1
    outer loop
      vertex 29.8 0 3
      vertex 25.0308 -3.70632 3
      vertex 25.05 -4 3
    endloop
  endfacet
  facet normal 0 0 1
    outer loop
      vertex 29.8 0 3
      vertex 24.9733 -3.41766 3
      vertex 25.0308 -3.70632 3
    endloop
  endfacet
  facet normal 0 0 1
    outer loop
      vertex 29.8 0 3
      vertex 24.8787 -3.13896 3
      vertex 24.9733 -3.41766 3
    endloop
  endfacet
  facet normal 0 0 1
    outer loop
      vertex 29.8 0 3
      vertex 24.7486 -2.875 3
      vertex 24.8787 -3.13896 3
    endloop
  endfacet
  facet normal 0 0 1
    outer loop
      vertex 29.8 0 3
      vertex 24.585 -2.63029 3
      vertex 24.7486 -2.875 3
    endloop
  endfacet
  facet normal 0 0 1
    outer loop
      vertex 29.8 0 3
      vertex 24.391 -2.40901 3
      vertex 24.585 -2.63029 3
    endloop
  endfacet
  facet normal 0 0 1
    outer loop
      vertex 29.8 0 3
      vertex 24.1697 -2.21496 3
      vertex 24.391 -2.40901 3
    endloop
  endfacet
  facet normal 0 0 1
    outer loop
      vertex 29.8 0 3
      vertex 23.925 -2.05144 3
      vertex 24.1697 -2.21496 3
    endloop
  endfacet
  facet normal 0 0 1
    outer loop
      vertex 29.8 0 3
      vertex 23.661 -1.92127 3
      vertex 23.925 -2.05144 3
    endloop
  endfacet
  facet normal 0 0 1
    outer loop
      vertex 29.8 0 3
      vertex 23.3823 -1.82667 3
      vertex 23.661 -1.92127 3
    endloop
  endfacet
  facet normal 0 0 1
    outer loop
      vertex 29.8 0 3
      vertex 23.0937 -1.76925 3
      vertex 23.3823 -1.82667 3
    endloop
  endfacet
  facet normal 0 0 1
    outer loop
      vertex 29.8 0 3
      vertex 22.8 -1.75 3
      vertex 23.0937 -1.76925 3
    endloop
  endfacet
  facet normal -0 0 1
    outer loop
      vertex 15.8 0 3
      vertex 22.8 -1.75 3
      vertex 29.8 0 3
    endloop
  endfacet
  facet normal 0 0 1
    outer loop
      vertex 22.8 -1.75 3
      vertex 15.8 0 3
      vertex 22.5063 -1.76925 3
    endloop
  endfacet
  facet normal 0 0 1
    outer loop
      vertex 20.5692 -3.70632 3
      vertex 15.8 0 3
      vertex 20.55 -4 3
    endloop
  endfacet
  facet normal 0 0 1
    outer loop
      vertex 20.6267 -3.41766 3
      vertex 15.8 0 3
      vertex 20.5692 -3.70632 3
    endloop
  endfacet
  facet normal 0 0 1
    outer loop
      vertex 20.7213 -3.13896 3
      vertex 15.8 0 3
      vertex 20.6267 -3.41766 3
    endloop
  endfacet
  facet normal 0 0 1
    outer loop
      vertex 20.8514 -2.875 3
      vertex 15.8 0 3
      vertex 20.7213 -3.13896 3
    endloop
  endfacet
  facet normal 0 0 1
    outer loop
      vertex 21.015 -2.63029 3
      vertex 15.8 0 3
      vertex 20.8514 -2.875 3
    endloop
  endfacet
  facet normal 0 0 1
    outer loop
      vertex 21.209 -2.40901 3
      vertex 15.8 0 3
      vertex 21.015 -2.63029 3
    endloop
  endfacet
  facet normal 0 0 1
    outer loop
      vertex 21.4303 -2.21496 3
      vertex 15.8 0 3
      vertex 21.209 -2.40901 3
    endloop
  endfacet
  facet normal 0 0 1
    outer loop
      vertex 21.675 -2.05144 3
      vertex 15.8 0 3
      vertex 21.4303 -2.21496 3
    endloop
  endfacet
  facet normal 0 0 1
    outer loop
      vertex 21.939 -1.92127 3
      vertex 15.8 0 3
      vertex 21.675 -2.05144 3
    endloop
  endfacet
  facet normal 0 0 1
    outer loop
      vertex 22.2177 -1.82667 3
      vertex 15.8 0 3
      vertex 21.939 -1.92127 3
    endloop
  endfacet
  facet normal 0 0 1
    outer loop
      vertex 22.5063 -1.76925 3
      vertex 15.8 0 3
      vertex 22.2177 -1.82667 3
    endloop
  endfacet
  facet normal -0 0 1
    outer loop
      vertex 25.0308 -4.29368 3
      vertex 29.8 -8 3
      vertex 25.05 -4 3
    endloop
  endfacet
  facet normal -0 0 1
    outer loop
      vertex 24.9733 -4.58234 3
      vertex 29.8 -8 3
      vertex 25.0308 -4.29368 3
    endloop
  endfacet
  facet normal -0 0 1
    outer loop
      vertex 24.8787 -4.86104 3
      vertex 29.8 -8 3
      vertex 24.9733 -4.58234 3
    endloop
  endfacet
  facet normal -0 0 1
    outer loop
      vertex 24.7486 -5.125 3
      vertex 29.8 -8 3
      vertex 24.8787 -4.86104 3
    endloop
  endfacet
  facet normal -0 0 1
    outer loop
      vertex 24.585 -5.36971 3
      vertex 29.8 -8 3
      vertex 24.7486 -5.125 3
    endloop
  endfacet
  facet normal -0 0 1
    outer loop
      vertex 24.391 -5.59099 3
      vertex 29.8 -8 3
      vertex 24.585 -5.36971 3
    endloop
  endfacet
  facet normal -0 0 1
    outer loop
      vertex 24.1697 -5.78505 3
      vertex 29.8 -8 3
      vertex 24.391 -5.59099 3
    endloop
  endfacet
  facet normal -0 0 1
    outer loop
      vertex 23.925 -5.94856 3
      vertex 29.8 -8 3
      vertex 24.1697 -5.78505 3
    endloop
  endfacet
  facet normal -0 0 1
    outer loop
      vertex 23.661 -6.07873 3
      vertex 29.8 -8 3
      vertex 23.925 -5.94856 3
    endloop
  endfacet
  facet normal -0 0 1
    outer loop
      vertex 23.3823 -6.17333 3
      vertex 29.8 -8 3
      vertex 23.661 -6.07873 3
    endloop
  endfacet
  facet normal -0 0 1
    outer loop
      vertex 23.0937 -6.23075 3
      vertex 29.8 -8 3
      vertex 23.3823 -6.17333 3
    endloop
  endfacet
  facet normal -0 0 1
    outer loop
      vertex 22.8 -6.25 3
      vertex 29.8 -8 3
      vertex 23.0937 -6.23075 3
    endloop
  endfacet
  facet normal 0 0 1
    outer loop
      vertex 15.8 -8 3
      vertex 22.8 -6.25 3
      vertex 22.5063 -6.23075 3
    endloop
  endfacet
  facet normal 0 0 1
    outer loop
      vertex 15.8 -8 3
      vertex 22.5063 -6.23075 3
      vertex 22.2177 -6.17333 3
    endloop
  endfacet
  facet normal 0 0 1
    outer loop
      vertex 15.8 -8 3
      vertex 20.55 -4 3
      vertex 15.8 0 3
    endloop
  endfacet
  facet normal 0 0 1
    outer loop
      vertex 20.55 -4 3
      vertex 15.8 -8 3
      vertex 20.5692 -4.29368 3
    endloop
  endfacet
  facet normal 0 0 1
    outer loop
      vertex 20.5692 -4.29368 3
      vertex 15.8 -8 3
      vertex 20.6267 -4.58234 3
    endloop
  endfacet
  facet normal 0 0 1
    outer loop
      vertex 20.6267 -4.58234 3
      vertex 15.8 -8 3
      vertex 20.7213 -4.86104 3
    endloop
  endfacet
  facet normal 0 0 1
    outer loop
      vertex 20.7213 -4.86104 3
      vertex 15.8 -8 3
      vertex 20.8514 -5.125 3
    endloop
  endfacet
  facet normal 0 0 1
    outer loop
      vertex 20.8514 -5.125 3
      vertex 15.8 -8 3
      vertex 21.015 -5.36971 3
    endloop
  endfacet
  facet normal 0 0 1
    outer loop
      vertex 22.8 -6.25 3
      vertex 15.8 -8 3
      vertex 29.8 -8 3
    endloop
  endfacet
  facet normal 0 0 1
    outer loop
      vertex 21.939 -6.07873 3
      vertex 15.8 -8 3
      vertex 22.2177 -6.17333 3
    endloop
  endfacet
  facet normal 0 0 1
    outer loop
      vertex 21.675 -5.94856 3
      vertex 15.8 -8 3
      vertex 21.939 -6.07873 3
    endloop
  endfacet
  facet normal 0 0 1
    outer loop
      vertex 21.4303 -5.78505 3
      vertex 15.8 -8 3
      vertex 21.675 -5.94856 3
    endloop
  endfacet
  facet normal 0 0 1
    outer loop
      vertex 21.209 -5.59099 3
      vertex 15.8 -8 3
      vertex 21.4303 -5.78505 3
    endloop
  endfacet
  facet normal 0 0 1
    outer loop
      vertex 21.015 -5.36971 3
      vertex 15.8 -8 3
      vertex 21.209 -5.59099 3
    endloop
  endfacet
  facet normal 0 -1 0
    outer loop
      vertex 15.8 -8 0
      vertex 29.8 -8 3
      vertex 15.8 -8 3
    endloop
  endfacet
  facet normal 0 -1 -0
    outer loop
      vertex 29.8 -8 3
      vertex 15.8 -8 0
      vertex 29.8 -8 0
    endloop
  endfacet
  facet normal 1 -0 0
    outer loop
      vertex 29.8 -8 3
      vertex 29.8 0 0
      vertex 29.8 0 3
    endloop
  endfacet
  facet normal 1 0 0
    outer loop
      vertex 29.8 0 0
      vertex 29.8 -8 3
      vertex 29.8 -8 0
    endloop
  endfacet
  facet normal -0.980732 -0.195358 0
    outer loop
      vertex 25.0308 -3.70632 0
      vertex 24.9733 -3.41766 3
      vertex 24.9733 -3.41766 0
    endloop
  endfacet
  facet normal -0.980732 -0.195358 0
    outer loop
      vertex 24.9733 -3.41766 3
      vertex 25.0308 -3.70632 0
      vertex 25.0308 -3.70632 3
    endloop
  endfacet
  facet normal -0.99787 -0.065238 0
    outer loop
      vertex 25.05 -4 0
      vertex 25.0308 -3.70632 3
      vertex 25.0308 -3.70632 0
    endloop
  endfacet
  facet normal -0.99787 -0.065238 0
    outer loop
      vertex 25.0308 -3.70632 3
      vertex 25.05 -4 0
      vertex 25.05 -4 3
    endloop
  endfacet
  facet normal -0.946936 -0.321421 0
    outer loop
      vertex 24.9733 -3.41766 0
      vertex 24.8787 -3.13896 3
      vertex 24.8787 -3.13896 0
    endloop
  endfacet
  facet normal -0.946936 -0.321421 0
    outer loop
      vertex 24.8787 -3.13896 3
      vertex 24.9733 -3.41766 0
      vertex 24.9733 -3.41766 3
    endloop
  endfacet
  facet normal 0.555609 -0.831443 0
    outer loop
      vertex 21.4303 -2.21496 0
      vertex 21.675 -2.05144 3
      vertex 21.4303 -2.21496 3
    endloop
  endfacet
  facet normal 0.555609 -0.831443 0
    outer loop
      vertex 21.675 -2.05144 3
      vertex 21.4303 -2.21496 0
      vertex 21.675 -2.05144 0
    endloop
  endfacet
  facet normal 0.321421 -0.946936 0
    outer loop
      vertex 21.939 -1.92127 0
      vertex 22.2177 -1.82667 3
      vertex 21.939 -1.92127 3
    endloop
  endfacet
  facet normal 0.321421 -0.946936 0
    outer loop
      vertex 22.2177 -1.82667 3
      vertex 21.939 -1.92127 0
      vertex 22.2177 -1.82667 0
    endloop
  endfacet
  facet normal -0.659317 0.751865 0
    outer loop
      vertex 24.391 -5.59099 0
      vertex 24.1697 -5.78505 3
      vertex 24.391 -5.59099 3
    endloop
  endfacet
  facet normal -0.659317 0.751865 0
    outer loop
      vertex 24.1697 -5.78505 3
      vertex 24.391 -5.59099 0
      vertex 24.1697 -5.78505 0
    endloop
  endfacet
  facet normal 0.321421 0.946936 -0
    outer loop
      vertex 22.2177 -6.17333 0
      vertex 21.939 -6.07873 3
      vertex 22.2177 -6.17333 3
    endloop
  endfacet
  facet normal 0.321421 0.946936 0
    outer loop
      vertex 21.939 -6.07873 3
      vertex 22.2177 -6.17333 0
      vertex 21.939 -6.07873 0
    endloop
  endfacet
  facet normal -0.896968 -0.442096 0
    outer loop
      vertex 24.8787 -3.13896 0
      vertex 24.7486 -2.875 3
      vertex 24.7486 -2.875 0
    endloop
  endfacet
  facet normal -0.896968 -0.442096 0
    outer loop
      vertex 24.7486 -2.875 3
      vertex 24.8787 -3.13896 0
      vertex 24.8787 -3.13896 3
    endloop
  endfacet
  facet normal -0.442233 -0.8969 0
    outer loop
      vertex 23.661 -1.92127 0
      vertex 23.925 -2.05144 3
      vertex 23.661 -1.92127 3
    endloop
  endfacet
  facet normal -0.442233 -0.8969 -0
    outer loop
      vertex 23.925 -2.05144 3
      vertex 23.661 -1.92127 0
      vertex 23.925 -2.05144 0
    endloop
  endfacet
  facet normal 0.980732 0.195358 0
    outer loop
      vertex 20.6267 -4.58234 3
      vertex 20.5692 -4.29368 0
      vertex 20.5692 -4.29368 3
    endloop
  endfacet
  facet normal 0.980732 0.195358 0
    outer loop
      vertex 20.5692 -4.29368 0
      vertex 20.6267 -4.58234 3
      vertex 20.6267 -4.58234 0
    endloop
  endfacet
  facet normal 0.751936 -0.659236 0
    outer loop
      vertex 21.015 -2.63029 3
      vertex 21.209 -2.40901 0
      vertex 21.209 -2.40901 3
    endloop
  endfacet
  facet normal 0.751936 -0.659236 0
    outer loop
      vertex 21.209 -2.40901 0
      vertex 21.015 -2.63029 3
      vertex 21.015 -2.63029 0
    endloop
  endfacet
  facet normal 0.442233 0.8969 -0
    outer loop
      vertex 21.939 -6.07873 0
      vertex 21.675 -5.94856 3
      vertex 21.939 -6.07873 3
    endloop
  endfacet
  facet normal 0.442233 0.8969 0
    outer loop
      vertex 21.675 -5.94856 3
      vertex 21.939 -6.07873 0
      vertex 21.675 -5.94856 0
    endloop
  endfacet
  facet normal 0.751936 0.659236 0
    outer loop
      vertex 21.209 -5.59099 3
      vertex 21.015 -5.36971 0
      vertex 21.015 -5.36971 3
    endloop
  endfacet
  facet normal 0.751936 0.659236 0
    outer loop
      vertex 21.015 -5.36971 0
      vertex 21.209 -5.59099 3
      vertex 21.209 -5.59099 0
    endloop
  endfacet
  facet normal -0.321421 0.946936 0
    outer loop
      vertex 23.661 -6.07873 0
      vertex 23.3823 -6.17333 3
      vertex 23.661 -6.07873 3
    endloop
  endfacet
  facet normal -0.321421 0.946936 0
    outer loop
      vertex 23.3823 -6.17333 3
      vertex 23.661 -6.07873 0
      vertex 23.3823 -6.17333 0
    endloop
  endfacet
  facet normal -0.980732 0.195358 0
    outer loop
      vertex 24.9733 -4.58234 0
      vertex 25.0308 -4.29368 3
      vertex 25.0308 -4.29368 0
    endloop
  endfacet
  facet normal -0.980732 0.195358 0
    outer loop
      vertex 25.0308 -4.29368 3
      vertex 24.9733 -4.58234 0
      vertex 24.9733 -4.58234 3
    endloop
  endfacet
  facet normal 0.831328 0.555782 0
    outer loop
      vertex 21.015 -5.36971 3
      vertex 20.8514 -5.125 0
      vertex 20.8514 -5.125 3
    endloop
  endfacet
  facet normal 0.831328 0.555782 0
    outer loop
      vertex 20.8514 -5.125 0
      vertex 21.015 -5.36971 3
      vertex 21.015 -5.36971 0
    endloop
  endfacet
  facet normal 0.0654027 -0.997859 0
    outer loop
      vertex 22.5063 -1.76925 0
      vertex 22.8 -1.75 3
      vertex 22.5063 -1.76925 3
    endloop
  endfacet
  facet normal 0.0654027 -0.997859 0
    outer loop
      vertex 22.8 -1.75 3
      vertex 22.5063 -1.76925 0
      vertex 22.8 -1.75 0
    endloop
  endfacet
  facet normal 0.946936 0.321421 0
    outer loop
      vertex 20.7213 -4.86104 3
      vertex 20.6267 -4.58234 0
      vertex 20.6267 -4.58234 3
    endloop
  endfacet
  facet normal 0.946936 0.321421 0
    outer loop
      vertex 20.6267 -4.58234 0
      vertex 20.7213 -4.86104 3
      vertex 20.7213 -4.86104 0
    endloop
  endfacet
  facet normal 0.659317 0.751865 -0
    outer loop
      vertex 21.4303 -5.78505 0
      vertex 21.209 -5.59099 3
      vertex 21.4303 -5.78505 3
    endloop
  endfacet
  facet normal 0.659317 0.751865 0
    outer loop
      vertex 21.209 -5.59099 3
      vertex 21.4303 -5.78505 0
      vertex 21.209 -5.59099 0
    endloop
  endfacet
  facet normal -0.555609 -0.831443 0
    outer loop
      vertex 23.925 -2.05144 0
      vertex 24.1697 -2.21496 3
      vertex 23.925 -2.05144 3
    endloop
  endfacet
  facet normal -0.555609 -0.831443 -0
    outer loop
      vertex 24.1697 -2.21496 3
      vertex 23.925 -2.05144 0
      vertex 24.1697 -2.21496 0
    endloop
  endfacet
  facet normal -0.946936 0.321421 0
    outer loop
      vertex 24.8787 -4.86104 0
      vertex 24.9733 -4.58234 3
      vertex 24.9733 -4.58234 0
    endloop
  endfacet
  facet normal -0.946936 0.321421 0
    outer loop
      vertex 24.9733 -4.58234 3
      vertex 24.8787 -4.86104 0
      vertex 24.8787 -4.86104 3
    endloop
  endfacet
  facet normal -0.442233 0.8969 0
    outer loop
      vertex 23.925 -5.94856 0
      vertex 23.661 -6.07873 3
      vertex 23.925 -5.94856 3
    endloop
  endfacet
  facet normal -0.442233 0.8969 0
    outer loop
      vertex 23.661 -6.07873 3
      vertex 23.925 -5.94856 0
      vertex 23.661 -6.07873 0
    endloop
  endfacet
  facet normal 0.980732 -0.195358 0
    outer loop
      vertex 20.5692 -3.70632 3
      vertex 20.6267 -3.41766 0
      vertex 20.6267 -3.41766 3
    endloop
  endfacet
  facet normal 0.980732 -0.195358 0
    outer loop
      vertex 20.6267 -3.41766 0
      vertex 20.5692 -3.70632 3
      vertex 20.5692 -3.70632 0
    endloop
  endfacet
  facet normal -0.195136 0.980776 0
    outer loop
      vertex 23.3823 -6.17333 0
      vertex 23.0937 -6.23075 3
      vertex 23.3823 -6.17333 3
    endloop
  endfacet
  facet normal -0.195136 0.980776 0
    outer loop
      vertex 23.0937 -6.23075 3
      vertex 23.3823 -6.17333 0
      vertex 23.0937 -6.23075 0
    endloop
  endfacet
  facet normal 0.946936 -0.321421 0
    outer loop
      vertex 20.6267 -3.41766 3
      vertex 20.7213 -3.13896 0
      vertex 20.7213 -3.13896 3
    endloop
  endfacet
  facet normal 0.946936 -0.321421 0
    outer loop
      vertex 20.7213 -3.13896 0
      vertex 20.6267 -3.41766 3
      vertex 20.6267 -3.41766 0
    endloop
  endfacet
  facet normal 0.0654027 0.997859 -0
    outer loop
      vertex 22.8 -6.25 0
      vertex 22.5063 -6.23075 3
      vertex 22.8 -6.25 3
    endloop
  endfacet
  facet normal 0.0654027 0.997859 0
    outer loop
      vertex 22.5063 -6.23075 3
      vertex 22.8 -6.25 0
      vertex 22.5063 -6.23075 0
    endloop
  endfacet
  facet normal -0.831328 -0.555782 0
    outer loop
      vertex 24.7486 -2.875 0
      vertex 24.585 -2.63029 3
      vertex 24.585 -2.63029 0
    endloop
  endfacet
  facet normal -0.831328 -0.555782 0
    outer loop
      vertex 24.585 -2.63029 3
      vertex 24.7486 -2.875 0
      vertex 24.7486 -2.875 3
    endloop
  endfacet
  facet normal -0.321421 -0.946936 0
    outer loop
      vertex 23.3823 -1.82667 0
      vertex 23.661 -1.92127 3
      vertex 23.3823 -1.82667 3
    endloop
  endfacet
  facet normal -0.321421 -0.946936 -0
    outer loop
      vertex 23.661 -1.92127 3
      vertex 23.3823 -1.82667 0
      vertex 23.661 -1.92127 0
    endloop
  endfacet
  facet normal 0.195136 -0.980776 0
    outer loop
      vertex 22.2177 -1.82667 0
      vertex 22.5063 -1.76925 3
      vertex 22.2177 -1.82667 3
    endloop
  endfacet
  facet normal 0.195136 -0.980776 0
    outer loop
      vertex 22.5063 -1.76925 3
      vertex 22.2177 -1.82667 0
      vertex 22.5063 -1.76925 0
    endloop
  endfacet
  facet normal -0.751936 -0.659236 0
    outer loop
      vertex 24.585 -2.63029 0
      vertex 24.391 -2.40901 3
      vertex 24.391 -2.40901 0
    endloop
  endfacet
  facet normal -0.751936 -0.659236 0
    outer loop
      vertex 24.391 -2.40901 3
      vertex 24.585 -2.63029 0
      vertex 24.585 -2.63029 3
    endloop
  endfacet
  facet normal -0.99787 0.065238 0
    outer loop
      vertex 25.0308 -4.29368 0
      vertex 25.05 -4 3
      vertex 25.05 -4 0
    endloop
  endfacet
  facet normal -0.99787 0.065238 0
    outer loop
      vertex 25.05 -4 3
      vertex 25.0308 -4.29368 0
      vertex 25.0308 -4.29368 3
    endloop
  endfacet
  facet normal -0.659298 -0.751882 0
    outer loop
      vertex 24.1697 -2.21496 0
      vertex 24.391 -2.40901 3
      vertex 24.1697 -2.21496 3
    endloop
  endfacet
  facet normal -0.659298 -0.751882 -0
    outer loop
      vertex 24.391 -2.40901 3
      vertex 24.1697 -2.21496 0
      vertex 24.391 -2.40901 0
    endloop
  endfacet
  facet normal -0.896968 0.442096 0
    outer loop
      vertex 24.7486 -5.125 0
      vertex 24.8787 -4.86104 3
      vertex 24.8787 -4.86104 0
    endloop
  endfacet
  facet normal -0.896968 0.442096 0
    outer loop
      vertex 24.8787 -4.86104 3
      vertex 24.7486 -5.125 0
      vertex 24.7486 -5.125 3
    endloop
  endfacet
  facet normal -0.555586 0.831459 0
    outer loop
      vertex 24.1697 -5.78505 0
      vertex 23.925 -5.94856 3
      vertex 24.1697 -5.78505 3
    endloop
  endfacet
  facet normal -0.555586 0.831459 0
    outer loop
      vertex 23.925 -5.94856 3
      vertex 24.1697 -5.78505 0
      vertex 23.925 -5.94856 0
    endloop
  endfacet
  facet normal 0.555586 0.831459 -0
    outer loop
      vertex 21.675 -5.94856 0
      vertex 21.4303 -5.78505 3
      vertex 21.675 -5.94856 3
    endloop
  endfacet
  facet normal 0.555586 0.831459 0
    outer loop
      vertex 21.4303 -5.78505 3
      vertex 21.675 -5.94856 0
      vertex 21.4303 -5.78505 0
    endloop
  endfacet
  facet normal 0.442233 -0.8969 0
    outer loop
      vertex 21.675 -2.05144 0
      vertex 21.939 -1.92127 3
      vertex 21.675 -2.05144 3
    endloop
  endfacet
  facet normal 0.442233 -0.8969 0
    outer loop
      vertex 21.939 -1.92127 3
      vertex 21.675 -2.05144 0
      vertex 21.939 -1.92127 0
    endloop
  endfacet
  facet normal 0.831328 -0.555782 0
    outer loop
      vertex 20.8514 -2.875 3
      vertex 21.015 -2.63029 0
      vertex 21.015 -2.63029 3
    endloop
  endfacet
  facet normal 0.831328 -0.555782 0
    outer loop
      vertex 21.015 -2.63029 0
      vertex 20.8514 -2.875 3
      vertex 20.8514 -2.875 0
    endloop
  endfacet
  facet normal 0.896968 -0.442096 0
    outer loop
      vertex 20.7213 -3.13896 3
      vertex 20.8514 -2.875 0
      vertex 20.8514 -2.875 3
    endloop
  endfacet
  facet normal 0.896968 -0.442096 0
    outer loop
      vertex 20.8514 -2.875 0
      vertex 20.7213 -3.13896 3
      vertex 20.7213 -3.13896 0
    endloop
  endfacet
  facet normal 0.896968 0.442096 0
    outer loop
      vertex 20.8514 -5.125 3
      vertex 20.7213 -4.86104 0
      vertex 20.7213 -4.86104 3
    endloop
  endfacet
  facet normal 0.896968 0.442096 0
    outer loop
      vertex 20.7213 -4.86104 0
      vertex 20.8514 -5.125 3
      vertex 20.8514 -5.125 0
    endloop
  endfacet
  facet normal -0.751936 0.659236 0
    outer loop
      vertex 24.391 -5.59099 0
      vertex 24.585 -5.36971 3
      vertex 24.585 -5.36971 0
    endloop
  endfacet
  facet normal -0.751936 0.659236 0
    outer loop
      vertex 24.585 -5.36971 3
      vertex 24.391 -5.59099 0
      vertex 24.391 -5.59099 3
    endloop
  endfacet
  facet normal -0.0654027 0.997859 0
    outer loop
      vertex 23.0937 -6.23075 0
      vertex 22.8 -6.25 3
      vertex 23.0937 -6.23075 3
    endloop
  endfacet
  facet normal -0.0654027 0.997859 0
    outer loop
      vertex 22.8 -6.25 3
      vertex 23.0937 -6.23075 0
      vertex 22.8 -6.25 0
    endloop
  endfacet
  facet normal 0.195136 0.980776 -0
    outer loop
      vertex 22.5063 -6.23075 0
      vertex 22.2177 -6.17333 3
      vertex 22.5063 -6.23075 3
    endloop
  endfacet
  facet normal 0.195136 0.980776 0
    outer loop
      vertex 22.2177 -6.17333 3
      vertex 22.5063 -6.23075 0
      vertex 22.2177 -6.17333 0
    endloop
  endfacet
  facet normal -0.831328 0.555782 0
    outer loop
      vertex 24.585 -5.36971 0
      vertex 24.7486 -5.125 3
      vertex 24.7486 -5.125 0
    endloop
  endfacet
  facet normal -0.831328 0.555782 0
    outer loop
      vertex 24.7486 -5.125 3
      vertex 24.585 -5.36971 0
      vertex 24.585 -5.36971 3
    endloop
  endfacet
  facet normal -0.0654027 -0.997859 0
    outer loop
      vertex 22.8 -1.75 0
      vertex 23.0937 -1.76925 3
      vertex 22.8 -1.75 3
    endloop
  endfacet
  facet normal -0.0654027 -0.997859 -0
    outer loop
      vertex 23.0937 -1.76925 3
      vertex 22.8 -1.75 0
      vertex 23.0937 -1.76925 0
    endloop
  endfacet
  facet normal -0.195136 -0.980776 0
    outer loop
      vertex 23.0937 -1.76925 0
      vertex 23.3823 -1.82667 3
      vertex 23.0937 -1.76925 3
    endloop
  endfacet
  facet normal -0.195136 -0.980776 -0
    outer loop
      vertex 23.3823 -1.82667 3
      vertex 23.0937 -1.76925 0
      vertex 23.3823 -1.82667 0
    endloop
  endfacet
  facet normal 0.99787 0.065238 0
    outer loop
      vertex 20.5692 -4.29368 3
      vertex 20.55 -4 0
      vertex 20.55 -4 3
    endloop
  endfacet
  facet normal 0.99787 0.065238 0
    outer loop
      vertex 20.55 -4 0
      vertex 20.5692 -4.29368 3
      vertex 20.5692 -4.29368 0
    endloop
  endfacet
  facet normal 0.99787 -0.065238 0
    outer loop
      vertex 20.55 -4 3
      vertex 20.5692 -3.70632 0
      vertex 20.5692 -3.70632 3
    endloop
  endfacet
  facet normal 0.99787 -0.065238 0
    outer loop
      vertex 20.5692 -3.70632 0
      vertex 20.55 -4 3
      vertex 20.55 -4 0
    endloop
  endfacet
  facet normal 0.659298 -0.751882 0
    outer loop
      vertex 21.209 -2.40901 0
      vertex 21.4303 -2.21496 3
      vertex 21.209 -2.40901 3
    endloop
  endfacet
  facet normal 0.659298 -0.751882 0
    outer loop
      vertex 21.4303 -2.21496 3
      vertex 21.209 -2.40901 0
      vertex 21.4303 -2.21496 0
    endloop
  endfacet
  facet normal -1 0 0
    outer loop
      vertex 15.8 68 0
      vertex 15.8 76 3
      vertex 15.8 76 0
    endloop
  endfacet
  facet normal -1 -0 0
    outer loop
      vertex 15.8 76 3
      vertex 15.8 68 0
      vertex 15.8 68 3
    endloop
  endfacet
  facet normal 0 0 1
    outer loop
      vertex 29.8 76 3
      vertex 25.05 72 3
      vertex 29.8 68 3
    endloop
  endfacet
  facet normal 0 0 1
    outer loop
      vertex 29.8 76 3
      vertex 25.0308 72.2937 3
      vertex 25.05 72 3
    endloop
  endfacet
  facet normal 0 0 1
    outer loop
      vertex 29.8 76 3
      vertex 24.9733 72.5823 3
      vertex 25.0308 72.2937 3
    endloop
  endfacet
  facet normal 0 0 1
    outer loop
      vertex 29.8 76 3
      vertex 24.8787 72.861 3
      vertex 24.9733 72.5823 3
    endloop
  endfacet
  facet normal 0 0 1
    outer loop
      vertex 29.8 76 3
      vertex 24.7486 73.125 3
      vertex 24.8787 72.861 3
    endloop
  endfacet
  facet normal 0 0 1
    outer loop
      vertex 29.8 76 3
      vertex 24.585 73.3697 3
      vertex 24.7486 73.125 3
    endloop
  endfacet
  facet normal 0 0 1
    outer loop
      vertex 29.8 76 3
      vertex 24.391 73.591 3
      vertex 24.585 73.3697 3
    endloop
  endfacet
  facet normal 0 0 1
    outer loop
      vertex 29.8 76 3
      vertex 24.1697 73.785 3
      vertex 24.391 73.591 3
    endloop
  endfacet
  facet normal 0 0 1
    outer loop
      vertex 29.8 76 3
      vertex 23.925 73.9486 3
      vertex 24.1697 73.785 3
    endloop
  endfacet
  facet normal 0 0 1
    outer loop
      vertex 29.8 76 3
      vertex 23.661 74.0787 3
      vertex 23.925 73.9486 3
    endloop
  endfacet
  facet normal 0 0 1
    outer loop
      vertex 29.8 76 3
      vertex 23.3823 74.1733 3
      vertex 23.661 74.0787 3
    endloop
  endfacet
  facet normal 0 0 1
    outer loop
      vertex 29.8 76 3
      vertex 23.0937 74.2308 3
      vertex 23.3823 74.1733 3
    endloop
  endfacet
  facet normal 0 0 1
    outer loop
      vertex 29.8 76 3
      vertex 22.8 74.25 3
      vertex 23.0937 74.2308 3
    endloop
  endfacet
  facet normal -0 0 1
    outer loop
      vertex 15.8 76 3
      vertex 22.8 74.25 3
      vertex 29.8 76 3
    endloop
  endfacet
  facet normal 0 0 1
    outer loop
      vertex 22.8 74.25 3
      vertex 15.8 76 3
      vertex 22.5063 74.2308 3
    endloop
  endfacet
  facet normal 0 0 1
    outer loop
      vertex 20.5692 72.2937 3
      vertex 15.8 76 3
      vertex 20.55 72 3
    endloop
  endfacet
  facet normal 0 0 1
    outer loop
      vertex 20.6267 72.5823 3
      vertex 15.8 76 3
      vertex 20.5692 72.2937 3
    endloop
  endfacet
  facet normal 0 0 1
    outer loop
      vertex 20.7213 72.861 3
      vertex 15.8 76 3
      vertex 20.6267 72.5823 3
    endloop
  endfacet
  facet normal 0 0 1
    outer loop
      vertex 20.8514 73.125 3
      vertex 15.8 76 3
      vertex 20.7213 72.861 3
    endloop
  endfacet
  facet normal 0 0 1
    outer loop
      vertex 21.015 73.3697 3
      vertex 15.8 76 3
      vertex 20.8514 73.125 3
    endloop
  endfacet
  facet normal 0 0 1
    outer loop
      vertex 21.209 73.591 3
      vertex 15.8 76 3
      vertex 21.015 73.3697 3
    endloop
  endfacet
  facet normal 0 0 1
    outer loop
      vertex 21.4303 73.785 3
      vertex 15.8 76 3
      vertex 21.209 73.591 3
    endloop
  endfacet
  facet normal 0 0 1
    outer loop
      vertex 21.675 73.9486 3
      vertex 15.8 76 3
      vertex 21.4303 73.785 3
    endloop
  endfacet
  facet normal 0 0 1
    outer loop
      vertex 21.939 74.0787 3
      vertex 15.8 76 3
      vertex 21.675 73.9486 3
    endloop
  endfacet
  facet normal 0 0 1
    outer loop
      vertex 22.2177 74.1733 3
      vertex 15.8 76 3
      vertex 21.939 74.0787 3
    endloop
  endfacet
  facet normal 0 0 1
    outer loop
      vertex 22.5063 74.2308 3
      vertex 15.8 76 3
      vertex 22.2177 74.1733 3
    endloop
  endfacet
  facet normal -0 0 1
    outer loop
      vertex 25.0308 71.7063 3
      vertex 29.8 68 3
      vertex 25.05 72 3
    endloop
  endfacet
  facet normal -0 0 1
    outer loop
      vertex 24.9733 71.4177 3
      vertex 29.8 68 3
      vertex 25.0308 71.7063 3
    endloop
  endfacet
  facet normal -0 0 1
    outer loop
      vertex 24.8787 71.139 3
      vertex 29.8 68 3
      vertex 24.9733 71.4177 3
    endloop
  endfacet
  facet normal -0 0 1
    outer loop
      vertex 24.7486 70.875 3
      vertex 29.8 68 3
      vertex 24.8787 71.139 3
    endloop
  endfacet
  facet normal -0 0 1
    outer loop
      vertex 24.585 70.6303 3
      vertex 29.8 68 3
      vertex 24.7486 70.875 3
    endloop
  endfacet
  facet normal -0 0 1
    outer loop
      vertex 24.391 70.409 3
      vertex 29.8 68 3
      vertex 24.585 70.6303 3
    endloop
  endfacet
  facet normal -0 0 1
    outer loop
      vertex 24.1697 70.215 3
      vertex 29.8 68 3
      vertex 24.391 70.409 3
    endloop
  endfacet
  facet normal -0 0 1
    outer loop
      vertex 23.925 70.0514 3
      vertex 29.8 68 3
      vertex 24.1697 70.215 3
    endloop
  endfacet
  facet normal -0 0 1
    outer loop
      vertex 23.661 69.9213 3
      vertex 29.8 68 3
      vertex 23.925 70.0514 3
    endloop
  endfacet
  facet normal -0 0 1
    outer loop
      vertex 23.3823 69.8267 3
      vertex 29.8 68 3
      vertex 23.661 69.9213 3
    endloop
  endfacet
  facet normal -0 0 1
    outer loop
      vertex 23.0937 69.7692 3
      vertex 29.8 68 3
      vertex 23.3823 69.8267 3
    endloop
  endfacet
  facet normal -0 0 1
    outer loop
      vertex 22.8 69.75 3
      vertex 29.8 68 3
      vertex 23.0937 69.7692 3
    endloop
  endfacet
  facet normal 0 0 1
    outer loop
      vertex 15.8 68 3
      vertex 22.8 69.75 3
      vertex 22.5063 69.7692 3
    endloop
  endfacet
  facet normal 0 0 1
    outer loop
      vertex 15.8 68 3
      vertex 22.5063 69.7692 3
      vertex 22.2177 69.8267 3
    endloop
  endfacet
  facet normal 0 0 1
    outer loop
      vertex 15.8 68 3
      vertex 20.55 72 3
      vertex 15.8 76 3
    endloop
  endfacet
  facet normal 0 0 1
    outer loop
      vertex 20.55 72 3
      vertex 15.8 68 3
      vertex 20.5692 71.7063 3
    endloop
  endfacet
  facet normal 0 0 1
    outer loop
      vertex 20.5692 71.7063 3
      vertex 15.8 68 3
      vertex 20.6267 71.4177 3
    endloop
  endfacet
  facet normal 0 0 1
    outer loop
      vertex 20.6267 71.4177 3
      vertex 15.8 68 3
      vertex 20.7213 71.139 3
    endloop
  endfacet
  facet normal 0 0 1
    outer loop
      vertex 20.7213 71.139 3
      vertex 15.8 68 3
      vertex 20.8514 70.875 3
    endloop
  endfacet
  facet normal 0 0 1
    outer loop
      vertex 20.8514 70.875 3
      vertex 15.8 68 3
      vertex 21.015 70.6303 3
    endloop
  endfacet
  facet normal 0 0 1
    outer loop
      vertex 22.8 69.75 3
      vertex 15.8 68 3
      vertex 29.8 68 3
    endloop
  endfacet
  facet normal 0 0 1
    outer loop
      vertex 21.939 69.9213 3
      vertex 15.8 68 3
      vertex 22.2177 69.8267 3
    endloop
  endfacet
  facet normal 0 0 1
    outer loop
      vertex 21.675 70.0514 3
      vertex 15.8 68 3
      vertex 21.939 69.9213 3
    endloop
  endfacet
  facet normal 0 0 1
    outer loop
      vertex 21.4303 70.215 3
      vertex 15.8 68 3
      vertex 21.675 70.0514 3
    endloop
  endfacet
  facet normal 0 0 1
    outer loop
      vertex 21.209 70.409 3
      vertex 15.8 68 3
      vertex 21.4303 70.215 3
    endloop
  endfacet
  facet normal 0 0 1
    outer loop
      vertex 21.015 70.6303 3
      vertex 15.8 68 3
      vertex 21.209 70.409 3
    endloop
  endfacet
  facet normal 0 1 -0
    outer loop
      vertex 29.8 76 0
      vertex 15.8 76 3
      vertex 29.8 76 3
    endloop
  endfacet
  facet normal 0 1 0
    outer loop
      vertex 15.8 76 3
      vertex 29.8 76 0
      vertex 15.8 76 0
    endloop
  endfacet
  facet normal 1 -0 0
    outer loop
      vertex 29.8 68 3
      vertex 29.8 76 0
      vertex 29.8 76 3
    endloop
  endfacet
  facet normal 1 0 0
    outer loop
      vertex 29.8 76 0
      vertex 29.8 68 3
      vertex 29.8 68 0
    endloop
  endfacet
  facet normal -0.980724 -0.195397 0
    outer loop
      vertex 25.0308 72.2937 0
      vertex 24.9733 72.5823 3
      vertex 24.9733 72.5823 0
    endloop
  endfacet
  facet normal -0.980724 -0.195397 0
    outer loop
      vertex 24.9733 72.5823 3
      vertex 25.0308 72.2937 0
      vertex 25.0308 72.2937 3
    endloop
  endfacet
  facet normal -0.99787 -0.0652336 0
    outer loop
      vertex 25.05 72 0
      vertex 25.0308 72.2937 3
      vertex 25.0308 72.2937 0
    endloop
  endfacet
  facet normal -0.99787 -0.0652336 0
    outer loop
      vertex 25.0308 72.2937 3
      vertex 25.05 72 0
      vertex 25.05 72 3
    endloop
  endfacet
  facet normal -0.946936 -0.321421 0
    outer loop
      vertex 24.9733 72.5823 0
      vertex 24.8787 72.861 3
      vertex 24.8787 72.861 0
    endloop
  endfacet
  facet normal -0.946936 -0.321421 0
    outer loop
      vertex 24.8787 72.861 3
      vertex 24.9733 72.5823 0
      vertex 24.9733 72.5823 3
    endloop
  endfacet
  facet normal 0.555797 -0.831318 0
    outer loop
      vertex 21.4303 73.785 0
      vertex 21.675 73.9486 3
      vertex 21.4303 73.785 3
    endloop
  endfacet
  facet normal 0.555797 -0.831318 0
    outer loop
      vertex 21.675 73.9486 3
      vertex 21.4303 73.785 0
      vertex 21.675 73.9486 0
    endloop
  endfacet
  facet normal 0.321421 -0.946936 0
    outer loop
      vertex 21.939 74.0787 0
      vertex 22.2177 74.1733 3
      vertex 21.939 74.0787 3
    endloop
  endfacet
  facet normal 0.321421 -0.946936 0
    outer loop
      vertex 22.2177 74.1733 3
      vertex 21.939 74.0787 0
      vertex 22.2177 74.1733 0
    endloop
  endfacet
  facet normal -0.659202 0.751966 0
    outer loop
      vertex 24.391 70.409 0
      vertex 24.1697 70.215 3
      vertex 24.391 70.409 3
    endloop
  endfacet
  facet normal -0.659202 0.751966 0
    outer loop
      vertex 24.1697 70.215 3
      vertex 24.391 70.409 0
      vertex 24.1697 70.215 0
    endloop
  endfacet
  facet normal 0.321421 0.946936 -0
    outer loop
      vertex 22.2177 69.8267 0
      vertex 21.939 69.9213 3
      vertex 22.2177 69.8267 3
    endloop
  endfacet
  facet normal 0.321421 0.946936 0
    outer loop
      vertex 21.939 69.9213 3
      vertex 22.2177 69.8267 0
      vertex 21.939 69.9213 0
    endloop
  endfacet
  facet normal -0.896995 -0.442042 0
    outer loop
      vertex 24.8787 72.861 0
      vertex 24.7486 73.125 3
      vertex 24.7486 73.125 0
    endloop
  endfacet
  facet normal -0.896995 -0.442042 0
    outer loop
      vertex 24.7486 73.125 3
      vertex 24.8787 72.861 0
      vertex 24.8787 72.861 3
    endloop
  endfacet
  facet normal -0.442042 -0.896995 0
    outer loop
      vertex 23.661 74.0787 0
      vertex 23.925 73.9486 3
      vertex 23.661 74.0787 3
    endloop
  endfacet
  facet normal -0.442042 -0.896995 -0
    outer loop
      vertex 23.925 73.9486 3
      vertex 23.661 74.0787 0
      vertex 23.925 73.9486 0
    endloop
  endfacet
  facet normal 0.980724 0.195397 0
    outer loop
      vertex 20.6267 71.4177 3
      vertex 20.5692 71.7063 0
      vertex 20.5692 71.7063 3
    endloop
  endfacet
  facet normal 0.980724 0.195397 0
    outer loop
      vertex 20.5692 71.7063 0
      vertex 20.6267 71.4177 3
      vertex 20.6267 71.4177 0
    endloop
  endfacet
  facet normal 0.751966 -0.659202 0
    outer loop
      vertex 21.015 73.3697 3
      vertex 21.209 73.591 0
      vertex 21.209 73.591 3
    endloop
  endfacet
  facet normal 0.751966 -0.659202 0
    outer loop
      vertex 21.209 73.591 0
      vertex 21.015 73.3697 3
      vertex 21.015 73.3697 0
    endloop
  endfacet
  facet normal 0.442042 0.896995 -0
    outer loop
      vertex 21.939 69.9213 0
      vertex 21.675 70.0514 3
      vertex 21.939 69.9213 3
    endloop
  endfacet
  facet normal 0.442042 0.896995 0
    outer loop
      vertex 21.675 70.0514 3
      vertex 21.939 69.9213 0
      vertex 21.675 70.0514 0
    endloop
  endfacet
  facet normal 0.751966 0.659202 0
    outer loop
      vertex 21.209 70.409 3
      vertex 21.015 70.6303 0
      vertex 21.015 70.6303 3
    endloop
  endfacet
  facet normal 0.751966 0.659202 0
    outer loop
      vertex 21.015 70.6303 0
      vertex 21.209 70.409 3
      vertex 21.209 70.409 0
    endloop
  endfacet
  facet normal -0.321421 0.946936 0
    outer loop
      vertex 23.661 69.9213 0
      vertex 23.3823 69.8267 3
      vertex 23.661 69.9213 3
    endloop
  endfacet
  facet normal -0.321421 0.946936 0
    outer loop
      vertex 23.3823 69.8267 3
      vertex 23.661 69.9213 0
      vertex 23.3823 69.8267 0
    endloop
  endfacet
  facet normal -0.980724 0.195397 0
    outer loop
      vertex 24.9733 71.4177 0
      vertex 25.0308 71.7063 3
      vertex 25.0308 71.7063 0
    endloop
  endfacet
  facet normal -0.980724 0.195397 0
    outer loop
      vertex 25.0308 71.7063 3
      vertex 24.9733 71.4177 0
      vertex 24.9733 71.4177 3
    endloop
  endfacet
  facet normal 0.831318 0.555797 0
    outer loop
      vertex 21.015 70.6303 3
      vertex 20.8514 70.875 0
      vertex 20.8514 70.875 3
    endloop
  endfacet
  facet normal 0.831318 0.555797 0
    outer loop
      vertex 20.8514 70.875 0
      vertex 21.015 70.6303 3
      vertex 21.015 70.6303 0
    endloop
  endfacet
  facet normal 0.0652336 -0.99787 0
    outer loop
      vertex 22.5063 74.2308 0
      vertex 22.8 74.25 3
      vertex 22.5063 74.2308 3
    endloop
  endfacet
  facet normal 0.0652336 -0.99787 0
    outer loop
      vertex 22.8 74.25 3
      vertex 22.5063 74.2308 0
      vertex 22.8 74.25 0
    endloop
  endfacet
  facet normal 0.946936 0.321421 0
    outer loop
      vertex 20.7213 71.139 3
      vertex 20.6267 71.4177 0
      vertex 20.6267 71.4177 3
    endloop
  endfacet
  facet normal 0.946936 0.321421 0
    outer loop
      vertex 20.6267 71.4177 0
      vertex 20.7213 71.139 3
      vertex 20.7213 71.139 0
    endloop
  endfacet
  facet normal 0.659202 0.751966 -0
    outer loop
      vertex 21.4303 70.215 0
      vertex 21.209 70.409 3
      vertex 21.4303 70.215 3
    endloop
  endfacet
  facet normal 0.659202 0.751966 0
    outer loop
      vertex 21.209 70.409 3
      vertex 21.4303 70.215 0
      vertex 21.209 70.409 0
    endloop
  endfacet
  facet normal -0.555797 -0.831318 0
    outer loop
      vertex 23.925 73.9486 0
      vertex 24.1697 73.785 3
      vertex 23.925 73.9486 3
    endloop
  endfacet
  facet normal -0.555797 -0.831318 -0
    outer loop
      vertex 24.1697 73.785 3
      vertex 23.925 73.9486 0
      vertex 24.1697 73.785 0
    endloop
  endfacet
  facet normal -0.946936 0.321421 0
    outer loop
      vertex 24.8787 71.139 0
      vertex 24.9733 71.4177 3
      vertex 24.9733 71.4177 0
    endloop
  endfacet
  facet normal -0.946936 0.321421 0
    outer loop
      vertex 24.9733 71.4177 3
      vertex 24.8787 71.139 0
      vertex 24.8787 71.139 3
    endloop
  endfacet
  facet normal -0.442042 0.896995 0
    outer loop
      vertex 23.925 70.0514 0
      vertex 23.661 69.9213 3
      vertex 23.925 70.0514 3
    endloop
  endfacet
  facet normal -0.442042 0.896995 0
    outer loop
      vertex 23.661 69.9213 3
      vertex 23.925 70.0514 0
      vertex 23.661 69.9213 0
    endloop
  endfacet
  facet normal 0.980724 -0.195397 0
    outer loop
      vertex 20.5692 72.2937 3
      vertex 20.6267 72.5823 0
      vertex 20.6267 72.5823 3
    endloop
  endfacet
  facet normal 0.980724 -0.195397 0
    outer loop
      vertex 20.6267 72.5823 0
      vertex 20.5692 72.2937 3
      vertex 20.5692 72.2937 0
    endloop
  endfacet
  facet normal -0.195397 0.980724 0
    outer loop
      vertex 23.3823 69.8267 0
      vertex 23.0937 69.7692 3
      vertex 23.3823 69.8267 3
    endloop
  endfacet
  facet normal -0.195397 0.980724 0
    outer loop
      vertex 23.0937 69.7692 3
      vertex 23.3823 69.8267 0
      vertex 23.0937 69.7692 0
    endloop
  endfacet
  facet normal 0.946936 -0.321421 0
    outer loop
      vertex 20.6267 72.5823 3
      vertex 20.7213 72.861 0
      vertex 20.7213 72.861 3
    endloop
  endfacet
  facet normal 0.946936 -0.321421 0
    outer loop
      vertex 20.7213 72.861 0
      vertex 20.6267 72.5823 3
      vertex 20.6267 72.5823 0
    endloop
  endfacet
  facet normal 0.0652336 0.99787 -0
    outer loop
      vertex 22.8 69.75 0
      vertex 22.5063 69.7692 3
      vertex 22.8 69.75 3
    endloop
  endfacet
  facet normal 0.0652336 0.99787 0
    outer loop
      vertex 22.5063 69.7692 3
      vertex 22.8 69.75 0
      vertex 22.5063 69.7692 0
    endloop
  endfacet
  facet normal -0.831318 -0.555797 0
    outer loop
      vertex 24.7486 73.125 0
      vertex 24.585 73.3697 3
      vertex 24.585 73.3697 0
    endloop
  endfacet
  facet normal -0.831318 -0.555797 0
    outer loop
      vertex 24.585 73.3697 3
      vertex 24.7486 73.125 0
      vertex 24.7486 73.125 3
    endloop
  endfacet
  facet normal -0.321421 -0.946936 0
    outer loop
      vertex 23.3823 74.1733 0
      vertex 23.661 74.0787 3
      vertex 23.3823 74.1733 3
    endloop
  endfacet
  facet normal -0.321421 -0.946936 -0
    outer loop
      vertex 23.661 74.0787 3
      vertex 23.3823 74.1733 0
      vertex 23.661 74.0787 0
    endloop
  endfacet
  facet normal 0.195397 -0.980724 0
    outer loop
      vertex 22.2177 74.1733 0
      vertex 22.5063 74.2308 3
      vertex 22.2177 74.1733 3
    endloop
  endfacet
  facet normal 0.195397 -0.980724 0
    outer loop
      vertex 22.5063 74.2308 3
      vertex 22.2177 74.1733 0
      vertex 22.5063 74.2308 0
    endloop
  endfacet
  facet normal -0.751966 -0.659202 0
    outer loop
      vertex 24.585 73.3697 0
      vertex 24.391 73.591 3
      vertex 24.391 73.591 0
    endloop
  endfacet
  facet normal -0.751966 -0.659202 0
    outer loop
      vertex 24.391 73.591 3
      vertex 24.585 73.3697 0
      vertex 24.585 73.3697 3
    endloop
  endfacet
  facet normal -0.99787 0.0652336 0
    outer loop
      vertex 25.0308 71.7063 0
      vertex 25.05 72 3
      vertex 25.05 72 0
    endloop
  endfacet
  facet normal -0.99787 0.0652336 0
    outer loop
      vertex 25.05 72 3
      vertex 25.0308 71.7063 0
      vertex 25.0308 71.7063 3
    endloop
  endfacet
  facet normal -0.659202 -0.751966 0
    outer loop
      vertex 24.1697 73.785 0
      vertex 24.391 73.591 3
      vertex 24.1697 73.785 3
    endloop
  endfacet
  facet normal -0.659202 -0.751966 -0
    outer loop
      vertex 24.391 73.591 3
      vertex 24.1697 73.785 0
      vertex 24.391 73.591 0
    endloop
  endfacet
  facet normal -0.896995 0.442042 0
    outer loop
      vertex 24.7486 70.875 0
      vertex 24.8787 71.139 3
      vertex 24.8787 71.139 0
    endloop
  endfacet
  facet normal -0.896995 0.442042 0
    outer loop
      vertex 24.8787 71.139 3
      vertex 24.7486 70.875 0
      vertex 24.7486 70.875 3
    endloop
  endfacet
  facet normal -0.555797 0.831318 0
    outer loop
      vertex 24.1697 70.215 0
      vertex 23.925 70.0514 3
      vertex 24.1697 70.215 3
    endloop
  endfacet
  facet normal -0.555797 0.831318 0
    outer loop
      vertex 23.925 70.0514 3
      vertex 24.1697 70.215 0
      vertex 23.925 70.0514 0
    endloop
  endfacet
  facet normal 0.555797 0.831318 -0
    outer loop
      vertex 21.675 70.0514 0
      vertex 21.4303 70.215 3
      vertex 21.675 70.0514 3
    endloop
  endfacet
  facet normal 0.555797 0.831318 0
    outer loop
      vertex 21.4303 70.215 3
      vertex 21.675 70.0514 0
      vertex 21.4303 70.215 0
    endloop
  endfacet
  facet normal 0.442042 -0.896995 0
    outer loop
      vertex 21.675 73.9486 0
      vertex 21.939 74.0787 3
      vertex 21.675 73.9486 3
    endloop
  endfacet
  facet normal 0.442042 -0.896995 0
    outer loop
      vertex 21.939 74.0787 3
      vertex 21.675 73.9486 0
      vertex 21.939 74.0787 0
    endloop
  endfacet
  facet normal 0.831318 -0.555797 0
    outer loop
      vertex 20.8514 73.125 3
      vertex 21.015 73.3697 0
      vertex 21.015 73.3697 3
    endloop
  endfacet
  facet normal 0.831318 -0.555797 0
    outer loop
      vertex 21.015 73.3697 0
      vertex 20.8514 73.125 3
      vertex 20.8514 73.125 0
    endloop
  endfacet
  facet normal 0.896995 -0.442042 0
    outer loop
      vertex 20.7213 72.861 3
      vertex 20.8514 73.125 0
      vertex 20.8514 73.125 3
    endloop
  endfacet
  facet normal 0.896995 -0.442042 0
    outer loop
      vertex 20.8514 73.125 0
      vertex 20.7213 72.861 3
      vertex 20.7213 72.861 0
    endloop
  endfacet
  facet normal 0.896995 0.442042 0
    outer loop
      vertex 20.8514 70.875 3
      vertex 20.7213 71.139 0
      vertex 20.7213 71.139 3
    endloop
  endfacet
  facet normal 0.896995 0.442042 0
    outer loop
      vertex 20.7213 71.139 0
      vertex 20.8514 70.875 3
      vertex 20.8514 70.875 0
    endloop
  endfacet
  facet normal -0.751966 0.659202 0
    outer loop
      vertex 24.391 70.409 0
      vertex 24.585 70.6303 3
      vertex 24.585 70.6303 0
    endloop
  endfacet
  facet normal -0.751966 0.659202 0
    outer loop
      vertex 24.585 70.6303 3
      vertex 24.391 70.409 0
      vertex 24.391 70.409 3
    endloop
  endfacet
  facet normal -0.0652336 0.99787 0
    outer loop
      vertex 23.0937 69.7692 0
      vertex 22.8 69.75 3
      vertex 23.0937 69.7692 3
    endloop
  endfacet
  facet normal -0.0652336 0.99787 0
    outer loop
      vertex 22.8 69.75 3
      vertex 23.0937 69.7692 0
      vertex 22.8 69.75 0
    endloop
  endfacet
  facet normal 0.195397 0.980724 -0
    outer loop
      vertex 22.5063 69.7692 0
      vertex 22.2177 69.8267 3
      vertex 22.5063 69.7692 3
    endloop
  endfacet
  facet normal 0.195397 0.980724 0
    outer loop
      vertex 22.2177 69.8267 3
      vertex 22.5063 69.7692 0
      vertex 22.2177 69.8267 0
    endloop
  endfacet
  facet normal -0.831318 0.555797 0
    outer loop
      vertex 24.585 70.6303 0
      vertex 24.7486 70.875 3
      vertex 24.7486 70.875 0
    endloop
  endfacet
  facet normal -0.831318 0.555797 0
    outer loop
      vertex 24.7486 70.875 3
      vertex 24.585 70.6303 0
      vertex 24.585 70.6303 3
    endloop
  endfacet
  facet normal -0.0652336 -0.99787 0
    outer loop
      vertex 22.8 74.25 0
      vertex 23.0937 74.2308 3
      vertex 22.8 74.25 3
    endloop
  endfacet
  facet normal -0.0652336 -0.99787 -0
    outer loop
      vertex 23.0937 74.2308 3
      vertex 22.8 74.25 0
      vertex 23.0937 74.2308 0
    endloop
  endfacet
  facet normal -0.195397 -0.980724 0
    outer loop
      vertex 23.0937 74.2308 0
      vertex 23.3823 74.1733 3
      vertex 23.0937 74.2308 3
    endloop
  endfacet
  facet normal -0.195397 -0.980724 -0
    outer loop
      vertex 23.3823 74.1733 3
      vertex 23.0937 74.2308 0
      vertex 23.3823 74.1733 0
    endloop
  endfacet
  facet normal 0.99787 0.0652336 0
    outer loop
      vertex 20.5692 71.7063 3
      vertex 20.55 72 0
      vertex 20.55 72 3
    endloop
  endfacet
  facet normal 0.99787 0.0652336 0
    outer loop
      vertex 20.55 72 0
      vertex 20.5692 71.7063 3
      vertex 20.5692 71.7063 0
    endloop
  endfacet
  facet normal 0.99787 -0.0652336 0
    outer loop
      vertex 20.55 72 3
      vertex 20.5692 72.2937 0
      vertex 20.5692 72.2937 3
    endloop
  endfacet
  facet normal 0.99787 -0.0652336 0
    outer loop
      vertex 20.5692 72.2937 0
      vertex 20.55 72 3
      vertex 20.55 72 0
    endloop
  endfacet
  facet normal 0.659202 -0.751966 0
    outer loop
      vertex 21.209 73.591 0
      vertex 21.4303 73.785 3
      vertex 21.209 73.591 3
    endloop
  endfacet
  facet normal 0.659202 -0.751966 0
    outer loop
      vertex 21.4303 73.785 3
      vertex 21.209 73.591 0
      vertex 21.4303 73.785 0
    endloop
  endfacet
  facet normal -1 0 0
    outer loop
      vertex 84.2 -8 0
      vertex 84.2 0 3
      vertex 84.2 0 0
    endloop
  endfacet
  facet normal -1 -0 0
    outer loop
      vertex 84.2 0 3
      vertex 84.2 -8 0
      vertex 84.2 -8 3
    endloop
  endfacet
  facet normal 0 0 1
    outer loop
      vertex 98.2 0 3
      vertex 93.45 -4 3
      vertex 98.2 -8 3
    endloop
  endfacet
  facet normal 0 0 1
    outer loop
      vertex 98.2 0 3
      vertex 93.4307 -3.70632 3
      vertex 93.45 -4 3
    endloop
  endfacet
  facet normal 0 0 1
    outer loop
      vertex 98.2 0 3
      vertex 93.3733 -3.41766 3
      vertex 93.4307 -3.70632 3
    endloop
  endfacet
  facet normal 0 0 1
    outer loop
      vertex 98.2 0 3
      vertex 93.2787 -3.13896 3
      vertex 93.3733 -3.41766 3
    endloop
  endfacet
  facet normal 0 0 1
    outer loop
      vertex 98.2 0 3
      vertex 93.1486 -2.875 3
      vertex 93.2787 -3.13896 3
    endloop
  endfacet
  facet normal 0 0 1
    outer loop
      vertex 98.2 0 3
      vertex 92.985 -2.63029 3
      vertex 93.1486 -2.875 3
    endloop
  endfacet
  facet normal 0 0 1
    outer loop
      vertex 98.2 0 3
      vertex 92.791 -2.40901 3
      vertex 92.985 -2.63029 3
    endloop
  endfacet
  facet normal 0 0 1
    outer loop
      vertex 98.2 0 3
      vertex 92.5697 -2.21496 3
      vertex 92.791 -2.40901 3
    endloop
  endfacet
  facet normal 0 0 1
    outer loop
      vertex 98.2 0 3
      vertex 92.325 -2.05144 3
      vertex 92.5697 -2.21496 3
    endloop
  endfacet
  facet normal 0 0 1
    outer loop
      vertex 98.2 0 3
      vertex 92.061 -1.92127 3
      vertex 92.325 -2.05144 3
    endloop
  endfacet
  facet normal 0 0 1
    outer loop
      vertex 98.2 0 3
      vertex 91.7823 -1.82667 3
      vertex 92.061 -1.92127 3
    endloop
  endfacet
  facet normal 0 0 1
    outer loop
      vertex 98.2 0 3
      vertex 91.4937 -1.76925 3
      vertex 91.7823 -1.82667 3
    endloop
  endfacet
  facet normal 0 0 1
    outer loop
      vertex 98.2 0 3
      vertex 91.2 -1.75 3
      vertex 91.4937 -1.76925 3
    endloop
  endfacet
  facet normal -0 0 1
    outer loop
      vertex 84.2 0 3
      vertex 91.2 -1.75 3
      vertex 98.2 0 3
    endloop
  endfacet
  facet normal 0 0 1
    outer loop
      vertex 91.2 -1.75 3
      vertex 84.2 0 3
      vertex 90.9063 -1.76925 3
    endloop
  endfacet
  facet normal 0 0 1
    outer loop
      vertex 88.9692 -3.70632 3
      vertex 84.2 0 3
      vertex 88.95 -4 3
    endloop
  endfacet
  facet normal 0 0 1
    outer loop
      vertex 89.0267 -3.41766 3
      vertex 84.2 0 3
      vertex 88.9692 -3.70632 3
    endloop
  endfacet
  facet normal 0 0 1
    outer loop
      vertex 89.1213 -3.13896 3
      vertex 84.2 0 3
      vertex 89.0267 -3.41766 3
    endloop
  endfacet
  facet normal 0 0 1
    outer loop
      vertex 89.2514 -2.875 3
      vertex 84.2 0 3
      vertex 89.1213 -3.13896 3
    endloop
  endfacet
  facet normal 0 0 1
    outer loop
      vertex 89.415 -2.63029 3
      vertex 84.2 0 3
      vertex 89.2514 -2.875 3
    endloop
  endfacet
  facet normal 0 0 1
    outer loop
      vertex 89.609 -2.40901 3
      vertex 84.2 0 3
      vertex 89.415 -2.63029 3
    endloop
  endfacet
  facet normal 0 0 1
    outer loop
      vertex 89.8303 -2.21496 3
      vertex 84.2 0 3
      vertex 89.609 -2.40901 3
    endloop
  endfacet
  facet normal 0 0 1
    outer loop
      vertex 90.075 -2.05144 3
      vertex 84.2 0 3
      vertex 89.8303 -2.21496 3
    endloop
  endfacet
  facet normal 0 0 1
    outer loop
      vertex 90.339 -1.92127 3
      vertex 84.2 0 3
      vertex 90.075 -2.05144 3
    endloop
  endfacet
  facet normal 0 0 1
    outer loop
      vertex 90.6177 -1.82667 3
      vertex 84.2 0 3
      vertex 90.339 -1.92127 3
    endloop
  endfacet
  facet normal 0 0 1
    outer loop
      vertex 90.9063 -1.76925 3
      vertex 84.2 0 3
      vertex 90.6177 -1.82667 3
    endloop
  endfacet
  facet normal -0 0 1
    outer loop
      vertex 93.4307 -4.29368 3
      vertex 98.2 -8 3
      vertex 93.45 -4 3
    endloop
  endfacet
  facet normal -0 0 1
    outer loop
      vertex 93.3733 -4.58234 3
      vertex 98.2 -8 3
      vertex 93.4307 -4.29368 3
    endloop
  endfacet
  facet normal -0 0 1
    outer loop
      vertex 93.2787 -4.86104 3
      vertex 98.2 -8 3
      vertex 93.3733 -4.58234 3
    endloop
  endfacet
  facet normal -0 0 1
    outer loop
      vertex 93.1486 -5.125 3
      vertex 98.2 -8 3
      vertex 93.2787 -4.86104 3
    endloop
  endfacet
  facet normal -0 0 1
    outer loop
      vertex 92.985 -5.36971 3
      vertex 98.2 -8 3
      vertex 93.1486 -5.125 3
    endloop
  endfacet
  facet normal -0 0 1
    outer loop
      vertex 92.791 -5.59099 3
      vertex 98.2 -8 3
      vertex 92.985 -5.36971 3
    endloop
  endfacet
  facet normal -0 0 1
    outer loop
      vertex 92.5697 -5.78505 3
      vertex 98.2 -8 3
      vertex 92.791 -5.59099 3
    endloop
  endfacet
  facet normal -0 0 1
    outer loop
      vertex 92.325 -5.94856 3
      vertex 98.2 -8 3
      vertex 92.5697 -5.78505 3
    endloop
  endfacet
  facet normal -0 0 1
    outer loop
      vertex 92.061 -6.07873 3
      vertex 98.2 -8 3
      vertex 92.325 -5.94856 3
    endloop
  endfacet
  facet normal -0 0 1
    outer loop
      vertex 91.7823 -6.17333 3
      vertex 98.2 -8 3
      vertex 92.061 -6.07873 3
    endloop
  endfacet
  facet normal -0 0 1
    outer loop
      vertex 91.4937 -6.23075 3
      vertex 98.2 -8 3
      vertex 91.7823 -6.17333 3
    endloop
  endfacet
  facet normal -0 0 1
    outer loop
      vertex 91.2 -6.25 3
      vertex 98.2 -8 3
      vertex 91.4937 -6.23075 3
    endloop
  endfacet
  facet normal 0 0 1
    outer loop
      vertex 84.2 -8 3
      vertex 91.2 -6.25 3
      vertex 90.9063 -6.23075 3
    endloop
  endfacet
  facet normal 0 0 1
    outer loop
      vertex 84.2 -8 3
      vertex 90.9063 -6.23075 3
      vertex 90.6177 -6.17333 3
    endloop
  endfacet
  facet normal 0 0 1
    outer loop
      vertex 84.2 -8 3
      vertex 88.95 -4 3
      vertex 84.2 0 3
    endloop
  endfacet
  facet normal 0 0 1
    outer loop
      vertex 88.95 -4 3
      vertex 84.2 -8 3
      vertex 88.9692 -4.29368 3
    endloop
  endfacet
  facet normal 0 0 1
    outer loop
      vertex 88.9692 -4.29368 3
      vertex 84.2 -8 3
      vertex 89.0267 -4.58234 3
    endloop
  endfacet
  facet normal 0 0 1
    outer loop
      vertex 89.0267 -4.58234 3
      vertex 84.2 -8 3
      vertex 89.1213 -4.86104 3
    endloop
  endfacet
  facet normal 0 0 1
    outer loop
      vertex 89.1213 -4.86104 3
      vertex 84.2 -8 3
      vertex 89.2514 -5.125 3
    endloop
  endfacet
  facet normal 0 0 1
    outer loop
      vertex 89.2514 -5.125 3
      vertex 84.2 -8 3
      vertex 89.415 -5.36971 3
    endloop
  endfacet
  facet normal 0 0 1
    outer loop
      vertex 91.2 -6.25 3
      vertex 84.2 -8 3
      vertex 98.2 -8 3
    endloop
  endfacet
  facet normal 0 0 1
    outer loop
      vertex 90.339 -6.07873 3
      vertex 84.2 -8 3
      vertex 90.6177 -6.17333 3
    endloop
  endfacet
  facet normal 0 0 1
    outer loop
      vertex 90.075 -5.94856 3
      vertex 84.2 -8 3
      vertex 90.339 -6.07873 3
    endloop
  endfacet
  facet normal 0 0 1
    outer loop
      vertex 89.8303 -5.78505 3
      vertex 84.2 -8 3
      vertex 90.075 -5.94856 3
    endloop
  endfacet
  facet normal 0 0 1
    outer loop
      vertex 89.609 -5.59099 3
      vertex 84.2 -8 3
      vertex 89.8303 -5.78505 3
    endloop
  endfacet
  facet normal 0 0 1
    outer loop
      vertex 89.415 -5.36971 3
      vertex 84.2 -8 3
      vertex 89.609 -5.59099 3
    endloop
  endfacet
  facet normal 0 -1 0
    outer loop
      vertex 84.2 -8 0
      vertex 98.2 -8 3
      vertex 84.2 -8 3
    endloop
  endfacet
  facet normal 0 -1 -0
    outer loop
      vertex 98.2 -8 3
      vertex 84.2 -8 0
      vertex 98.2 -8 0
    endloop
  endfacet
  facet normal 1 -0 0
    outer loop
      vertex 98.2 -8 3
      vertex 98.2 0 0
      vertex 98.2 0 3
    endloop
  endfacet
  facet normal 1 0 0
    outer loop
      vertex 98.2 0 0
      vertex 98.2 -8 3
      vertex 98.2 -8 0
    endloop
  endfacet
  facet normal -0.980797 -0.195031 0
    outer loop
      vertex 93.4307 -3.70632 0
      vertex 93.3733 -3.41766 3
      vertex 93.3733 -3.41766 0
    endloop
  endfacet
  facet normal -0.980797 -0.195031 0
    outer loop
      vertex 93.3733 -3.41766 3
      vertex 93.4307 -3.70632 0
      vertex 93.4307 -3.70632 3
    endloop
  endfacet
  facet normal -0.997848 -0.0655763 0
    outer loop
      vertex 93.45 -4 0
      vertex 93.4307 -3.70632 3
      vertex 93.4307 -3.70632 0
    endloop
  endfacet
  facet normal -0.997848 -0.0655763 0
    outer loop
      vertex 93.4307 -3.70632 3
      vertex 93.45 -4 0
      vertex 93.45 -4 3
    endloop
  endfacet
  facet normal -0.946936 -0.321421 0
    outer loop
      vertex 93.3733 -3.41766 0
      vertex 93.2787 -3.13896 3
      vertex 93.2787 -3.13896 0
    endloop
  endfacet
  facet normal -0.946936 -0.321421 0
    outer loop
      vertex 93.2787 -3.13896 3
      vertex 93.3733 -3.41766 0
      vertex 93.3733 -3.41766 3
    endloop
  endfacet
  facet normal 0.555609 -0.831443 0
    outer loop
      vertex 89.8303 -2.21496 0
      vertex 90.075 -2.05144 3
      vertex 89.8303 -2.21496 3
    endloop
  endfacet
  facet normal 0.555609 -0.831443 0
    outer loop
      vertex 90.075 -2.05144 3
      vertex 89.8303 -2.21496 0
      vertex 90.075 -2.05144 0
    endloop
  endfacet
  facet normal 0.321421 -0.946936 0
    outer loop
      vertex 90.339 -1.92127 0
      vertex 90.6177 -1.82667 3
      vertex 90.339 -1.92127 3
    endloop
  endfacet
  facet normal 0.321421 -0.946936 0
    outer loop
      vertex 90.6177 -1.82667 3
      vertex 90.339 -1.92127 0
      vertex 90.6177 -1.82667 0
    endloop
  endfacet
  facet normal -0.659317 0.751865 0
    outer loop
      vertex 92.791 -5.59099 0
      vertex 92.5697 -5.78505 3
      vertex 92.791 -5.59099 3
    endloop
  endfacet
  facet normal -0.659317 0.751865 0
    outer loop
      vertex 92.5697 -5.78505 3
      vertex 92.791 -5.59099 0
      vertex 92.5697 -5.78505 0
    endloop
  endfacet
  facet normal 0.321421 0.946936 -0
    outer loop
      vertex 90.6177 -6.17333 0
      vertex 90.339 -6.07873 3
      vertex 90.6177 -6.17333 3
    endloop
  endfacet
  facet normal 0.321421 0.946936 0
    outer loop
      vertex 90.339 -6.07873 3
      vertex 90.6177 -6.17333 0
      vertex 90.339 -6.07873 0
    endloop
  endfacet
  facet normal -0.896968 -0.442096 0
    outer loop
      vertex 93.2787 -3.13896 0
      vertex 93.1486 -2.875 3
      vertex 93.1486 -2.875 0
    endloop
  endfacet
  facet normal -0.896968 -0.442096 0
    outer loop
      vertex 93.1486 -2.875 3
      vertex 93.2787 -3.13896 0
      vertex 93.2787 -3.13896 3
    endloop
  endfacet
  facet normal -0.442233 -0.8969 0
    outer loop
      vertex 92.061 -1.92127 0
      vertex 92.325 -2.05144 3
      vertex 92.061 -1.92127 3
    endloop
  endfacet
  facet normal -0.442233 -0.8969 -0
    outer loop
      vertex 92.325 -2.05144 3
      vertex 92.061 -1.92127 0
      vertex 92.325 -2.05144 0
    endloop
  endfacet
  facet normal 0.980732 0.195358 0
    outer loop
      vertex 89.0267 -4.58234 3
      vertex 88.9692 -4.29368 0
      vertex 88.9692 -4.29368 3
    endloop
  endfacet
  facet normal 0.980732 0.195358 0
    outer loop
      vertex 88.9692 -4.29368 0
      vertex 89.0267 -4.58234 3
      vertex 89.0267 -4.58234 0
    endloop
  endfacet
  facet normal 0.751936 -0.659236 0
    outer loop
      vertex 89.415 -2.63029 3
      vertex 89.609 -2.40901 0
      vertex 89.609 -2.40901 3
    endloop
  endfacet
  facet normal 0.751936 -0.659236 0
    outer loop
      vertex 89.609 -2.40901 0
      vertex 89.415 -2.63029 3
      vertex 89.415 -2.63029 0
    endloop
  endfacet
  facet normal 0.442233 0.8969 -0
    outer loop
      vertex 90.339 -6.07873 0
      vertex 90.075 -5.94856 3
      vertex 90.339 -6.07873 3
    endloop
  endfacet
  facet normal 0.442233 0.8969 0
    outer loop
      vertex 90.075 -5.94856 3
      vertex 90.339 -6.07873 0
      vertex 90.075 -5.94856 0
    endloop
  endfacet
  facet normal 0.751936 0.659236 0
    outer loop
      vertex 89.609 -5.59099 3
      vertex 89.415 -5.36971 0
      vertex 89.415 -5.36971 3
    endloop
  endfacet
  facet normal 0.751936 0.659236 0
    outer loop
      vertex 89.415 -5.36971 0
      vertex 89.609 -5.59099 3
      vertex 89.609 -5.59099 0
    endloop
  endfacet
  facet normal -0.321421 0.946936 0
    outer loop
      vertex 92.061 -6.07873 0
      vertex 91.7823 -6.17333 3
      vertex 92.061 -6.07873 3
    endloop
  endfacet
  facet normal -0.321421 0.946936 0
    outer loop
      vertex 91.7823 -6.17333 3
      vertex 92.061 -6.07873 0
      vertex 91.7823 -6.17333 0
    endloop
  endfacet
  facet normal -0.980797 0.195031 0
    outer loop
      vertex 93.3733 -4.58234 0
      vertex 93.4307 -4.29368 3
      vertex 93.4307 -4.29368 0
    endloop
  endfacet
  facet normal -0.980797 0.195031 0
    outer loop
      vertex 93.4307 -4.29368 3
      vertex 93.3733 -4.58234 0
      vertex 93.3733 -4.58234 3
    endloop
  endfacet
  facet normal 0.831328 0.555782 0
    outer loop
      vertex 89.415 -5.36971 3
      vertex 89.2514 -5.125 0
      vertex 89.2514 -5.125 3
    endloop
  endfacet
  facet normal 0.831328 0.555782 0
    outer loop
      vertex 89.2514 -5.125 0
      vertex 89.415 -5.36971 3
      vertex 89.415 -5.36971 0
    endloop
  endfacet
  facet normal 0.0654027 -0.997859 0
    outer loop
      vertex 90.9063 -1.76925 0
      vertex 91.2 -1.75 3
      vertex 90.9063 -1.76925 3
    endloop
  endfacet
  facet normal 0.0654027 -0.997859 0
    outer loop
      vertex 91.2 -1.75 3
      vertex 90.9063 -1.76925 0
      vertex 91.2 -1.75 0
    endloop
  endfacet
  facet normal 0.946936 0.321421 0
    outer loop
      vertex 89.1213 -4.86104 3
      vertex 89.0267 -4.58234 0
      vertex 89.0267 -4.58234 3
    endloop
  endfacet
  facet normal 0.946936 0.321421 0
    outer loop
      vertex 89.0267 -4.58234 0
      vertex 89.1213 -4.86104 3
      vertex 89.1213 -4.86104 0
    endloop
  endfacet
  facet normal 0.659317 0.751865 -0
    outer loop
      vertex 89.8303 -5.78505 0
      vertex 89.609 -5.59099 3
      vertex 89.8303 -5.78505 3
    endloop
  endfacet
  facet normal 0.659317 0.751865 0
    outer loop
      vertex 89.609 -5.59099 3
      vertex 89.8303 -5.78505 0
      vertex 89.609 -5.59099 0
    endloop
  endfacet
  facet normal -0.555609 -0.831443 0
    outer loop
      vertex 92.325 -2.05144 0
      vertex 92.5697 -2.21496 3
      vertex 92.325 -2.05144 3
    endloop
  endfacet
  facet normal -0.555609 -0.831443 -0
    outer loop
      vertex 92.5697 -2.21496 3
      vertex 92.325 -2.05144 0
      vertex 92.5697 -2.21496 0
    endloop
  endfacet
  facet normal -0.946936 0.321421 0
    outer loop
      vertex 93.2787 -4.86104 0
      vertex 93.3733 -4.58234 3
      vertex 93.3733 -4.58234 0
    endloop
  endfacet
  facet normal -0.946936 0.321421 0
    outer loop
      vertex 93.3733 -4.58234 3
      vertex 93.2787 -4.86104 0
      vertex 93.2787 -4.86104 3
    endloop
  endfacet
  facet normal -0.442233 0.8969 0
    outer loop
      vertex 92.325 -5.94856 0
      vertex 92.061 -6.07873 3
      vertex 92.325 -5.94856 3
    endloop
  endfacet
  facet normal -0.442233 0.8969 0
    outer loop
      vertex 92.061 -6.07873 3
      vertex 92.325 -5.94856 0
      vertex 92.061 -6.07873 0
    endloop
  endfacet
  facet normal 0.980732 -0.195358 0
    outer loop
      vertex 88.9692 -3.70632 3
      vertex 89.0267 -3.41766 0
      vertex 89.0267 -3.41766 3
    endloop
  endfacet
  facet normal 0.980732 -0.195358 0
    outer loop
      vertex 89.0267 -3.41766 0
      vertex 88.9692 -3.70632 3
      vertex 88.9692 -3.70632 0
    endloop
  endfacet
  facet normal -0.195136 0.980776 0
    outer loop
      vertex 91.7823 -6.17333 0
      vertex 91.4937 -6.23075 3
      vertex 91.7823 -6.17333 3
    endloop
  endfacet
  facet normal -0.195136 0.980776 0
    outer loop
      vertex 91.4937 -6.23075 3
      vertex 91.7823 -6.17333 0
      vertex 91.4937 -6.23075 0
    endloop
  endfacet
  facet normal 0.946936 -0.321421 0
    outer loop
      vertex 89.0267 -3.41766 3
      vertex 89.1213 -3.13896 0
      vertex 89.1213 -3.13896 3
    endloop
  endfacet
  facet normal 0.946936 -0.321421 0
    outer loop
      vertex 89.1213 -3.13896 0
      vertex 89.0267 -3.41766 3
      vertex 89.0267 -3.41766 0
    endloop
  endfacet
  facet normal 0.0654027 0.997859 -0
    outer loop
      vertex 91.2 -6.25 0
      vertex 90.9063 -6.23075 3
      vertex 91.2 -6.25 3
    endloop
  endfacet
  facet normal 0.0654027 0.997859 0
    outer loop
      vertex 90.9063 -6.23075 3
      vertex 91.2 -6.25 0
      vertex 90.9063 -6.23075 0
    endloop
  endfacet
  facet normal -0.831328 -0.555782 0
    outer loop
      vertex 93.1486 -2.875 0
      vertex 92.985 -2.63029 3
      vertex 92.985 -2.63029 0
    endloop
  endfacet
  facet normal -0.831328 -0.555782 0
    outer loop
      vertex 92.985 -2.63029 3
      vertex 93.1486 -2.875 0
      vertex 93.1486 -2.875 3
    endloop
  endfacet
  facet normal -0.321421 -0.946936 0
    outer loop
      vertex 91.7823 -1.82667 0
      vertex 92.061 -1.92127 3
      vertex 91.7823 -1.82667 3
    endloop
  endfacet
  facet normal -0.321421 -0.946936 -0
    outer loop
      vertex 92.061 -1.92127 3
      vertex 91.7823 -1.82667 0
      vertex 92.061 -1.92127 0
    endloop
  endfacet
  facet normal 0.195136 -0.980776 0
    outer loop
      vertex 90.6177 -1.82667 0
      vertex 90.9063 -1.76925 3
      vertex 90.6177 -1.82667 3
    endloop
  endfacet
  facet normal 0.195136 -0.980776 0
    outer loop
      vertex 90.9063 -1.76925 3
      vertex 90.6177 -1.82667 0
      vertex 90.9063 -1.76925 0
    endloop
  endfacet
  facet normal -0.751936 -0.659236 0
    outer loop
      vertex 92.985 -2.63029 0
      vertex 92.791 -2.40901 3
      vertex 92.791 -2.40901 0
    endloop
  endfacet
  facet normal -0.751936 -0.659236 0
    outer loop
      vertex 92.791 -2.40901 3
      vertex 92.985 -2.63029 0
      vertex 92.985 -2.63029 3
    endloop
  endfacet
  facet normal -0.997848 0.0655763 0
    outer loop
      vertex 93.4307 -4.29368 0
      vertex 93.45 -4 3
      vertex 93.45 -4 0
    endloop
  endfacet
  facet normal -0.997848 0.0655763 0
    outer loop
      vertex 93.45 -4 3
      vertex 93.4307 -4.29368 0
      vertex 93.4307 -4.29368 3
    endloop
  endfacet
  facet normal -0.659298 -0.751882 0
    outer loop
      vertex 92.5697 -2.21496 0
      vertex 92.791 -2.40901 3
      vertex 92.5697 -2.21496 3
    endloop
  endfacet
  facet normal -0.659298 -0.751882 -0
    outer loop
      vertex 92.791 -2.40901 3
      vertex 92.5697 -2.21496 0
      vertex 92.791 -2.40901 0
    endloop
  endfacet
  facet normal -0.896968 0.442096 0
    outer loop
      vertex 93.1486 -5.125 0
      vertex 93.2787 -4.86104 3
      vertex 93.2787 -4.86104 0
    endloop
  endfacet
  facet normal -0.896968 0.442096 0
    outer loop
      vertex 93.2787 -4.86104 3
      vertex 93.1486 -5.125 0
      vertex 93.1486 -5.125 3
    endloop
  endfacet
  facet normal -0.555586 0.831459 0
    outer loop
      vertex 92.5697 -5.78505 0
      vertex 92.325 -5.94856 3
      vertex 92.5697 -5.78505 3
    endloop
  endfacet
  facet normal -0.555586 0.831459 0
    outer loop
      vertex 92.325 -5.94856 3
      vertex 92.5697 -5.78505 0
      vertex 92.325 -5.94856 0
    endloop
  endfacet
  facet normal 0.555586 0.831459 -0
    outer loop
      vertex 90.075 -5.94856 0
      vertex 89.8303 -5.78505 3
      vertex 90.075 -5.94856 3
    endloop
  endfacet
  facet normal 0.555586 0.831459 0
    outer loop
      vertex 89.8303 -5.78505 3
      vertex 90.075 -5.94856 0
      vertex 89.8303 -5.78505 0
    endloop
  endfacet
  facet normal 0.442233 -0.8969 0
    outer loop
      vertex 90.075 -2.05144 0
      vertex 90.339 -1.92127 3
      vertex 90.075 -2.05144 3
    endloop
  endfacet
  facet normal 0.442233 -0.8969 0
    outer loop
      vertex 90.339 -1.92127 3
      vertex 90.075 -2.05144 0
      vertex 90.339 -1.92127 0
    endloop
  endfacet
  facet normal 0.831328 -0.555782 0
    outer loop
      vertex 89.2514 -2.875 3
      vertex 89.415 -2.63029 0
      vertex 89.415 -2.63029 3
    endloop
  endfacet
  facet normal 0.831328 -0.555782 0
    outer loop
      vertex 89.415 -2.63029 0
      vertex 89.2514 -2.875 3
      vertex 89.2514 -2.875 0
    endloop
  endfacet
  facet normal 0.896968 -0.442096 0
    outer loop
      vertex 89.1213 -3.13896 3
      vertex 89.2514 -2.875 0
      vertex 89.2514 -2.875 3
    endloop
  endfacet
  facet normal 0.896968 -0.442096 0
    outer loop
      vertex 89.2514 -2.875 0
      vertex 89.1213 -3.13896 3
      vertex 89.1213 -3.13896 0
    endloop
  endfacet
  facet normal 0.896968 0.442096 0
    outer loop
      vertex 89.2514 -5.125 3
      vertex 89.1213 -4.86104 0
      vertex 89.1213 -4.86104 3
    endloop
  endfacet
  facet normal 0.896968 0.442096 0
    outer loop
      vertex 89.1213 -4.86104 0
      vertex 89.2514 -5.125 3
      vertex 89.2514 -5.125 0
    endloop
  endfacet
  facet normal -0.751936 0.659236 0
    outer loop
      vertex 92.791 -5.59099 0
      vertex 92.985 -5.36971 3
      vertex 92.985 -5.36971 0
    endloop
  endfacet
  facet normal -0.751936 0.659236 0
    outer loop
      vertex 92.985 -5.36971 3
      vertex 92.791 -5.59099 0
      vertex 92.791 -5.59099 3
    endloop
  endfacet
  facet normal -0.0654027 0.997859 0
    outer loop
      vertex 91.4937 -6.23075 0
      vertex 91.2 -6.25 3
      vertex 91.4937 -6.23075 3
    endloop
  endfacet
  facet normal -0.0654027 0.997859 0
    outer loop
      vertex 91.2 -6.25 3
      vertex 91.4937 -6.23075 0
      vertex 91.2 -6.25 0
    endloop
  endfacet
  facet normal 0.195136 0.980776 -0
    outer loop
      vertex 90.9063 -6.23075 0
      vertex 90.6177 -6.17333 3
      vertex 90.9063 -6.23075 3
    endloop
  endfacet
  facet normal 0.195136 0.980776 0
    outer loop
      vertex 90.6177 -6.17333 3
      vertex 90.9063 -6.23075 0
      vertex 90.6177 -6.17333 0
    endloop
  endfacet
  facet normal -0.831328 0.555782 0
    outer loop
      vertex 92.985 -5.36971 0
      vertex 93.1486 -5.125 3
      vertex 93.1486 -5.125 0
    endloop
  endfacet
  facet normal -0.831328 0.555782 0
    outer loop
      vertex 93.1486 -5.125 3
      vertex 92.985 -5.36971 0
      vertex 92.985 -5.36971 3
    endloop
  endfacet
  facet normal -0.0654027 -0.997859 0
    outer loop
      vertex 91.2 -1.75 0
      vertex 91.4937 -1.76925 3
      vertex 91.2 -1.75 3
    endloop
  endfacet
  facet normal -0.0654027 -0.997859 -0
    outer loop
      vertex 91.4937 -1.76925 3
      vertex 91.2 -1.75 0
      vertex 91.4937 -1.76925 0
    endloop
  endfacet
  facet normal -0.195136 -0.980776 0
    outer loop
      vertex 91.4937 -1.76925 0
      vertex 91.7823 -1.82667 3
      vertex 91.4937 -1.76925 3
    endloop
  endfacet
  facet normal -0.195136 -0.980776 -0
    outer loop
      vertex 91.7823 -1.82667 3
      vertex 91.4937 -1.76925 0
      vertex 91.7823 -1.82667 0
    endloop
  endfacet
  facet normal 0.99787 0.065238 0
    outer loop
      vertex 88.9692 -4.29368 3
      vertex 88.95 -4 0
      vertex 88.95 -4 3
    endloop
  endfacet
  facet normal 0.99787 0.065238 0
    outer loop
      vertex 88.95 -4 0
      vertex 88.9692 -4.29368 3
      vertex 88.9692 -4.29368 0
    endloop
  endfacet
  facet normal 0.99787 -0.065238 0
    outer loop
      vertex 88.95 -4 3
      vertex 88.9692 -3.70632 0
      vertex 88.9692 -3.70632 3
    endloop
  endfacet
  facet normal 0.99787 -0.065238 0
    outer loop
      vertex 88.9692 -3.70632 0
      vertex 88.95 -4 3
      vertex 88.95 -4 0
    endloop
  endfacet
  facet normal 0.659298 -0.751882 0
    outer loop
      vertex 89.609 -2.40901 0
      vertex 89.8303 -2.21496 3
      vertex 89.609 -2.40901 3
    endloop
  endfacet
  facet normal 0.659298 -0.751882 0
    outer loop
      vertex 89.8303 -2.21496 3
      vertex 89.609 -2.40901 0
      vertex 89.8303 -2.21496 0
    endloop
  endfacet
  facet normal -1 0 0
    outer loop
      vertex 84.2 68 0
      vertex 84.2 76 3
      vertex 84.2 76 0
    endloop
  endfacet
  facet normal -1 -0 0
    outer loop
      vertex 84.2 76 3
      vertex 84.2 68 0
      vertex 84.2 68 3
    endloop
  endfacet
  facet normal 0 0 1
    outer loop
      vertex 98.2 76 3
      vertex 93.45 72 3
      vertex 98.2 68 3
    endloop
  endfacet
  facet normal 0 0 1
    outer loop
      vertex 98.2 76 3
      vertex 93.4307 72.2937 3
      vertex 93.45 72 3
    endloop
  endfacet
  facet normal 0 0 1
    outer loop
      vertex 98.2 76 3
      vertex 93.3733 72.5823 3
      vertex 93.4307 72.2937 3
    endloop
  endfacet
  facet normal 0 0 1
    outer loop
      vertex 98.2 76 3
      vertex 93.2787 72.861 3
      vertex 93.3733 72.5823 3
    endloop
  endfacet
  facet normal 0 0 1
    outer loop
      vertex 98.2 76 3
      vertex 93.1486 73.125 3
      vertex 93.2787 72.861 3
    endloop
  endfacet
  facet normal 0 0 1
    outer loop
      vertex 98.2 76 3
      vertex 92.985 73.3697 3
      vertex 93.1486 73.125 3
    endloop
  endfacet
  facet normal 0 0 1
    outer loop
      vertex 98.2 76 3
      vertex 92.791 73.591 3
      vertex 92.985 73.3697 3
    endloop
  endfacet
  facet normal 0 0 1
    outer loop
      vertex 98.2 76 3
      vertex 92.5697 73.785 3
      vertex 92.791 73.591 3
    endloop
  endfacet
  facet normal 0 0 1
    outer loop
      vertex 98.2 76 3
      vertex 92.325 73.9486 3
      vertex 92.5697 73.785 3
    endloop
  endfacet
  facet normal 0 0 1
    outer loop
      vertex 98.2 76 3
      vertex 92.061 74.0787 3
      vertex 92.325 73.9486 3
    endloop
  endfacet
  facet normal 0 0 1
    outer loop
      vertex 98.2 76 3
      vertex 91.7823 74.1733 3
      vertex 92.061 74.0787 3
    endloop
  endfacet
  facet normal 0 0 1
    outer loop
      vertex 98.2 76 3
      vertex 91.4937 74.2308 3
      vertex 91.7823 74.1733 3
    endloop
  endfacet
  facet normal 0 0 1
    outer loop
      vertex 98.2 76 3
      vertex 91.2 74.25 3
      vertex 91.4937 74.2308 3
    endloop
  endfacet
  facet normal -0 0 1
    outer loop
      vertex 84.2 76 3
      vertex 91.2 74.25 3
      vertex 98.2 76 3
    endloop
  endfacet
  facet normal 0 0 1
    outer loop
      vertex 91.2 74.25 3
      vertex 84.2 76 3
      vertex 90.9063 74.2308 3
    endloop
  endfacet
  facet normal 0 0 1
    outer loop
      vertex 88.9692 72.2937 3
      vertex 84.2 76 3
      vertex 88.95 72 3
    endloop
  endfacet
  facet normal 0 0 1
    outer loop
      vertex 89.0267 72.5823 3
      vertex 84.2 76 3
      vertex 88.9692 72.2937 3
    endloop
  endfacet
  facet normal 0 0 1
    outer loop
      vertex 89.1213 72.861 3
      vertex 84.2 76 3
      vertex 89.0267 72.5823 3
    endloop
  endfacet
  facet normal 0 0 1
    outer loop
      vertex 89.2514 73.125 3
      vertex 84.2 76 3
      vertex 89.1213 72.861 3
    endloop
  endfacet
  facet normal 0 0 1
    outer loop
      vertex 89.415 73.3697 3
      vertex 84.2 76 3
      vertex 89.2514 73.125 3
    endloop
  endfacet
  facet normal 0 0 1
    outer loop
      vertex 89.609 73.591 3
      vertex 84.2 76 3
      vertex 89.415 73.3697 3
    endloop
  endfacet
  facet normal 0 0 1
    outer loop
      vertex 89.8303 73.785 3
      vertex 84.2 76 3
      vertex 89.609 73.591 3
    endloop
  endfacet
  facet normal 0 0 1
    outer loop
      vertex 90.075 73.9486 3
      vertex 84.2 76 3
      vertex 89.8303 73.785 3
    endloop
  endfacet
  facet normal 0 0 1
    outer loop
      vertex 90.339 74.0787 3
      vertex 84.2 76 3
      vertex 90.075 73.9486 3
    endloop
  endfacet
  facet normal 0 0 1
    outer loop
      vertex 90.6177 74.1733 3
      vertex 84.2 76 3
      vertex 90.339 74.0787 3
    endloop
  endfacet
  facet normal 0 0 1
    outer loop
      vertex 90.9063 74.2308 3
      vertex 84.2 76 3
      vertex 90.6177 74.1733 3
    endloop
  endfacet
  facet normal -0 0 1
    outer loop
      vertex 93.4307 71.7063 3
      vertex 98.2 68 3
      vertex 93.45 72 3
    endloop
  endfacet
  facet normal -0 0 1
    outer loop
      vertex 93.3733 71.4177 3
      vertex 98.2 68 3
      vertex 93.4307 71.7063 3
    endloop
  endfacet
  facet normal -0 0 1
    outer loop
      vertex 93.2787 71.139 3
      vertex 98.2 68 3
      vertex 93.3733 71.4177 3
    endloop
  endfacet
  facet normal -0 0 1
    outer loop
      vertex 93.1486 70.875 3
      vertex 98.2 68 3
      vertex 93.2787 71.139 3
    endloop
  endfacet
  facet normal -0 0 1
    outer loop
      vertex 92.985 70.6303 3
      vertex 98.2 68 3
      vertex 93.1486 70.875 3
    endloop
  endfacet
  facet normal -0 0 1
    outer loop
      vertex 92.791 70.409 3
      vertex 98.2 68 3
      vertex 92.985 70.6303 3
    endloop
  endfacet
  facet normal -0 0 1
    outer loop
      vertex 92.5697 70.215 3
      vertex 98.2 68 3
      vertex 92.791 70.409 3
    endloop
  endfacet
  facet normal -0 0 1
    outer loop
      vertex 92.325 70.0514 3
      vertex 98.2 68 3
      vertex 92.5697 70.215 3
    endloop
  endfacet
  facet normal -0 0 1
    outer loop
      vertex 92.061 69.9213 3
      vertex 98.2 68 3
      vertex 92.325 70.0514 3
    endloop
  endfacet
  facet normal -0 0 1
    outer loop
      vertex 91.7823 69.8267 3
      vertex 98.2 68 3
      vertex 92.061 69.9213 3
    endloop
  endfacet
  facet normal -0 0 1
    outer loop
      vertex 91.4937 69.7692 3
      vertex 98.2 68 3
      vertex 91.7823 69.8267 3
    endloop
  endfacet
  facet normal -0 0 1
    outer loop
      vertex 91.2 69.75 3
      vertex 98.2 68 3
      vertex 91.4937 69.7692 3
    endloop
  endfacet
  facet normal 0 0 1
    outer loop
      vertex 84.2 68 3
      vertex 91.2 69.75 3
      vertex 90.9063 69.7692 3
    endloop
  endfacet
  facet normal 0 0 1
    outer loop
      vertex 84.2 68 3
      vertex 90.9063 69.7692 3
      vertex 90.6177 69.8267 3
    endloop
  endfacet
  facet normal 0 0 1
    outer loop
      vertex 84.2 68 3
      vertex 88.95 72 3
      vertex 84.2 76 3
    endloop
  endfacet
  facet normal 0 0 1
    outer loop
      vertex 88.95 72 3
      vertex 84.2 68 3
      vertex 88.9692 71.7063 3
    endloop
  endfacet
  facet normal 0 0 1
    outer loop
      vertex 88.9692 71.7063 3
      vertex 84.2 68 3
      vertex 89.0267 71.4177 3
    endloop
  endfacet
  facet normal 0 0 1
    outer loop
      vertex 89.0267 71.4177 3
      vertex 84.2 68 3
      vertex 89.1213 71.139 3
    endloop
  endfacet
  facet normal 0 0 1
    outer loop
      vertex 89.1213 71.139 3
      vertex 84.2 68 3
      vertex 89.2514 70.875 3
    endloop
  endfacet
  facet normal 0 0 1
    outer loop
      vertex 89.2514 70.875 3
      vertex 84.2 68 3
      vertex 89.415 70.6303 3
    endloop
  endfacet
  facet normal 0 0 1
    outer loop
      vertex 91.2 69.75 3
      vertex 84.2 68 3
      vertex 98.2 68 3
    endloop
  endfacet
  facet normal 0 0 1
    outer loop
      vertex 90.339 69.9213 3
      vertex 84.2 68 3
      vertex 90.6177 69.8267 3
    endloop
  endfacet
  facet normal 0 0 1
    outer loop
      vertex 90.075 70.0514 3
      vertex 84.2 68 3
      vertex 90.339 69.9213 3
    endloop
  endfacet
  facet normal 0 0 1
    outer loop
      vertex 89.8303 70.215 3
      vertex 84.2 68 3
      vertex 90.075 70.0514 3
    endloop
  endfacet
  facet normal 0 0 1
    outer loop
      vertex 89.609 70.409 3
      vertex 84.2 68 3
      vertex 89.8303 70.215 3
    endloop
  endfacet
  facet normal 0 0 1
    outer loop
      vertex 89.415 70.6303 3
      vertex 84.2 68 3
      vertex 89.609 70.409 3
    endloop
  endfacet
  facet normal 0 1 -0
    outer loop
      vertex 98.2 76 0
      vertex 84.2 76 3
      vertex 98.2 76 3
    endloop
  endfacet
  facet normal 0 1 0
    outer loop
      vertex 84.2 76 3
      vertex 98.2 76 0
      vertex 84.2 76 0
    endloop
  endfacet
  facet normal 1 -0 0
    outer loop
      vertex 98.2 68 3
      vertex 98.2 76 0
      vertex 98.2 76 3
    endloop
  endfacet
  facet normal 1 0 0
    outer loop
      vertex 98.2 76 0
      vertex 98.2 68 3
      vertex 98.2 68 0
    endloop
  endfacet
  facet normal -0.980789 -0.19507 0
    outer loop
      vertex 93.4307 72.2937 0
      vertex 93.3733 72.5823 3
      vertex 93.3733 72.5823 0
    endloop
  endfacet
  facet normal -0.980789 -0.19507 0
    outer loop
      vertex 93.3733 72.5823 3
      vertex 93.4307 72.2937 0
      vertex 93.4307 72.2937 3
    endloop
  endfacet
  facet normal -0.997848 -0.0655719 0
    outer loop
      vertex 93.45 72 0
      vertex 93.4307 72.2937 3
      vertex 93.4307 72.2937 0
    endloop
  endfacet
  facet normal -0.997848 -0.0655719 0
    outer loop
      vertex 93.4307 72.2937 3
      vertex 93.45 72 0
      vertex 93.45 72 3
    endloop
  endfacet
  facet normal -0.946936 -0.321421 0
    outer loop
      vertex 93.3733 72.5823 0
      vertex 93.2787 72.861 3
      vertex 93.2787 72.861 0
    endloop
  endfacet
  facet normal -0.946936 -0.321421 0
    outer loop
      vertex 93.2787 72.861 3
      vertex 93.3733 72.5823 0
      vertex 93.3733 72.5823 3
    endloop
  endfacet
  facet normal 0.555797 -0.831318 0
    outer loop
      vertex 89.8303 73.785 0
      vertex 90.075 73.9486 3
      vertex 89.8303 73.785 3
    endloop
  endfacet
  facet normal 0.555797 -0.831318 0
    outer loop
      vertex 90.075 73.9486 3
      vertex 89.8303 73.785 0
      vertex 90.075 73.9486 0
    endloop
  endfacet
  facet normal 0.321421 -0.946936 0
    outer loop
      vertex 90.339 74.0787 0
      vertex 90.6177 74.1733 3
      vertex 90.339 74.0787 3
    endloop
  endfacet
  facet normal 0.321421 -0.946936 0
    outer loop
      vertex 90.6177 74.1733 3
      vertex 90.339 74.0787 0
      vertex 90.6177 74.1733 0
    endloop
  endfacet
  facet normal -0.659202 0.751966 0
    outer loop
      vertex 92.791 70.409 0
      vertex 92.5697 70.215 3
      vertex 92.791 70.409 3
    endloop
  endfacet
  facet normal -0.659202 0.751966 0
    outer loop
      vertex 92.5697 70.215 3
      vertex 92.791 70.409 0
      vertex 92.5697 70.215 0
    endloop
  endfacet
  facet normal 0.321421 0.946936 -0
    outer loop
      vertex 90.6177 69.8267 0
      vertex 90.339 69.9213 3
      vertex 90.6177 69.8267 3
    endloop
  endfacet
  facet normal 0.321421 0.946936 0
    outer loop
      vertex 90.339 69.9213 3
      vertex 90.6177 69.8267 0
      vertex 90.339 69.9213 0
    endloop
  endfacet
  facet normal -0.896995 -0.442042 0
    outer loop
      vertex 93.2787 72.861 0
      vertex 93.1486 73.125 3
      vertex 93.1486 73.125 0
    endloop
  endfacet
  facet normal -0.896995 -0.442042 0
    outer loop
      vertex 93.1486 73.125 3
      vertex 93.2787 72.861 0
      vertex 93.2787 72.861 3
    endloop
  endfacet
  facet normal -0.442042 -0.896995 0
    outer loop
      vertex 92.061 74.0787 0
      vertex 92.325 73.9486 3
      vertex 92.061 74.0787 3
    endloop
  endfacet
  facet normal -0.442042 -0.896995 -0
    outer loop
      vertex 92.325 73.9486 3
      vertex 92.061 74.0787 0
      vertex 92.325 73.9486 0
    endloop
  endfacet
  facet normal 0.980724 0.195397 0
    outer loop
      vertex 89.0267 71.4177 3
      vertex 88.9692 71.7063 0
      vertex 88.9692 71.7063 3
    endloop
  endfacet
  facet normal 0.980724 0.195397 0
    outer loop
      vertex 88.9692 71.7063 0
      vertex 89.0267 71.4177 3
      vertex 89.0267 71.4177 0
    endloop
  endfacet
  facet normal 0.751966 -0.659202 0
    outer loop
      vertex 89.415 73.3697 3
      vertex 89.609 73.591 0
      vertex 89.609 73.591 3
    endloop
  endfacet
  facet normal 0.751966 -0.659202 0
    outer loop
      vertex 89.609 73.591 0
      vertex 89.415 73.3697 3
      vertex 89.415 73.3697 0
    endloop
  endfacet
  facet normal 0.442042 0.896995 -0
    outer loop
      vertex 90.339 69.9213 0
      vertex 90.075 70.0514 3
      vertex 90.339 69.9213 3
    endloop
  endfacet
  facet normal 0.442042 0.896995 0
    outer loop
      vertex 90.075 70.0514 3
      vertex 90.339 69.9213 0
      vertex 90.075 70.0514 0
    endloop
  endfacet
  facet normal 0.751966 0.659202 0
    outer loop
      vertex 89.609 70.409 3
      vertex 89.415 70.6303 0
      vertex 89.415 70.6303 3
    endloop
  endfacet
  facet normal 0.751966 0.659202 0
    outer loop
      vertex 89.415 70.6303 0
      vertex 89.609 70.409 3
      vertex 89.609 70.409 0
    endloop
  endfacet
  facet normal -0.321421 0.946936 0
    outer loop
      vertex 92.061 69.9213 0
      vertex 91.7823 69.8267 3
      vertex 92.061 69.9213 3
    endloop
  endfacet
  facet normal -0.321421 0.946936 0
    outer loop
      vertex 91.7823 69.8267 3
      vertex 92.061 69.9213 0
      vertex 91.7823 69.8267 0
    endloop
  endfacet
  facet normal -0.980789 0.19507 0
    outer loop
      vertex 93.3733 71.4177 0
      vertex 93.4307 71.7063 3
      vertex 93.4307 71.7063 0
    endloop
  endfacet
  facet normal -0.980789 0.19507 0
    outer loop
      vertex 93.4307 71.7063 3
      vertex 93.3733 71.4177 0
      vertex 93.3733 71.4177 3
    endloop
  endfacet
  facet normal 0.831318 0.555797 0
    outer loop
      vertex 89.415 70.6303 3
      vertex 89.2514 70.875 0
      vertex 89.2514 70.875 3
    endloop
  endfacet
  facet normal 0.831318 0.555797 0
    outer loop
      vertex 89.2514 70.875 0
      vertex 89.415 70.6303 3
      vertex 89.415 70.6303 0
    endloop
  endfacet
  facet normal 0.0652336 -0.99787 0
    outer loop
      vertex 90.9063 74.2308 0
      vertex 91.2 74.25 3
      vertex 90.9063 74.2308 3
    endloop
  endfacet
  facet normal 0.0652336 -0.99787 0
    outer loop
      vertex 91.2 74.25 3
      vertex 90.9063 74.2308 0
      vertex 91.2 74.25 0
    endloop
  endfacet
  facet normal 0.946936 0.321421 0
    outer loop
      vertex 89.1213 71.139 3
      vertex 89.0267 71.4177 0
      vertex 89.0267 71.4177 3
    endloop
  endfacet
  facet normal 0.946936 0.321421 0
    outer loop
      vertex 89.0267 71.4177 0
      vertex 89.1213 71.139 3
      vertex 89.1213 71.139 0
    endloop
  endfacet
  facet normal 0.659202 0.751966 -0
    outer loop
      vertex 89.8303 70.215 0
      vertex 89.609 70.409 3
      vertex 89.8303 70.215 3
    endloop
  endfacet
  facet normal 0.659202 0.751966 0
    outer loop
      vertex 89.609 70.409 3
      vertex 89.8303 70.215 0
      vertex 89.609 70.409 0
    endloop
  endfacet
  facet normal -0.555797 -0.831318 0
    outer loop
      vertex 92.325 73.9486 0
      vertex 92.5697 73.785 3
      vertex 92.325 73.9486 3
    endloop
  endfacet
  facet normal -0.555797 -0.831318 -0
    outer loop
      vertex 92.5697 73.785 3
      vertex 92.325 73.9486 0
      vertex 92.5697 73.785 0
    endloop
  endfacet
  facet normal -0.946936 0.321421 0
    outer loop
      vertex 93.2787 71.139 0
      vertex 93.3733 71.4177 3
      vertex 93.3733 71.4177 0
    endloop
  endfacet
  facet normal -0.946936 0.321421 0
    outer loop
      vertex 93.3733 71.4177 3
      vertex 93.2787 71.139 0
      vertex 93.2787 71.139 3
    endloop
  endfacet
  facet normal -0.442042 0.896995 0
    outer loop
      vertex 92.325 70.0514 0
      vertex 92.061 69.9213 3
      vertex 92.325 70.0514 3
    endloop
  endfacet
  facet normal -0.442042 0.896995 0
    outer loop
      vertex 92.061 69.9213 3
      vertex 92.325 70.0514 0
      vertex 92.061 69.9213 0
    endloop
  endfacet
  facet normal 0.980724 -0.195397 0
    outer loop
      vertex 88.9692 72.2937 3
      vertex 89.0267 72.5823 0
      vertex 89.0267 72.5823 3
    endloop
  endfacet
  facet normal 0.980724 -0.195397 0
    outer loop
      vertex 89.0267 72.5823 0
      vertex 88.9692 72.2937 3
      vertex 88.9692 72.2937 0
    endloop
  endfacet
  facet normal -0.195397 0.980724 0
    outer loop
      vertex 91.7823 69.8267 0
      vertex 91.4937 69.7692 3
      vertex 91.7823 69.8267 3
    endloop
  endfacet
  facet normal -0.195397 0.980724 0
    outer loop
      vertex 91.4937 69.7692 3
      vertex 91.7823 69.8267 0
      vertex 91.4937 69.7692 0
    endloop
  endfacet
  facet normal 0.946936 -0.321421 0
    outer loop
      vertex 89.0267 72.5823 3
      vertex 89.1213 72.861 0
      vertex 89.1213 72.861 3
    endloop
  endfacet
  facet normal 0.946936 -0.321421 0
    outer loop
      vertex 89.1213 72.861 0
      vertex 89.0267 72.5823 3
      vertex 89.0267 72.5823 0
    endloop
  endfacet
  facet normal 0.0652336 0.99787 -0
    outer loop
      vertex 91.2 69.75 0
      vertex 90.9063 69.7692 3
      vertex 91.2 69.75 3
    endloop
  endfacet
  facet normal 0.0652336 0.99787 0
    outer loop
      vertex 90.9063 69.7692 3
      vertex 91.2 69.75 0
      vertex 90.9063 69.7692 0
    endloop
  endfacet
  facet normal -0.831318 -0.555797 0
    outer loop
      vertex 93.1486 73.125 0
      vertex 92.985 73.3697 3
      vertex 92.985 73.3697 0
    endloop
  endfacet
  facet normal -0.831318 -0.555797 0
    outer loop
      vertex 92.985 73.3697 3
      vertex 93.1486 73.125 0
      vertex 93.1486 73.125 3
    endloop
  endfacet
  facet normal -0.321421 -0.946936 0
    outer loop
      vertex 91.7823 74.1733 0
      vertex 92.061 74.0787 3
      vertex 91.7823 74.1733 3
    endloop
  endfacet
  facet normal -0.321421 -0.946936 -0
    outer loop
      vertex 92.061 74.0787 3
      vertex 91.7823 74.1733 0
      vertex 92.061 74.0787 0
    endloop
  endfacet
  facet normal 0.195397 -0.980724 0
    outer loop
      vertex 90.6177 74.1733 0
      vertex 90.9063 74.2308 3
      vertex 90.6177 74.1733 3
    endloop
  endfacet
  facet normal 0.195397 -0.980724 0
    outer loop
      vertex 90.9063 74.2308 3
      vertex 90.6177 74.1733 0
      vertex 90.9063 74.2308 0
    endloop
  endfacet
  facet normal -0.751966 -0.659202 0
    outer loop
      vertex 92.985 73.3697 0
      vertex 92.791 73.591 3
      vertex 92.791 73.591 0
    endloop
  endfacet
  facet normal -0.751966 -0.659202 0
    outer loop
      vertex 92.791 73.591 3
      vertex 92.985 73.3697 0
      vertex 92.985 73.3697 3
    endloop
  endfacet
  facet normal -0.997848 0.0655719 0
    outer loop
      vertex 93.4307 71.7063 0
      vertex 93.45 72 3
      vertex 93.45 72 0
    endloop
  endfacet
  facet normal -0.997848 0.0655719 0
    outer loop
      vertex 93.45 72 3
      vertex 93.4307 71.7063 0
      vertex 93.4307 71.7063 3
    endloop
  endfacet
  facet normal -0.659202 -0.751966 0
    outer loop
      vertex 92.5697 73.785 0
      vertex 92.791 73.591 3
      vertex 92.5697 73.785 3
    endloop
  endfacet
  facet normal -0.659202 -0.751966 -0
    outer loop
      vertex 92.791 73.591 3
      vertex 92.5697 73.785 0
      vertex 92.791 73.591 0
    endloop
  endfacet
  facet normal -0.896995 0.442042 0
    outer loop
      vertex 93.1486 70.875 0
      vertex 93.2787 71.139 3
      vertex 93.2787 71.139 0
    endloop
  endfacet
  facet normal -0.896995 0.442042 0
    outer loop
      vertex 93.2787 71.139 3
      vertex 93.1486 70.875 0
      vertex 93.1486 70.875 3
    endloop
  endfacet
  facet normal -0.555797 0.831318 0
    outer loop
      vertex 92.5697 70.215 0
      vertex 92.325 70.0514 3
      vertex 92.5697 70.215 3
    endloop
  endfacet
  facet normal -0.555797 0.831318 0
    outer loop
      vertex 92.325 70.0514 3
      vertex 92.5697 70.215 0
      vertex 92.325 70.0514 0
    endloop
  endfacet
  facet normal 0.555797 0.831318 -0
    outer loop
      vertex 90.075 70.0514 0
      vertex 89.8303 70.215 3
      vertex 90.075 70.0514 3
    endloop
  endfacet
  facet normal 0.555797 0.831318 0
    outer loop
      vertex 89.8303 70.215 3
      vertex 90.075 70.0514 0
      vertex 89.8303 70.215 0
    endloop
  endfacet
  facet normal 0.442042 -0.896995 0
    outer loop
      vertex 90.075 73.9486 0
      vertex 90.339 74.0787 3
      vertex 90.075 73.9486 3
    endloop
  endfacet
  facet normal 0.442042 -0.896995 0
    outer loop
      vertex 90.339 74.0787 3
      vertex 90.075 73.9486 0
      vertex 90.339 74.0787 0
    endloop
  endfacet
  facet normal 0.831318 -0.555797 0
    outer loop
      vertex 89.2514 73.125 3
      vertex 89.415 73.3697 0
      vertex 89.415 73.3697 3
    endloop
  endfacet
  facet normal 0.831318 -0.555797 0
    outer loop
      vertex 89.415 73.3697 0
      vertex 89.2514 73.125 3
      vertex 89.2514 73.125 0
    endloop
  endfacet
  facet normal 0.896995 -0.442042 0
    outer loop
      vertex 89.1213 72.861 3
      vertex 89.2514 73.125 0
      vertex 89.2514 73.125 3
    endloop
  endfacet
  facet normal 0.896995 -0.442042 0
    outer loop
      vertex 89.2514 73.125 0
      vertex 89.1213 72.861 3
      vertex 89.1213 72.861 0
    endloop
  endfacet
  facet normal 0.896995 0.442042 0
    outer loop
      vertex 89.2514 70.875 3
      vertex 89.1213 71.139 0
      vertex 89.1213 71.139 3
    endloop
  endfacet
  facet normal 0.896995 0.442042 0
    outer loop
      vertex 89.1213 71.139 0
      vertex 89.2514 70.875 3
      vertex 89.2514 70.875 0
    endloop
  endfacet
  facet normal -0.751966 0.659202 0
    outer loop
      vertex 92.791 70.409 0
      vertex 92.985 70.6303 3
      vertex 92.985 70.6303 0
    endloop
  endfacet
  facet normal -0.751966 0.659202 0
    outer loop
      vertex 92.985 70.6303 3
      vertex 92.791 70.409 0
      vertex 92.791 70.409 3
    endloop
  endfacet
  facet normal -0.0652336 0.99787 0
    outer loop
      vertex 91.4937 69.7692 0
      vertex 91.2 69.75 3
      vertex 91.4937 69.7692 3
    endloop
  endfacet
  facet normal -0.0652336 0.99787 0
    outer loop
      vertex 91.2 69.75 3
      vertex 91.4937 69.7692 0
      vertex 91.2 69.75 0
    endloop
  endfacet
  facet normal 0.195397 0.980724 -0
    outer loop
      vertex 90.9063 69.7692 0
      vertex 90.6177 69.8267 3
      vertex 90.9063 69.7692 3
    endloop
  endfacet
  facet normal 0.195397 0.980724 0
    outer loop
      vertex 90.6177 69.8267 3
      vertex 90.9063 69.7692 0
      vertex 90.6177 69.8267 0
    endloop
  endfacet
  facet normal -0.831318 0.555797 0
    outer loop
      vertex 92.985 70.6303 0
      vertex 93.1486 70.875 3
      vertex 93.1486 70.875 0
    endloop
  endfacet
  facet normal -0.831318 0.555797 0
    outer loop
      vertex 93.1486 70.875 3
      vertex 92.985 70.6303 0
      vertex 92.985 70.6303 3
    endloop
  endfacet
  facet normal -0.0652336 -0.99787 0
    outer loop
      vertex 91.2 74.25 0
      vertex 91.4937 74.2308 3
      vertex 91.2 74.25 3
    endloop
  endfacet
  facet normal -0.0652336 -0.99787 -0
    outer loop
      vertex 91.4937 74.2308 3
      vertex 91.2 74.25 0
      vertex 91.4937 74.2308 0
    endloop
  endfacet
  facet normal -0.195397 -0.980724 0
    outer loop
      vertex 91.4937 74.2308 0
      vertex 91.7823 74.1733 3
      vertex 91.4937 74.2308 3
    endloop
  endfacet
  facet normal -0.195397 -0.980724 -0
    outer loop
      vertex 91.7823 74.1733 3
      vertex 91.4937 74.2308 0
      vertex 91.7823 74.1733 0
    endloop
  endfacet
  facet normal 0.99787 0.0652336 0
    outer loop
      vertex 88.9692 71.7063 3
      vertex 88.95 72 0
      vertex 88.95 72 3
    endloop
  endfacet
  facet normal 0.99787 0.0652336 0
    outer loop
      vertex 88.95 72 0
      vertex 88.9692 71.7063 3
      vertex 88.9692 71.7063 0
    endloop
  endfacet
  facet normal 0.99787 -0.0652336 0
    outer loop
      vertex 88.95 72 3
      vertex 88.9692 72.2937 0
      vertex 88.9692 72.2937 3
    endloop
  endfacet
  facet normal 0.99787 -0.0652336 0
    outer loop
      vertex 88.9692 72.2937 0
      vertex 88.95 72 3
      vertex 88.95 72 0
    endloop
  endfacet
  facet normal 0.659202 -0.751966 0
    outer loop
      vertex 89.609 73.591 0
      vertex 89.8303 73.785 3
      vertex 89.609 73.591 3
    endloop
  endfacet
  facet normal 0.659202 -0.751966 0
    outer loop
      vertex 89.8303 73.785 3
      vertex 89.609 73.591 0
      vertex 89.8303 73.785 0
    endloop
  endfacet
  facet normal 1 -0 0
    outer loop
      vertex 55.1 2 8
      vertex 55.1 31.8 2
      vertex 55.1 31.8 8
    endloop
  endfacet
  facet normal 1 0 0
    outer loop
      vertex 55.1 31.8 2
      vertex 55.1 2 8
      vertex 55.1 2 2
    endloop
  endfacet
  facet normal 0 0 1
    outer loop
      vertex 53.5 27.8 8
      vertex 55.1 31.8 8
      vertex 53.5 31.8 8
    endloop
  endfacet
  facet normal 0 0 1
    outer loop
      vertex 53.5 22.9 8
      vertex 55.1 31.8 8
      vertex 53.5 27.8 8
    endloop
  endfacet
  facet normal 0 0 1
    outer loop
      vertex 55.1 31.8 8
      vertex 53.5 22.9 8
      vertex 55.1 2 8
    endloop
  endfacet
  facet normal -0 0 1
    outer loop
      vertex 53.5 10.9 8
      vertex 55.1 2 8
      vertex 53.5 22.9 8
    endloop
  endfacet
  facet normal -0 0 1
    outer loop
      vertex 53.5 6 8
      vertex 55.1 2 8
      vertex 53.5 10.9 8
    endloop
  endfacet
  facet normal 0 0 1
    outer loop
      vertex 55.1 2 8
      vertex 53.5 6 8
      vertex 53.5 2 8
    endloop
  endfacet
  facet normal 0 1 -0
    outer loop
      vertex 55.1 31.8 2
      vertex 53.5 31.8 8
      vertex 55.1 31.8 8
    endloop
  endfacet
  facet normal 0 1 0
    outer loop
      vertex 53.5 31.8 8
      vertex 55.1 31.8 2
      vertex 53.5 31.8 2
    endloop
  endfacet
endsolid OpenSCAD_Model
